lemma,count,distinct_hymns,upos_breakdown
_,7036,0,{'_': 7036}
tvad,4619,864,{'PRON': 4619}
mad,4330,873,"{'PRON': 4104, 'VERB': 226}"
tad,3341,856,{'PRON': 3341}
yad,3000,785,{'PRON': 3000}
indra,2576,539,{'NOUN': 2576}
ā,2384,806,{'ADV': 2384}
idam,2181,736,{'PRON': 2181}
su,2097,750,"{'ADV': 1596, 'VERB': 501}"
na,2085,646,{'PART': 2085}
deva,1915,645,"{'NOUN': 1863, 'ADJ': 52}"
agni,1840,409,{'NOUN': 1840}
as,1373,599,{'VERB': 1373}
viśva,1314,622,"{'ADJ': 1307, 'NOUN': 7}"
kṛ,1177,568,{'VERB': 1177}
soma,1137,412,{'NOUN': 1137}
pra,1110,565,{'ADV': 1110}
ca,1084,489,{'CCONJ': 1084}
yat,1038,462,"{'SCONJ': 995, 'VERB': 43}"
vi,1024,526,"{'ADV': 945, 'NOUN': 79}"
iva,1010,468,{'PART': 1010}
div,975,515,{'NOUN': 975}
dhā,968,543,"{'VERB': 934, 'ADJ': 34}"
bhū,854,465,"{'VERB': 825, 'NOUN': 29}"
cit,825,435,"{'VERB': 172, 'PART': 639, 'NOUN': 12, 'ADJ': 2}"
hi,808,479,"{'PART': 660, 'VERB': 148}"
id,796,413,{'PART': 796}
pā,787,437,"{'VERB': 701, 'ADJ': 86}"
abhi,752,441,{'ADV': 752}
uta,742,410,{'CCONJ': 742}
u,688,387,"{'PART': 687, 'VERB': 1}"
vid,684,403,"{'ADJ': 103, 'VERB': 579, 'NOUN': 2}"
sam,627,372,{'ADV': 627}
go,613,358,"{'ADV': 13, 'NOUN': 600}"
pū,606,161,{'VERB': 606}
i,600,374,{'VERB': 600}
yā,574,307,"{'VERB': 554, 'ADJ': 20}"
gam,573,327,"{'VERB': 568, 'NOUN': 5}"
ap,547,332,"{'NOUN': 539, 'ADV': 8}"
ratha,540,307,{'NOUN': 540}
jan,535,318,{'VERB': 535}
vasu,527,338,"{'NOUN': 392, 'ADJ': 135}"
mā,509,251,"{'PART': 411, 'VERB': 98}"
pari,502,313,{'ADV': 502}
upa,492,324,{'ADV': 492}
yajña,490,313,{'NOUN': 490}
ni,481,324,{'ADV': 481}
anu,477,305,"{'ADV': 473, 'NOUN': 4}"
nṛ,473,302,{'NOUN': 473}
vṛṣan,469,243,"{'NOUN': 393, 'ADJ': 76}"
bhṛ,454,305,{'VERB': 454}
han,453,276,"{'ADJ': 103, 'VERB': 350}"
vāja,448,292,{'NOUN': 448}
hvā,442,273,{'VERB': 442}
aśvin,438,133,"{'NOUN': 422, 'ADJ': 16}"
dā,430,271,"{'ADJ': 75, 'VERB': 354, 'NOUN': 1}"
marut,428,169,{'NOUN': 428}
ṛta,416,251,"{'NOUN': 402, 'ADJ': 14}"
a,401,272,{'PART': 401}
varuṇa,397,207,{'NOUN': 397}
sūrya,389,263,{'NOUN': 389}
ka,380,155,{'PRON': 380}
ūti,373,205,{'NOUN': 373}
iṣ,370,262,"{'NOUN': 239, 'VERB': 131}"
mah,370,264,"{'ADJ': 322, 'VERB': 48}"
maghavan,368,223,"{'ADJ': 164, 'NOUN': 204}"
vṛdh,367,260,"{'VERB': 354, 'ADJ': 13}"
av,366,238,{'VERB': 366}
vah,359,227,"{'VERB': 358, 'ADJ': 1}"
śru,355,244,{'VERB': 355}
bṛhat,351,251,{'ADJ': 351}
mitra,343,214,{'NOUN': 343}
uṣas,341,177,{'NOUN': 341}
sthā,339,257,"{'VERB': 330, 'ADJ': 9}"
nu,339,237,"{'PART': 338, 'VERB': 1}"
aśva,339,230,{'NOUN': 339}
vā,337,180,"{'CCONJ': 314, 'VERB': 23}"
jana,336,252,{'NOUN': 336}
etad,336,206,{'PRON': 336}
gir,331,240,"{'NOUN': 330, 'ADJ': 1}"
puru,330,234,{'ADJ': 330}
indu,324,142,{'NOUN': 324}
brahman,323,213,{'NOUN': 323}
yuj,323,233,"{'VERB': 214, 'ADJ': 38, 'NOUN': 71}"
pṛthivī,321,228,{'NOUN': 321}
pitṛ,320,208,{'NOUN': 320}
pati,314,228,{'NOUN': 314}
dhī,311,230,"{'NOUN': 283, 'VERB': 28}"
adhi,311,226,{'ADV': 311}
mada,301,167,{'NOUN': 301}
iha,297,199,{'ADV': 297}
hari,295,172,"{'NOUN': 184, 'ADJ': 111}"
ud,293,193,{'ADV': 293}
hotṛ,292,188,{'NOUN': 292}
sakhi,292,176,"{'NOUN': 291, 'ADV': 1}"
yam,286,218,{'VERB': 286}
rayi,284,207,{'NOUN': 284}
viś,284,210,"{'VERB': 76, 'NOUN': 208}"
madhu,284,188,"{'NOUN': 237, 'ADJ': 47}"
vṛtra,281,181,{'NOUN': 281}
vīra,280,203,{'NOUN': 280}
manas,274,203,{'NOUN': 274}
yathā,273,182,{'PART': 273}
yaj,268,160,"{'VERB': 265, 'ADJ': 3}"
vṛ,267,193,{'VERB': 267}
kratu,259,206,{'NOUN': 259}
rai,259,198,{'NOUN': 259}
kavi,258,173,"{'NOUN': 248, 'ADJ': 10}"
juṣ,258,195,{'VERB': 258}
vipra,257,198,"{'NOUN': 169, 'ADJ': 88}"
mahat,256,180,{'ADJ': 256}
rājan,252,180,{'NOUN': 252}
stu,250,181,{'VERB': 250}
sahasra,249,174,{'NUM': 249}
prati,246,183,{'ADV': 246}
adhvara,243,168,{'NOUN': 243}
anya,243,135,{'PRON': 243}
priya,240,184,"{'ADJ': 239, 'NOUN': 1}"
eka,238,137,{'PRON': 238}
tri,237,149,{'NUM': 237}
sad,236,170,"{'VERB': 223, 'ADJ': 13}"
amṛta,236,177,"{'NOUN': 65, 'ADJ': 171}"
sva,228,169,"{'ADJ': 222, 'NOUN': 6}"
mātṛ,225,174,{'NOUN': 225}
dāś,224,176,{'VERB': 224}
adya,223,161,"{'ADV': 218, 'NOUN': 5}"
gṛ,221,181,{'VERB': 221}
eva,218,166,"{'PART': 171, 'NOUN': 33, 'ADJ': 14}"
stoma,218,171,{'NOUN': 218}
svasti,207,146,{'NOUN': 207}
uru,207,160,"{'ADJ': 200, 'NOUN': 7}"
apa,207,152,{'ADV': 207}
sindhu,207,162,{'NOUN': 207}
avas,207,151,"{'NOUN': 195, 'ADV': 12}"
īṃ,204,145,{'ADV': 204}
tya,204,147,{'PRON': 204}
tanū,204,147,{'NOUN': 204}
mahi,198,156,"{'ADJ': 194, 'NOUN': 4}"
svar,197,150,"{'VERB': 26, 'NOUN': 144, 'ADV': 27}"
aś,196,157,{'VERB': 196}
ugra,196,144,{'ADJ': 196}
śata,196,137,{'NUM': 196}
ojas,194,134,{'NOUN': 194}
adha,194,140,{'ADV': 194}
sṛj,192,146,{'VERB': 192}
śam,190,86,"{'ADV': 40, 'VERB': 29, 'NOUN': 121}"
ati,188,145,{'ADV': 188}
vac,188,158,{'VERB': 188}
martya,187,140,"{'NOUN': 148, 'ADJ': 39}"
satya,186,152,"{'ADJ': 153, 'NOUN': 33}"
śavas,186,129,{'NOUN': 186}
namas,185,144,{'NOUN': 185}
car,185,149,{'VERB': 185}
vṛṣabha,185,133,"{'NOUN': 182, 'ADJ': 3}"
vājin,183,139,"{'NOUN': 103, 'ADJ': 80}"
havis,182,130,{'NOUN': 182}
vrata,182,140,{'NOUN': 182}
savitṛ,182,92,{'NOUN': 182}
ha,182,125,"{'PART': 181, 'NOUN': 1}"
rādhas,181,137,{'NOUN': 181}
bhuvana,181,131,{'NOUN': 181}
citra,178,134,"{'ADJ': 174, 'NOUN': 4}"
acchā,176,146,{'ADV': 176}
sahas,175,132,"{'NOUN': 173, 'ADJ': 2}"
śūra,174,130,"{'ADJ': 13, 'NOUN': 161}"
ghṛta,174,128,{'NOUN': 174}
aditi,174,112,"{'NOUN': 172, 'ADJ': 2}"
barhis,173,134,{'NOUN': 173}
havya,172,129,{'NOUN': 172}
ava,172,129,{'ADV': 172}
vajra,171,109,{'NOUN': 171}
saptan,170,115,{'NUM': 170}
tṛ,168,135,"{'VERB': 167, 'NOUN': 1}"
prathama,168,135,{'ADJ': 168}
vaś,165,120,{'VERB': 165}
sac,163,138,{'VERB': 163}
ji,163,111,{'VERB': 163}
bhadra,162,111,"{'ADJ': 153, 'NOUN': 9}"
vāyu,161,82,{'NOUN': 161}
hava,161,116,{'NOUN': 161}
śravas,159,138,{'NOUN': 159}
gā,157,133,"{'VERB': 150, 'ADJ': 7}"
vīrya,157,132,{'NOUN': 157}
rodas,157,121,{'NOUN': 157}
pṛ,157,123,{'VERB': 157}
jyotis,155,118,{'NOUN': 155}
antar,155,124,{'ADV': 155}
pathin,155,132,{'NOUN': 155}
sakhya,152,102,{'NOUN': 152}
uktha,150,124,{'NOUN': 150}
tva,150,96,"{'NOUN': 123, 'PRON': 27}"
vas,150,103,"{'VERB': 149, 'NOUN': 1}"
samudra,149,115,{'NOUN': 149}
nī,149,123,"{'VERB': 148, 'ADJ': 1}"
vāc,148,106,{'NOUN': 148}
mati,147,114,{'NOUN': 147}
putra,147,120,{'NOUN': 147}
duh,147,113,"{'VERB': 144, 'NOUN': 3}"
dṛś,146,118,"{'VERB': 131, 'NOUN': 15}"
dhārā,146,93,{'NOUN': 146}
rajas,144,117,{'NOUN': 144}
dhana,143,107,{'NOUN': 143}
īḍ,142,110,{'VERB': 142}
śrī,142,119,"{'NOUN': 106, 'VERB': 36}"
marta,142,119,{'NOUN': 142}
pūrva,141,120,"{'PRON': 140, 'NOUN': 1}"
īś,141,119,{'VERB': 141}
śuci,141,101,"{'ADJ': 140, 'NOUN': 1}"
āditya,141,76,"{'NOUN': 138, 'ADJ': 3}"
tan,140,123,"{'NOUN': 31, 'VERB': 109}"
śarman,139,104,{'NOUN': 139}
adri,139,116,{'NOUN': 139}
arc,138,99,{'VERB': 138}
ubh,138,116,"{'PRON': 134, 'VERB': 4}"
ī,137,109,"{'VERB': 128, 'ADV': 9}"
van,135,105,"{'VERB': 133, 'NOUN': 2}"
rā,135,112,{'VERB': 135}
man,135,116,{'VERB': 135}
rudra,135,78,{'NOUN': 135}
suta,134,89,{'NOUN': 134}
bhūri,133,98,{'ADJ': 133}
jātavedas,131,84,{'NOUN': 131}
dakṣa,130,111,"{'NOUN': 91, 'ADJ': 39}"
yoni,130,104,{'NOUN': 130}
vad,130,92,{'VERB': 130}
ṛṣ,130,70,{'VERB': 130}
bhaga,129,91,{'NOUN': 129}
atha,128,92,{'ADV': 128}
paś,127,97,{'VERB': 127}
śukra,127,101,"{'ADJ': 120, 'NOUN': 7}"
yatra,125,87,{'SCONJ': 125}
devī,125,85,{'NOUN': 125}
vī,125,105,"{'VERB': 121, 'ADJ': 4}"
bṛhaspati,124,59,{'NOUN': 124}
brū,123,102,{'VERB': 123}
sadā,122,116,{'ADV': 122}
pūṣan,122,71,{'NOUN': 122}
parvata,122,97,{'NOUN': 122}
dhenu,122,103,{'NOUN': 122}
ṛṣi,121,97,{'NOUN': 121}
jaritṛ,121,99,{'NOUN': 121}
ahar,121,89,{'NOUN': 121}
atra,121,94,"{'ADV': 118, 'NOUN': 3}"
vāta,120,101,{'NOUN': 120}
mānuṣa,120,105,"{'NOUN': 51, 'ADJ': 69}"
vāra,120,99,{'NOUN': 120}
aryaman,117,83,{'NOUN': 117}
san,116,83,{'VERB': 116}
tamas,116,90,{'NOUN': 116}
vacas,114,97,{'NOUN': 114}
pada,114,80,{'NOUN': 114}
niḥ,113,85,{'ADV': 113}
āt,112,84,{'ADV': 112}
sūri,112,90,{'NOUN': 112}
vidatha,112,94,{'NOUN': 112}
ratna,110,82,{'NOUN': 110}
hu,110,96,{'VERB': 110}
vana,110,89,{'NOUN': 110}
nāman,109,86,{'NOUN': 109}
sumati,108,94,"{'NOUN': 107, 'ADJ': 1}"
sma,108,76,{'PART': 108}
arka,107,86,{'NOUN': 107}
sūnu,106,93,{'NOUN': 106}
indh,106,73,{'VERB': 106}
sajoṣas,105,71,{'ADJ': 105}
ṛch,104,94,{'VERB': 104}
sāti,104,84,{'NOUN': 104}
garbha,104,81,{'NOUN': 104}
yajñiya,104,79,{'ADJ': 104}
nūnam,104,88,{'ADV': 104}
payas,104,82,{'NOUN': 104}
vayas,104,88,{'NOUN': 104}
diva,103,52,"{'NOUN': 102, 'ADJ': 1}"
pīti,103,65,{'NOUN': 103}
savana,103,77,{'NOUN': 103}
śaṃs,103,90,{'VERB': 103}
āyus,103,79,{'NOUN': 103}
pavitra,103,59,"{'NOUN': 102, 'ADJ': 1}"
enad,102,74,{'PRON': 102}
pūrvya,102,89,{'ADJ': 102}
ari,101,92,"{'ADJ': 96, 'NOUN': 5}"
sah,101,79,"{'VERB': 98, 'ADJ': 3}"
stotṛ,101,78,"{'ADJ': 94, 'NOUN': 7}"
antarikṣa,101,91,{'NOUN': 101}
sarva,101,70,{'ADJ': 101}
nāsatya,100,56,{'NOUN': 100}
andhas,100,86,{'NOUN': 100}
rakṣ,100,79,{'VERB': 100}
divya,100,83,{'ADJ': 100}
vṛt,100,85,"{'VERB': 95, 'NOUN': 5}"
āyu,99,81,"{'NOUN': 88, 'ADJ': 8, 'VERB': 3}"
viṣṇu,99,68,{'NOUN': 99}
dhāman,98,79,{'NOUN': 98}
asura,98,72,{'NOUN': 98}
śatru,97,73,{'NOUN': 97}
punar,97,62,{'ADV': 97}
gomat,97,79,{'ADJ': 97}
ruc,96,78,"{'VERB': 72, 'NOUN': 24}"
daśan,96,68,{'NUM': 96}
dūta,95,71,{'NOUN': 95}
bāhu,95,82,{'NOUN': 95}
rūpa,94,83,{'NOUN': 94}
kāma,94,82,{'NOUN': 94}
rakṣas,94,60,"{'NOUN': 89, 'ADJ': 5}"
ahi,94,67,{'NOUN': 94}
janay,94,77,{'VERB': 94}
ketu,93,82,{'NOUN': 93}
ṛbhu,93,40,"{'NOUN': 89, 'ADJ': 4}"
añj,93,76,{'VERB': 93}
śubh,92,72,"{'NOUN': 27, 'VERB': 65}"
mitrāvaruṇa,91,60,{'NOUN': 91}
rāti,91,66,"{'NOUN': 88, 'ADJ': 3}"
dīdī,91,65,{'VERB': 91}
hasta,91,79,{'NOUN': 91}
dyumna,90,71,{'NOUN': 90}
aṃhas,90,69,{'NOUN': 90}
hiraṇya,90,69,"{'NOUN': 58, 'ADJ': 32}"
rodasī,90,75,{'NOUN': 90}
sa,90,81,{'ADV': 90}
yuvan,89,82,"{'ADJ': 40, 'NOUN': 49}"
dhāray,89,66,{'VERB': 89}
pyā,89,81,{'VERB': 89}
naś,88,80,"{'VERB': 87, 'NOUN': 1}"
api,88,76,{'ADV': 88}
raśmi,87,75,{'NOUN': 87}
hā,86,74,{'VERB': 86}
agra,86,71,{'NOUN': 86}
dasyu,86,68,{'NOUN': 86}
āśu,85,71,"{'ADJ': 84, 'ADV': 1}"
yudh,85,70,"{'NOUN': 35, 'VERB': 50}"
samindh,85,69,{'VERB': 85}
śuṣma,85,79,"{'ADJ': 6, 'NOUN': 79}"
apas,84,71,"{'ADJ': 21, 'NOUN': 63}"
kṣi,84,73,{'VERB': 84}
madhumat,84,56,{'ADJ': 84}
kṛt,84,71,"{'ADJ': 75, 'VERB': 9}"
vajrin,83,64,"{'ADJ': 7, 'NOUN': 76}"
cakṣas,83,68,{'NOUN': 83}
dviṣ,83,59,"{'ADJ': 31, 'NOUN': 40, 'VERB': 12}"
iti,83,53,{'PART': 83}
bhānu,82,68,{'NOUN': 82}
śocis,82,69,{'NOUN': 82}
gṛha,82,63,{'NOUN': 82}
yu,82,67,{'VERB': 82}
arvant,81,61,{'NOUN': 81}
riṣ,81,60,"{'VERB': 68, 'NOUN': 13}"
śaṃsa,81,70,"{'NOUN': 61, 'ADJ': 20}"
sumna,81,74,"{'NOUN': 80, 'ADJ': 1}"
sacā,80,72,{'ADV': 80}
takṣ,80,64,{'VERB': 80}
manman,80,69,{'NOUN': 80}
mṛj,80,56,{'VERB': 80}
gopā,79,70,{'NOUN': 79}
carṣaṇi,79,71,"{'NOUN': 77, 'ADJ': 2}"
sadyas,79,71,{'ADV': 79}
aha,79,69,"{'PART': 48, 'NOUN': 31}"
pur,79,66,{'NOUN': 79}
daivya,79,73,"{'ADJ': 78, 'NOUN': 1}"
dhīti,79,69,{'NOUN': 79}
manu,79,68,"{'NOUN': 78, 'ADJ': 1}"
dyāvāpṛthivī,79,68,{'NOUN': 79}
yaśas,78,69,"{'ADJ': 28, 'NOUN': 50}"
vṛj,78,73,{'VERB': 78}
vidh,78,57,{'VERB': 78}
tman,78,70,{'NOUN': 78}
yama,78,52,"{'NOUN': 76, 'ADJ': 2}"
ṛtāvan,78,66,{'ADJ': 78}
aruṣa,77,64,{'ADJ': 77}
ās,77,72,"{'VERB': 52, 'NOUN': 25}"
bhaj,77,64,{'VERB': 77}
ūrdhva,77,66,{'ADJ': 77}
muc,77,63,"{'VERB': 76, 'ADJ': 1}"
pāvaka,76,63,"{'ADJ': 48, 'NOUN': 28}"
samāna,76,60,"{'ADJ': 74, 'NOUN': 2}"
vṛtrahan,76,53,{'NOUN': 76}
cāru,76,68,{'ADJ': 76}
māyā,75,62,{'NOUN': 75}
jihvā,75,63,{'NOUN': 75}
cana,75,62,{'PART': 75}
ūrmi,75,58,{'NOUN': 75}
cakra,75,57,{'NOUN': 75}
kṣaya,74,58,"{'NOUN': 71, 'ADJ': 3}"
gha,74,59,{'PART': 74}
yadi,74,58,{'SCONJ': 74}
śri,74,65,{'VERB': 74}
parama,74,63,{'ADJ': 74}
saha,74,61,"{'ADV': 70, 'ADJ': 4}"
ajara,74,58,{'ADJ': 74}
rāj,73,63,"{'VERB': 59, 'NOUN': 14}"
svadhā,73,62,{'NOUN': 73}
bhī,73,63,"{'VERB': 53, 'NOUN': 20}"
manyu,73,49,{'NOUN': 73}
prajā,72,57,{'NOUN': 72}
ah,72,57,{'VERB': 72}
aṅgiras,71,54,{'NOUN': 71}
paśu,71,66,{'NOUN': 71}
ūrj,71,63,{'NOUN': 71}
an,71,61,"{'PART': 68, 'VERB': 3}"
amartya,71,61,"{'ADJ': 69, 'NOUN': 2}"
nū,70,64,{'VERB': 70}
itthā,69,65,{'ADV': 69}
sarasvatī,69,44,{'NOUN': 69}
vīti,69,55,{'NOUN': 69}
pinv,69,55,{'VERB': 69}
manus,69,60,{'NOUN': 69}
mandra,69,62,{'ADJ': 69}
budh,69,57,"{'VERB': 68, 'ADJ': 1}"
kaṃ,69,54,{'PART': 69}
jṛ,68,61,{'VERB': 68}
vārya,68,64,"{'NOUN': 54, 'ADJ': 14}"
hṛd,68,65,{'NOUN': 68}
grah,68,58,{'VERB': 68}
pat,68,59,{'VERB': 68}
yāman,68,60,{'NOUN': 68}
śaśvat,68,62,"{'ADJ': 44, 'ADV': 23, 'NOUN': 1}"
duhitṛ,68,50,{'NOUN': 68}
tanaya,68,63,"{'NOUN': 22, 'ADJ': 46}"
bhara,68,58,"{'NOUN': 67, 'ADJ': 1}"
viśvatas,67,64,{'ADV': 67}
jū,67,58,"{'VERB': 49, 'ADJ': 14, 'NOUN': 4}"
sudānu,67,50,{'ADJ': 67}
tris,67,34,{'ADV': 67}
pratna,67,55,{'ADJ': 67}
śatakratu,66,41,{'NOUN': 66}
pārthiva,66,62,"{'ADJ': 63, 'NOUN': 3}"
hiraṇyaya,66,54,{'ADJ': 66}
e,66,59,{'VERB': 66}
sā,66,56,"{'ADJ': 41, 'VERB': 25}"
kṣatra,66,54,{'NOUN': 66}
napāt,66,55,{'NOUN': 66}
mī,66,61,{'VERB': 66}
jīv,66,48,{'VERB': 66}
sic,66,57,"{'VERB': 62, 'NOUN': 4}"
puruhūta,66,48,{'NOUN': 66}
bhid,66,55,"{'VERB': 60, 'NOUN': 1, 'ADJ': 5}"
atya,66,58,{'NOUN': 66}
nadī,66,59,{'NOUN': 66}
vahni,65,60,{'NOUN': 65}
kṣiti,65,63,{'NOUN': 65}
toka,65,62,{'NOUN': 65}
tvaṣṭṛ,65,58,{'NOUN': 65}
bādh,65,61,{'VERB': 65}
parā,65,49,{'ADV': 65}
śikṣ,65,59,{'VERB': 65}
upastha,65,58,{'NOUN': 65}
śyena,65,52,{'NOUN': 65}
parāvat,65,60,{'NOUN': 65}
vedhas,65,54,"{'NOUN': 62, 'ADJ': 3}"
tu,64,49,"{'CCONJ': 59, 'VERB': 5}"
uttara,64,34,"{'ADJ': 63, 'NOUN': 1}"
vatsa,64,47,{'NOUN': 64}
pṛthu,63,58,"{'ADJ': 62, 'NOUN': 1}"
sānu,63,53,{'NOUN': 63}
sū,63,47,"{'NOUN': 7, 'VERB': 56}"
sṛ,63,52,{'VERB': 63}
vāma,63,45,"{'ADJ': 52, 'NOUN': 11}"
manīṣā,63,59,{'NOUN': 63}
subhaga,62,50,{'ADJ': 62}
vardhay,62,54,{'VERB': 62}
kṣar,62,52,{'VERB': 62}
puras,62,58,{'ADV': 62}
vṛjana,62,57,{'NOUN': 62}
oṣadhī,62,47,{'NOUN': 62}
rocana,61,57,"{'NOUN': 60, 'ADJ': 1}"
atas,61,48,{'ADV': 61}
cakṣ,61,55,{'VERB': 61}
dāsa,61,51,"{'NOUN': 46, 'ADJ': 15}"
āhu,61,42,{'VERB': 61}
māday,61,53,{'VERB': 61}
vṛṣṭi,61,51,{'NOUN': 61}
vaiśvānara,61,20,"{'NOUN': 60, 'ADJ': 1}"
aṅga,60,47,"{'PART': 40, 'NOUN': 20}"
bhāga,60,47,{'NOUN': 60}
kṛṣṇa,60,48,"{'ADJ': 52, 'NOUN': 8}"
anna,60,46,{'NOUN': 60}
gaṇa,59,49,{'NOUN': 59}
adas,59,38,{'PRON': 59}
suṣṭuti,59,53,{'NOUN': 59}
tiras,59,49,{'ADV': 59}
durita,59,55,{'NOUN': 59}
sadana,59,54,"{'NOUN': 58, 'ADJ': 1}"
nābhi,59,48,{'NOUN': 59}
revat,58,47,{'ADJ': 58}
vedas,58,48,{'NOUN': 58}
yajatra,58,48,{'ADJ': 58}
tura,58,54,{'ADJ': 58}
purā,58,52,{'ADV': 58}
śā,58,47,{'VERB': 58}
svasṛ,58,48,{'NOUN': 58}
dama,57,45,{'NOUN': 57}
haviṣmat,57,53,{'ADJ': 57}
pṛṣṭha,57,55,{'NOUN': 57}
āji,57,45,"{'NOUN': 56, 'VERB': 1}"
tuvi,56,47,"{'ADJ': 55, 'NOUN': 1}"
kṛṣṭi,56,51,{'NOUN': 56}
pracetas,56,49,"{'ADJ': 53, 'NOUN': 3}"
dharman,56,48,{'NOUN': 56}
kaṇva,56,32,{'NOUN': 56}
śacī,56,46,{'NOUN': 56}
dhruva,56,38,{'ADJ': 56}
sākam,56,46,{'ADV': 56}
āyudha,56,48,{'NOUN': 56}
gātu,56,53,{'NOUN': 56}
mahiman,56,46,{'NOUN': 56}
dyumat,56,53,{'ADJ': 56}
dhīra,56,49,{'ADJ': 56}
ad,56,41,"{'VERB': 50, 'ADJ': 6}"
prayas,55,49,{'NOUN': 55}
iḍā,55,51,{'NOUN': 55}
marutvat,55,29,{'ADJ': 55}
nakir,55,45,{'ADV': 55}
dvi,55,45,{'NUM': 55}
vat,55,40,"{'ADV': 51, 'VERB': 4}"
dānu,55,49,"{'NOUN': 50, 'ADJ': 5}"
giri,55,50,"{'NOUN': 53, 'ADJ': 2}"
bhūmi,55,47,{'NOUN': 55}
pṛtanā,55,46,{'NOUN': 55}
adhvaryu,55,36,{'NOUN': 55}
grāvan,54,45,{'NOUN': 54}
jyeṣṭha,54,52,{'ADJ': 54}
dhāv,54,43,{'VERB': 54}
sama,54,22,{'PRON': 54}
vara,53,50,"{'ADJ': 5, 'NOUN': 48}"
guhā,53,46,{'ADV': 53}
dīrgha,53,49,{'ADJ': 53}
abhiṣṭi,53,44,{'NOUN': 53}
vraja,53,50,{'NOUN': 53}
mand,53,48,{'VERB': 53}
kāru,53,45,{'NOUN': 53}
dhṛ,53,45,{'VERB': 53}
ukthya,53,37,"{'NOUN': 1, 'ADJ': 52}"
kram,53,50,{'VERB': 53}
śās,53,36,"{'VERB': 43, 'NOUN': 10}"
śiva,53,50,"{'ADJ': 52, 'NOUN': 1}"
atri,53,38,{'NOUN': 53}
harivat,52,44,{'ADJ': 52}
pracch,52,37,{'VERB': 52}
pañcan,52,48,{'NUM': 52}
karman,52,48,{'NOUN': 52}
somya,52,46,{'ADJ': 52}
janman,52,42,{'NOUN': 52}
jāmi,52,48,"{'NOUN': 18, 'ADJ': 34}"
ṛṣva,52,44,{'ADJ': 52}
sīm,52,48,{'ADV': 52}
arvāñc,52,47,{'ADJ': 52}
krand,52,45,{'VERB': 52}
agha,52,39,"{'ADJ': 21, 'NOUN': 31}"
jinv,52,37,{'VERB': 52}
vasiṣṭha,52,35,"{'NOUN': 50, 'ADJ': 2}"
darśata,51,47,{'ADJ': 51}
dasra,51,35,"{'NOUN': 48, 'ADJ': 3}"
devay,51,40,{'VERB': 51}
tigma,51,46,{'ADJ': 51}
aktu,51,45,{'NOUN': 51}
vājasāti,51,46,{'NOUN': 51}
tveṣa,51,41,{'ADJ': 51}
jñā,51,45,"{'VERB': 47, 'NOUN': 1, 'ADJ': 3}"
puṣ,51,46,"{'VERB': 50, 'ADJ': 1}"
draviṇa,51,45,{'NOUN': 51}
dru,50,48,"{'VERB': 37, 'NOUN': 13}"
vājay,50,49,{'VERB': 50}
dakṣiṇā,50,32,"{'NOUN': 49, 'ADV': 1}"
catur,50,40,{'NUM': 50}
patnī,50,42,{'NOUN': 50}
paṇi,50,41,{'NOUN': 50}
kuvid,50,25,{'ADV': 50}
dhanvan,50,39,{'NOUN': 50}
śuc,50,43,"{'VERB': 47, 'NOUN': 3}"
suvita,50,45,"{'NOUN': 43, 'ADJ': 7}"
prath,50,47,{'VERB': 50}
kalaśa,50,31,{'NOUN': 50}
svid,50,37,"{'PART': 47, 'VERB': 3}"
bhuj,49,42,"{'ADJ': 10, 'VERB': 32, 'NOUN': 7}"
dasma,49,45,"{'NOUN': 44, 'ADJ': 5}"
prā,49,47,"{'ADJ': 20, 'VERB': 29}"
nahi,49,45,{'PART': 49}
cakṣus,49,39,{'NOUN': 49}
rasa,49,39,{'NOUN': 49}
rathī,49,47,"{'NOUN': 6, 'ADJ': 43}"
dveṣas,49,44,{'NOUN': 49}
narya,49,43,"{'ADJ': 40, 'NOUN': 9}"
kāvya,49,46,"{'NOUN': 46, 'ADJ': 3}"
suvṛkti,49,43,"{'NOUN': 44, 'ADJ': 5}"
ūdhas,49,46,{'NOUN': 49}
retas,49,38,{'NOUN': 49}
anīka,49,44,{'NOUN': 49}
sru,49,27,{'VERB': 49}
sahasrin,48,46,{'ADJ': 48}
īray,48,43,{'VERB': 48}
para,48,43,{'PRON': 48}
adabdha,48,38,{'ADJ': 48}
ubhaya,48,43,{'ADJ': 48}
aśvya,48,44,"{'ADJ': 29, 'NOUN': 19}"
niṣad,48,44,"{'VERB': 44, 'NOUN': 4}"
sadhastha,48,47,{'NOUN': 48}
samad,47,44,{'NOUN': 47}
dhṛṣṇu,47,45,{'ADJ': 47}
adrivat,47,39,{'ADJ': 47}
vartay,47,27,{'VERB': 47}
yuga,47,37,{'NOUN': 47}
tap,47,40,{'VERB': 47}
pauṃsya,46,42,{'NOUN': 46}
vadha,46,37,{'NOUN': 46}
āsad,46,39,{'VERB': 46}
ṛtu,46,25,{'NOUN': 46}
indrāvaruṇa,46,11,{'NOUN': 46}
pad,46,40,"{'NOUN': 30, 'VERB': 16}"
yajata,46,40,"{'ADJ': 45, 'NOUN': 1}"
jīra,46,46,"{'ADJ': 45, 'NOUN': 1}"
mahas,46,46,"{'NOUN': 41, 'ADJ': 5}"
dāna,46,36,{'NOUN': 46}
mahiṣa,46,39,"{'NOUN': 45, 'ADJ': 1}"
śiśu,46,44,"{'NOUN': 43, 'ADJ': 3}"
sapary,45,42,{'VERB': 45}
sūra,45,40,{'NOUN': 45}
jāgṛ,45,37,{'VERB': 45}
anta,45,42,{'NOUN': 45}
ruh,45,42,"{'VERB': 44, 'NOUN': 1}"
amitra,45,36,{'NOUN': 45}
coday,44,40,{'VERB': 44}
vanaspati,44,39,{'NOUN': 44}
māruta,44,35,"{'ADJ': 41, 'NOUN': 3}"
kan,44,37,{'VERB': 44}
navyas,44,42,{'ADJ': 44}
atithi,44,39,{'NOUN': 44}
aṃśu,44,39,{'NOUN': 44}
tavas,44,35,"{'ADJ': 43, 'NOUN': 1}"
maha,44,40,"{'ADJ': 43, 'NOUN': 1}"
varivas,44,41,{'NOUN': 44}
varṇa,44,38,{'NOUN': 44}
samidh,44,37,{'NOUN': 44}
spṛdh,43,39,"{'NOUN': 23, 'VERB': 17, 'ADJ': 3}"
arvāk,43,39,{'ADV': 43}
śakra,43,38,"{'NOUN': 35, 'ADJ': 8}"
navya,43,38,{'ADJ': 43}
magha,43,41,{'NOUN': 43}
pṛc,43,37,"{'VERB': 41, 'NOUN': 2}"
vand,43,41,{'VERB': 43}
arāti,43,36,{'NOUN': 43}
saubhaga,43,42,"{'NOUN': 41, 'ADJ': 2}"
bhā,43,38,"{'VERB': 42, 'NOUN': 1}"
īr,43,38,{'VERB': 43}
aram,43,34,{'ADV': 43}
mṛdh,43,37,"{'NOUN': 28, 'VERB': 15}"
avya,43,30,"{'ADJ': 42, 'NOUN': 1}"
iṣay,42,34,{'VERB': 42}
khyā,42,40,{'VERB': 42}
adhvan,42,41,{'NOUN': 42}
nidhā,42,34,"{'VERB': 39, 'NOUN': 3}"
vasyas,42,31,"{'NOUN': 23, 'ADJ': 19}"
dṛḍha,42,40,"{'NOUN': 2, 'ADJ': 40}"
kva,42,28,{'ADV': 42}
taviṣī,42,35,{'NOUN': 42}
ruśat,42,35,{'ADJ': 42}
dhṛṣ,42,33,{'VERB': 42}
vakṣ,42,35,{'VERB': 42}
prātar,41,31,{'ADV': 41}
mṛḍ,41,34,{'VERB': 41}
śubhra,41,33,{'ADJ': 41}
yaviṣṭha,41,37,{'ADJ': 41}
pṛśni,41,33,"{'NOUN': 31, 'ADJ': 10}"
nau,41,39,{'NOUN': 41}
nakṣ,41,34,{'VERB': 41}
śī,41,35,{'VERB': 41}
sthira,41,35,{'ADJ': 41}
indriya,41,37,"{'ADJ': 23, 'NOUN': 18}"
ric,41,34,{'VERB': 41}
dhur,41,35,{'NOUN': 41}
āre,41,29,{'ADV': 41}
kośa,41,37,{'NOUN': 41}
trā,41,34,"{'NOUN': 3, 'VERB': 38}"
puraṃdhi,40,37,{'NOUN': 40}
vareṇya,40,35,{'ADJ': 40}
draviṇas,40,22,{'NOUN': 40}
iṣṭi,40,38,{'NOUN': 40}
āpi,40,31,"{'NOUN': 38, 'ADJ': 2}"
ri,40,36,{'VERB': 40}
yāma,40,33,{'NOUN': 40}
nṛmṇa,40,36,{'NOUN': 40}
trita,40,30,{'NOUN': 40}
mahitva,40,36,{'NOUN': 40}
haryata,40,26,{'ADJ': 40}
nṛtama,40,37,{'ADJ': 40}
vapus,40,34,"{'NOUN': 39, 'ADJ': 1}"
yadā,40,32,{'SCONJ': 40}
paras,39,31,{'ADV': 39}
stṛ,39,36,{'VERB': 39}
sadas,39,35,{'NOUN': 39}
uttama,39,35,{'ADJ': 39}
madhya,39,36,"{'NOUN': 36, 'ADJ': 3}"
vadh,39,33,{'VERB': 39}
satrā,39,29,{'ADV': 39}
nabh,39,6,"{'NOUN': 1, 'VERB': 38}"
anyaka,39,6,{'ADJ': 39}
pāra,38,36,"{'NOUN': 36, 'ADJ': 2}"
girvaṇas,38,34,{'ADJ': 38}
śuṣṇa,38,33,{'NOUN': 38}
navīyas,38,37,{'ADJ': 38}
samrāj,38,34,{'NOUN': 38}
sani,38,37,"{'NOUN': 34, 'ADJ': 4}"
nava,38,34,{'ADJ': 38}
kadā,38,27,{'ADV': 38}
camū,38,30,{'NOUN': 38}
kutsa,38,32,{'NOUN': 38}
brahmaṇaspati,38,15,{'NOUN': 38}
vivās,38,36,{'VERB': 38}
candra,38,31,"{'ADJ': 35, 'NOUN': 3}"
pratyañc,38,33,{'ADJ': 38}
hatya,38,33,{'NOUN': 38}
ārya,38,36,"{'NOUN': 14, 'ADJ': 24}"
gabhasti,38,38,{'NOUN': 38}
nara,37,31,{'NOUN': 37}
tuj,37,34,"{'VERB': 30, 'NOUN': 4, 'ADJ': 3}"
śak,37,32,{'VERB': 37}
dah,37,31,{'VERB': 37}
dvār,37,37,{'NOUN': 37}
mayobhu,37,29,{'ADJ': 37}
akṣa,37,30,{'NOUN': 37}
vidyut,37,33,"{'NOUN': 33, 'ADJ': 3, 'VERB': 1}"
mūrdhan,37,34,{'NOUN': 37}
prajāvat,37,33,{'ADJ': 37}
nirṇij,37,30,"{'NOUN': 36, 'VERB': 1}"
mīḍhvas,37,35,{'ADJ': 37}
jīva,37,28,"{'ADJ': 29, 'NOUN': 8}"
mahina,37,35,"{'NOUN': 32, 'ADJ': 5}"
āgā,37,30,{'VERB': 37}
mṛga,37,35,{'NOUN': 37}
anehas,37,19,{'ADJ': 37}
nam,37,34,{'VERB': 37}
ukṣan,37,33,{'NOUN': 37}
saṃdṛś,37,35,"{'NOUN': 34, 'VERB': 3}"
āgam,37,33,{'VERB': 37}
niyut,37,29,{'NOUN': 37}
dhanv,37,26,{'VERB': 37}
sādh,36,33,{'VERB': 36}
prāv,36,36,{'VERB': 36}
manīṣin,36,32,"{'ADJ': 35, 'NOUN': 1}"
bheṣaja,36,22,"{'NOUN': 31, 'ADJ': 5}"
nakta,36,31,{'NOUN': 36}
dhāyas,36,32,"{'NOUN': 17, 'ADJ': 19}"
ruj,36,34,{'VERB': 36}
uruṣy,36,28,{'VERB': 36}
duroṇa,36,33,{'NOUN': 36}
śaviṣṭha,36,30,{'ADJ': 36}
oṣadhi,36,30,{'NOUN': 36}
loka,36,31,{'NOUN': 36}
jit,36,19,{'ADJ': 36}
dyut,36,33,"{'VERB': 30, 'NOUN': 6}"
kanikrad,36,28,{'VERB': 36}
ṛtāvṛdh,35,30,{'ADJ': 35}
arṇas,35,33,{'NOUN': 35}
vāhas,35,31,"{'NOUN': 12, 'ADJ': 23}"
māyin,35,31,"{'ADJ': 34, 'NOUN': 1}"
ānuṣak,35,32,{'ADV': 35}
matsara,35,26,"{'ADJ': 33, 'NOUN': 2}"
pṛṇ,35,31,{'VERB': 35}
varūtha,35,32,{'NOUN': 35}
āvis,35,34,{'ADV': 35}
sadman,35,30,{'NOUN': 35}
yoṣā,35,32,{'NOUN': 35}
sat,35,29,{'ADJ': 35}
sāman,35,31,{'NOUN': 35}
bhūman,35,31,{'NOUN': 35}
nitya,35,30,{'ADJ': 35}
ci,35,32,{'VERB': 35}
yuvati,35,30,{'NOUN': 35}
bandhu,35,30,{'NOUN': 35}
artha,34,33,{'NOUN': 34}
vardhana,34,32,"{'ADJ': 28, 'NOUN': 6}"
ran,34,27,"{'VERB': 32, 'NOUN': 2}"
bhūṣ,34,30,{'VERB': 34}
siṣās,34,29,{'VERB': 34}
prāñc,34,33,{'ADJ': 34}
dharuṇa,34,28,"{'ADJ': 13, 'NOUN': 21}"
kathā,34,21,{'ADV': 34}
śreṣṭha,34,33,{'ADJ': 34}
mahan,34,34,{'NOUN': 34}
janus,34,33,{'NOUN': 34}
bahu,34,32,{'ADJ': 34}
purastāt,34,29,{'ADV': 34}
janiman,34,30,{'NOUN': 34}
viśpati,33,31,{'NOUN': 33}
praśasti,33,31,{'NOUN': 33}
adābhya,33,31,{'ADJ': 33}
śeva,33,32,{'ADJ': 33}
aśvāvat,33,31,{'ADJ': 33}
vivasvant,33,31,{'NOUN': 33}
vicarṣaṇi,33,30,{'ADJ': 33}
jā,33,29,"{'ADJ': 27, 'NOUN': 6}"
pravat,33,31,{'NOUN': 33}
śardhas,33,30,{'NOUN': 33}
ṛbhukṣan,33,24,{'NOUN': 33}
jāyā,33,20,{'NOUN': 33}
anti,33,16,{'ADV': 33}
vṛdha,33,28,{'ADJ': 33}
devayu,33,32,{'ADJ': 33}
guh,33,27,{'VERB': 33}
makṣū,32,28,"{'ADV': 31, 'ADJ': 1}"
marya,32,29,{'NOUN': 32}
vīḍu,32,29,{'ADJ': 32}
ṛj,32,28,{'VERB': 32}
śiprā,32,25,{'NOUN': 32}
vīravat,32,30,{'ADJ': 32}
hūti,32,28,{'NOUN': 32}
sadam,32,30,{'ADV': 32}
pṛt,32,31,{'NOUN': 32}
maṃhiṣṭha,32,31,{'ADJ': 32}
bhrāj,32,31,"{'VERB': 29, 'NOUN': 3}"
rej,32,29,{'VERB': 32}
johav,32,29,{'VERB': 32}
yahva,32,29,{'ADJ': 32}
svadhāvat,32,29,{'ADJ': 32}
bhīma,32,32,{'ADJ': 32}
parjanya,32,23,{'NOUN': 32}
vyuṣṭi,32,28,{'NOUN': 32}
bhojana,32,29,"{'ADJ': 1, 'NOUN': 31}"
vicakṣaṇa,32,25,{'ADJ': 32}
jaṭhara,32,30,{'NOUN': 32}
satvan,32,29,"{'NOUN': 29, 'ADJ': 3}"
bhrātṛ,32,28,{'NOUN': 32}
sādhu,32,29,{'ADJ': 32}
gavya,32,31,"{'NOUN': 3, 'ADJ': 29}"
janitṛ,32,21,{'NOUN': 32}
gharma,32,27,{'NOUN': 32}
adruh,31,28,{'ADJ': 31}
usriyā,31,27,{'NOUN': 31}
puruṣṭuta,31,28,"{'NOUN': 27, 'ADJ': 4}"
mṛḍay,31,25,{'VERB': 31}
pre,31,28,{'VERB': 31}
nāka,31,29,{'NOUN': 31}
enas,31,26,{'NOUN': 31}
apara,31,28,"{'PRON': 29, 'ADJ': 2}"
devatāti,31,26,{'NOUN': 31}
suparṇa,31,23,{'NOUN': 31}
kaścit,31,28,{'PRON': 31}
yavasa,31,29,{'NOUN': 31}
vṛka,31,25,{'NOUN': 31}
sapti,31,29,{'NOUN': 31}
hary,31,21,{'VERB': 31}
pājas,31,30,{'NOUN': 31}
daśasy,31,31,{'VERB': 31}
pratīka,31,27,{'NOUN': 31}
asta,31,22,{'NOUN': 31}
stambh,31,28,{'VERB': 31}
vibhā,31,22,"{'VERB': 30, 'NOUN': 1}"
kim,31,23,{'ADV': 31}
vṛkṣa,31,27,{'NOUN': 31}
druh,30,27,"{'VERB': 2, 'ADJ': 6, 'NOUN': 22}"
sūnṛtā,30,27,{'NOUN': 30}
inv,30,28,{'VERB': 30}
dhū,30,28,"{'VERB': 27, 'NOUN': 3}"
avasyu,30,26,{'ADJ': 30}
dhiṣaṇā,30,27,{'NOUN': 30}
āp,30,29,{'VERB': 30}
vartani,30,27,{'NOUN': 30}
pāyu,30,26,{'NOUN': 30}
diś,30,27,"{'NOUN': 16, 'VERB': 14}"
dhātu,30,29,{'NOUN': 30}
sridh,30,26,"{'NOUN': 18, 'VERB': 12}"
pradiv,30,30,{'ADJ': 30}
arati,30,24,{'NOUN': 30}
uśij,30,25,"{'ADJ': 25, 'NOUN': 5}"
raṇa,30,25,{'NOUN': 30}
vayuna,30,28,"{'NOUN': 27, 'ADJ': 3}"
śuna,30,22,{'NOUN': 30}
aśman,30,26,{'NOUN': 30}
nid,29,25,{'NOUN': 29}
āśir,29,24,{'NOUN': 29}
peśas,29,27,{'NOUN': 29}
parijman,29,27,"{'ADJ': 23, 'NOUN': 6}"
drapsa,29,25,{'NOUN': 29}
oka,29,29,{'NOUN': 29}
adbhuta,29,28,{'ADJ': 29}
sidh,29,25,{'VERB': 29}
tvac,29,28,{'NOUN': 29}
ūh,29,26,{'VERB': 29}
upama,29,27,{'ADJ': 29}
purutrā,29,27,{'ADV': 29}
aj,29,28,{'VERB': 29}
kṣetra,29,24,{'NOUN': 29}
jagant,29,26,{'NOUN': 29}
praśaṃs,29,26,{'VERB': 29}
yajiṣṭha,29,25,{'ADJ': 29}
dvitā,29,29,{'ADV': 29}
ariṣṭa,29,26,{'ADJ': 29}
vṛṣṇya,29,27,"{'NOUN': 25, 'ADJ': 4}"
utsa,29,26,{'NOUN': 29}
raṇva,29,25,{'ADJ': 29}
prī,29,28,{'VERB': 29}
śarad,29,27,{'NOUN': 29}
aruṇa,29,27,"{'ADJ': 26, 'NOUN': 3}"
svayam,29,26,{'ADV': 29}
ādhā,29,27,{'VERB': 29}
itas,28,23,{'ADV': 28}
yatas,28,25,{'SCONJ': 28}
budhna,28,26,{'NOUN': 28}
mṛḍīka,28,20,{'NOUN': 28}
viṣ,28,27,"{'VERB': 26, 'NOUN': 2}"
spārha,28,24,{'ADJ': 28}
vartis,28,22,{'NOUN': 28}
pṛkṣ,28,26,"{'NOUN': 27, 'VERB': 1}"
rathya,28,26,"{'ADJ': 25, 'NOUN': 3}"
ripu,28,27,"{'NOUN': 18, 'ADJ': 10}"
sudās,28,15,"{'ADJ': 2, 'NOUN': 26}"
rukma,28,25,{'NOUN': 28}
sarga,28,26,{'NOUN': 28}
praṇīti,28,26,{'NOUN': 28}
vastu,28,25,{'NOUN': 28}
avyaya,28,20,{'ADJ': 28}
avara,28,24,{'ADJ': 28}
ram,28,26,{'VERB': 28}
bhoja,28,16,{'ADJ': 28}
nūtana,27,23,{'ADJ': 27}
daṃsas,27,21,{'NOUN': 27}
sukratu,27,24,{'ADJ': 27}
vibhu,27,25,"{'ADJ': 25, 'NOUN': 2}"
day,27,26,{'VERB': 27}
satpati,27,20,{'NOUN': 27}
harit,27,24,"{'ADJ': 14, 'NOUN': 13}"
puṣṭi,27,26,{'NOUN': 27}
yava,27,25,{'NOUN': 27}
anṛta,27,24,"{'ADJ': 5, 'NOUN': 22}"
śuṣmin,27,26,{'ADJ': 27}
mātariśvan,27,26,{'NOUN': 27}
sruc,27,24,{'NOUN': 27}
svādu,27,19,{'ADJ': 27}
viṣvañc,27,27,{'ADJ': 27}
śardha,27,25,"{'NOUN': 26, 'ADJ': 1}"
duṣṭara,27,24,{'ADJ': 27}
śruṣṭi,27,24,{'NOUN': 27}
aja,27,24,"{'ADJ': 9, 'NOUN': 18}"
kṣā,27,26,{'NOUN': 27}
prasū,27,24,"{'NOUN': 8, 'VERB': 19}"
iṣira,27,26,{'ADJ': 27}
asurya,27,27,"{'NOUN': 18, 'ADJ': 9}"
pāṇi,26,24,{'NOUN': 26}
varcas,26,22,{'NOUN': 26}
makha,26,23,"{'ADJ': 14, 'NOUN': 12}"
yūtha,26,26,{'NOUN': 26}
avitṛ,26,24,{'ADJ': 26}
varpas,26,24,{'NOUN': 26}
arṇava,26,25,"{'NOUN': 21, 'ADJ': 5}"
ścandra,26,23,{'ADJ': 26}
mayas,26,25,{'NOUN': 26}
navati,26,25,{'NOUN': 26}
senā,26,20,{'NOUN': 26}
cyu,26,25,{'VERB': 26}
ātman,26,23,{'NOUN': 26}
āsan,26,25,{'NOUN': 26}
śloka,26,24,"{'NOUN': 25, 'ADJ': 1}"
jāra,26,24,{'NOUN': 26}
madhumattama,26,22,{'ADJ': 26}
upara,26,23,"{'ADJ': 25, 'NOUN': 1}"
bhṛgu,26,22,{'NOUN': 26}
hantama,26,20,{'ADJ': 26}
rājya,26,9,{'NOUN': 26}
sarvatāti,26,15,{'NOUN': 26}
atho,26,16,{'ADV': 26}
śīrṣan,26,22,{'NOUN': 26}
śṛṅga,26,24,{'NOUN': 26}
tantu,26,24,{'NOUN': 26}
pakva,25,25,{'ADJ': 25}
karṇa,25,25,{'NOUN': 25}
śrut,25,25,{'ADJ': 25}
śaṃtama,25,23,{'ADJ': 25}
ābhṛ,25,25,{'VERB': 25}
kṣam,25,21,"{'NOUN': 20, 'VERB': 5}"
ṛṣṭi,25,20,{'NOUN': 25}
vāsas,25,20,{'NOUN': 25}
yātudhāna,25,4,{'NOUN': 25}
puruspṛh,25,22,{'ADJ': 25}
cyut,25,23,{'ADJ': 25}
vraśc,25,19,{'VERB': 25}
śiras,25,22,{'NOUN': 25}
vyoman,25,21,{'NOUN': 25}
abhitas,25,25,{'ADV': 25}
amati,25,23,"{'NOUN': 24, 'ADJ': 1}"
etaśa,25,25,{'NOUN': 25}
vṛthā,25,24,{'ADV': 25}
damūnas,25,24,{'NOUN': 25}
jani,25,25,{'NOUN': 25}
arh,25,21,{'VERB': 25}
vai,25,23,{'PART': 25}
dṛ,25,23,{'VERB': 25}
durmati,25,18,"{'NOUN': 20, 'ADJ': 5}"
pac,25,18,{'VERB': 25}
babhru,25,15,"{'ADJ': 20, 'NOUN': 5}"
haryaśva,25,20,{'NOUN': 25}
riśādas,24,22,{'ADJ': 24}
vipaścit,24,23,{'ADJ': 24}
patay,24,22,{'VERB': 24}
tatra,24,18,{'ADV': 24}
mantra,24,20,{'NOUN': 24}
ghṛtavat,24,23,{'ADJ': 24}
rih,24,19,{'VERB': 24}
nirṛti,24,20,{'NOUN': 24}
navan,24,24,{'NUM': 24}
rapas,24,14,{'NOUN': 24}
sumanas,24,21,{'ADJ': 24}
ṛc,24,20,{'NOUN': 24}
bala,24,21,{'NOUN': 24}
yāvan,24,21,{'NOUN': 24}
vasūyu,24,22,{'ADJ': 24}
randhay,24,18,{'VERB': 24}
śraddhā,24,11,"{'VERB': 4, 'NOUN': 20}"
dhuni,24,22,"{'ADJ': 20, 'NOUN': 4}"
ṛjīṣin,24,22,{'ADJ': 24}
gaya,24,22,{'NOUN': 24}
arcis,24,18,{'NOUN': 24}
śośuc,24,13,{'VERB': 24}
asmayu,24,20,{'ADJ': 24}
vye,24,21,{'VERB': 24}
niṣkṛta,23,21,{'NOUN': 23}
śūṣa,23,21,"{'NOUN': 18, 'ADJ': 5}"
vala,23,19,{'NOUN': 23}
hotrā,23,23,{'NOUN': 23}
camasa,23,14,{'NOUN': 23}
saprathas,23,21,{'ADJ': 23}
yujya,23,21,"{'ADJ': 17, 'NOUN': 6}"
tṛp,23,21,{'VERB': 23}
gabhīra,23,22,{'ADJ': 23}
dūra,23,20,"{'NOUN': 20, 'ADJ': 3}"
prayam,23,22,{'VERB': 23}
dham,23,21,{'VERB': 23}
yos,23,21,{'NOUN': 23}
sūkta,23,22,"{'NOUN': 22, 'ADJ': 1}"
añji,23,22,"{'ADJ': 3, 'NOUN': 20}"
dabh,23,22,{'VERB': 23}
suga,23,20,"{'NOUN': 19, 'ADJ': 4}"
purūvasu,23,21,{'ADJ': 23}
devatrā,23,22,{'ADV': 23}
ābhū,23,18,"{'NOUN': 16, 'VERB': 7}"
apatya,23,22,{'NOUN': 23}
manuṣya,23,21,"{'ADJ': 11, 'NOUN': 12}"
vibhāvan,23,20,{'ADJ': 23}
pitu,23,15,{'NOUN': 23}
abhīka,23,23,{'NOUN': 23}
tatas,23,20,{'ADV': 23}
paty,23,19,{'VERB': 23}
mṛ,23,18,{'VERB': 23}
marmṛj,23,23,{'VERB': 23}
arvan,23,23,"{'NOUN': 22, 'ADJ': 1}"
janitrī,23,14,{'NOUN': 23}
vṛh,23,17,{'VERB': 23}
sudhita,23,22,{'ADJ': 23}
tṛtīya,23,21,{'ADJ': 23}
tapas,23,17,{'NOUN': 23}
vāghant,22,20,{'NOUN': 22}
yoga,22,20,{'NOUN': 22}
vāṇī,22,20,{'NOUN': 22}
tvota,22,20,{'ADJ': 22}
keśin,22,15,"{'ADJ': 21, 'NOUN': 1}"
nonāv,22,17,{'VERB': 22}
dhartṛ,22,22,"{'NOUN': 21, 'ADJ': 1}"
gāyatra,22,16,{'NOUN': 22}
tīvra,22,20,{'ADJ': 22}
viśvāyu,22,21,{'ADJ': 22}
jāgṛvi,22,19,{'ADJ': 22}
pramati,22,17,{'NOUN': 22}
manuṣvat,22,18,{'ADV': 22}
anarvan,22,20,{'ADJ': 22}
śambara,22,21,{'NOUN': 22}
majman,22,19,{'NOUN': 22}
āyasa,22,20,{'ADJ': 22}
roro,22,21,{'VERB': 22}
piś,22,19,"{'VERB': 19, 'NOUN': 3}"
ūrva,22,21,"{'ADJ': 4, 'NOUN': 18}"
hotra,22,17,{'NOUN': 22}
vip,22,20,"{'VERB': 8, 'NOUN': 13, 'ADJ': 1}"
vap,22,20,{'VERB': 22}
urviyā,22,20,{'ADV': 22}
jrayas,22,16,{'NOUN': 22}
ghoṣa,22,20,{'NOUN': 22}
iṣa,22,22,{'ADJ': 22}
krīḍ,22,19,{'VERB': 22}
adeva,22,20,"{'ADJ': 17, 'NOUN': 5}"
pathyā,22,22,{'NOUN': 22}
tūya,22,19,{'ADJ': 22}
dugha,21,19,{'ADJ': 21}
tanu,21,19,"{'NOUN': 20, 'ADJ': 1}"
kāmya,21,19,{'ADJ': 21}
mandin,21,14,{'ADJ': 21}
svarvat,21,20,{'ADJ': 21}
havana,21,21,{'NOUN': 21}
bhūyas,21,19,"{'ADJ': 14, 'ADV': 7}"
juhū,21,19,{'NOUN': 21}
ṛdh,21,21,{'VERB': 21}
medhā,21,21,{'NOUN': 21}
sas,21,13,{'VERB': 21}
vṛjina,21,18,"{'ADJ': 13, 'NOUN': 8}"
tṛṣ,21,19,{'VERB': 21}
sthātṛ,21,20,"{'ADJ': 17, 'NOUN': 4}"
citay,21,18,{'VERB': 21}
durga,21,16,"{'NOUN': 20, 'ADJ': 1}"
sādhana,21,19,{'ADJ': 21}
catuṣpada,21,19,{'ADJ': 21}
taraṇi,21,18,{'ADJ': 21}
sanāt,21,19,{'ADV': 21}
pūru,21,20,{'NOUN': 21}
rad,21,21,{'VERB': 21}
dṛh,21,21,{'VERB': 21}
vāś,21,20,{'VERB': 21}
duvasy,21,19,{'VERB': 21}
joṣa,21,21,{'NOUN': 21}
śveta,21,18,{'ADJ': 21}
vaśa,21,20,{'NOUN': 21}
mithuna,21,20,"{'NOUN': 15, 'ADJ': 6}"
jāta,21,21,{'NOUN': 21}
vāsay,21,20,{'VERB': 21}
sūryā,21,7,{'NOUN': 21}
vājinīvasu,21,15,{'ADJ': 21}
purohita,20,17,{'NOUN': 20}
spṛś,20,20,"{'ADJ': 6, 'VERB': 14}"
usrā,20,19,{'NOUN': 20}
sūnṛta,20,11,"{'NOUN': 2, 'ADJ': 18}"
duvas,20,20,"{'NOUN': 19, 'ADJ': 1}"
parvan,20,17,{'NOUN': 20}
abhva,20,14,"{'NOUN': 19, 'ADJ': 1}"
divā,20,17,{'ADV': 20}
madhyama,20,19,{'ADJ': 20}
anāgas,20,19,{'ADJ': 20}
tvāvat,20,18,{'ADJ': 20}
yojana,20,17,{'NOUN': 20}
trātṛ,20,19,"{'NOUN': 19, 'ADJ': 1}"
avṛka,20,19,"{'NOUN': 2, 'ADJ': 18}"
pavi,20,20,{'NOUN': 20}
amīvā,20,17,{'NOUN': 20}
dhūma,20,20,{'NOUN': 20}
jambha,20,19,{'NOUN': 20}
turvaśa,20,18,{'NOUN': 20}
vanin,20,20,"{'NOUN': 18, 'ADJ': 2}"
ṛju,20,18,{'ADJ': 20}
bhās,20,17,{'NOUN': 20}
śravasyu,20,18,{'ADJ': 20}
dvipad,20,18,{'NOUN': 20}
udi,20,17,{'VERB': 20}
mahay,20,18,{'VERB': 20}
ina,20,18,{'ADJ': 20}
śvi,20,18,{'VERB': 20}
bahula,20,19,{'ADJ': 20}
kṣema,20,19,{'NOUN': 20}
vena,20,17,"{'NOUN': 17, 'ADJ': 3}"
bharadvāja,20,18,{'NOUN': 20}
samyañc,20,18,{'ADJ': 20}
abhiśasti,20,19,{'NOUN': 20}
nud,20,19,{'VERB': 20}
ṛkvan,20,17,{'ADJ': 20}
madintama,20,17,{'ADJ': 20}
pradiś,20,17,"{'NOUN': 19, 'VERB': 1}"
niyutvat,20,16,{'ADJ': 20}
heti,20,19,{'NOUN': 20}
vṛṣ,20,18,{'VERB': 20}
nādh,20,18,{'VERB': 20}
rebha,20,19,"{'NOUN': 19, 'ADJ': 1}"
paścāt,20,18,{'ADV': 20}
āṃ,20,20,{'ADV': 20}
dhātṛ,20,17,{'NOUN': 20}
kṣip,20,17,"{'VERB': 7, 'NOUN': 13}"
puroḍāś,20,10,{'NOUN': 20}
śṛ,20,11,{'VERB': 20}
vivakṣ,20,3,{'VERB': 20}
ṛtvij,19,18,{'NOUN': 19}
medha,19,19,{'NOUN': 19}
medhira,19,18,{'ADJ': 19}
svāhā,19,17,"{'NOUN': 3, 'ADV': 16}"
ghora,19,19,{'ADJ': 19}
gandharva,19,14,{'NOUN': 19}
sotṛ,19,17,{'ADJ': 19}
stotra,19,19,{'NOUN': 19}
namasy,19,18,{'VERB': 19}
avadya,19,18,"{'ADJ': 5, 'NOUN': 14}"
doṣā,19,18,"{'ADV': 15, 'NOUN': 4}"
ukṣ,19,19,{'VERB': 19}
varṣiṣṭha,19,18,{'ADJ': 19}
māna,19,18,{'NOUN': 19}
chardis,19,15,{'NOUN': 19}
acyuta,19,19,{'ADJ': 19}
avata,19,14,{'NOUN': 19}
stanay,19,18,{'VERB': 19}
vayā,19,18,{'NOUN': 19}
vyadh,19,12,{'VERB': 19}
dardar,19,17,{'VERB': 19}
nabhas,19,18,{'NOUN': 19}
guhya,19,17,"{'ADJ': 17, 'NOUN': 2}"
pātra,19,18,{'NOUN': 19}
andha,19,18,{'ADJ': 19}
dyukṣa,19,18,{'ADJ': 19}
pāthas,19,18,{'NOUN': 19}
kṛp,19,18,"{'VERB': 11, 'NOUN': 8}"
vajrivat,19,10,{'ADJ': 19}
iyakṣ,19,16,{'VERB': 19}
śudh,19,7,{'VERB': 19}
taviṣa,19,16,"{'ADJ': 15, 'NOUN': 4}"
dāti,19,17,{'NOUN': 19}
āgas,19,17,{'NOUN': 19}
śṛdh,19,17,{'VERB': 19}
poṣa,18,18,{'NOUN': 18}
pare,18,14,{'VERB': 18}
anavadya,18,17,{'ADJ': 18}
sahasvat,18,16,{'ADJ': 18}
astṛ,18,18,{'NOUN': 18}
viśvacarṣaṇi,18,18,{'ADJ': 18}
bodhay,18,16,{'VERB': 18}
gṛhapati,18,16,{'NOUN': 18}
āsya,18,17,{'NOUN': 18}
dātṛ,18,17,"{'ADJ': 17, 'NOUN': 1}"
śamī,18,18,{'NOUN': 18}
somin,18,15,{'ADJ': 18}
śambhu,18,16,{'ADJ': 18}
bandh,18,15,{'VERB': 18}
śrath,18,17,"{'VERB': 11, 'NOUN': 7}"
parī,18,16,{'VERB': 18}
tṛd,18,16,{'VERB': 18}
avasṛj,18,18,{'VERB': 18}
mih,18,18,"{'NOUN': 11, 'VERB': 7}"
ojiṣṭha,18,18,{'ADJ': 18}
virūpa,18,17,"{'NOUN': 4, 'ADJ': 14}"
vandhura,18,17,{'NOUN': 18}
tviṣ,18,18,"{'VERB': 10, 'NOUN': 8}"
rabh,18,15,{'VERB': 18}
gotama,18,15,{'NOUN': 18}
carkar,18,17,{'VERB': 18}
nyāñc,18,16,{'ADJ': 18}
bhikṣ,18,17,{'VERB': 18}
udan,18,15,{'NOUN': 18}
mādhvī,18,7,{'ADJ': 18}
nṛvat,18,18,{'ADJ': 18}
ajasra,18,17,{'ADJ': 18}
śaru,18,16,{'NOUN': 18}
vṛṣaṇvasu,18,11,{'ADJ': 18}
tur,18,18,"{'NOUN': 2, 'VERB': 14, 'ADJ': 2}"
divodāsa,18,15,{'NOUN': 18}
ādā,18,15,{'VERB': 18}
ṛtuthā,18,18,{'ADV': 18}
mṛtyu,18,14,{'NOUN': 18}
yajvan,17,15,"{'ADJ': 8, 'NOUN': 9}"
vājinīvat,17,14,{'ADJ': 17}
kevala,17,14,{'ADJ': 17}
akṣita,17,16,{'ADJ': 17}
sātama,17,16,{'ADJ': 17}
vāha,17,16,"{'ADJ': 15, 'NOUN': 2}"
āvivās,17,16,{'VERB': 17}
ṣaṣ,17,13,{'NUM': 17}
katama,17,11,{'PRON': 17}
kuha,17,11,{'ADV': 17}
radh,17,17,{'VERB': 17}
vastra,17,16,{'NOUN': 17}
nemi,17,17,{'NOUN': 17}
peya,17,16,{'NOUN': 17}
śyāva,17,15,"{'ADJ': 13, 'NOUN': 4}"
ga,17,16,{'ADJ': 17}
arci,17,15,{'NOUN': 17}
gaviṣṭi,17,17,{'NOUN': 17}
āpya,17,17,"{'NOUN': 16, 'ADJ': 1}"
rohita,17,16,"{'NOUN': 2, 'ADJ': 15}"
havyavāha,17,15,{'NOUN': 17}
jantu,17,17,{'NOUN': 17}
sadhryañc,17,15,{'ADJ': 17}
pravac,17,16,{'VERB': 17}
raghu,17,16,"{'ADJ': 15, 'NOUN': 2}"
sthavira,17,17,{'ADJ': 17}
samitha,17,17,{'NOUN': 17}
śnath,17,17,{'VERB': 17}
prayasvat,17,17,{'ADJ': 17}
marjay,17,17,{'VERB': 17}
gur,17,13,{'VERB': 17}
dhāsi,17,15,{'NOUN': 17}
samarya,17,17,"{'NOUN': 15, 'ADJ': 2}"
arepas,17,16,{'ADJ': 17}
ajurya,17,16,{'ADJ': 17}
amūra,17,17,{'ADJ': 17}
purukṣu,17,17,{'ADJ': 17}
nṛpati,17,15,{'NOUN': 17}
abhra,17,15,{'NOUN': 17}
dakṣiṇa,17,16,"{'ADJ': 15, 'NOUN': 2}"
vitan,17,13,{'VERB': 17}
parṇa,17,16,{'NOUN': 17}
ardha,17,14,"{'NOUN': 14, 'ADJ': 3}"
netṛ,17,15,"{'ADJ': 3, 'NOUN': 14}"
atka,17,17,{'NOUN': 17}
pāray,17,17,{'VERB': 17}
kṛta,17,15,{'NOUN': 17}
samanā,17,15,{'ADV': 17}
bhujyu,17,14,"{'NOUN': 15, 'ADJ': 2}"
vibhvan,17,15,"{'ADJ': 6, 'NOUN': 11}"
pārya,17,16,"{'ADJ': 16, 'NOUN': 1}"
arya,17,16,{'ADJ': 17}
āviś,17,16,{'VERB': 17}
śaraṇa,17,17,"{'NOUN': 11, 'ADJ': 6}"
aghnyā,17,15,{'NOUN': 17}
yajīyas,17,13,{'ADJ': 17}
vājayu,17,16,{'ADJ': 17}
dhenā,16,15,{'NOUN': 16}
antama,16,16,{'ADJ': 16}
avani,16,16,{'NOUN': 16}
purutama,16,16,{'ADJ': 16}
pṛtany,16,14,{'VERB': 16}
asaścat,16,15,{'ADJ': 16}
mahī,16,15,{'NOUN': 16}
agriya,16,14,"{'ADJ': 14, 'NOUN': 2}"
sāday,16,16,{'VERB': 16}
atrin,16,14,{'NOUN': 16}
divispṛś,16,16,{'ADJ': 16}
gnā,16,14,{'NOUN': 16}
yajamāna,16,13,{'NOUN': 16}
keta,16,16,{'NOUN': 16}
hṛ,16,14,{'VERB': 16}
ven,16,16,{'VERB': 16}
viśvāhā,16,13,{'ADV': 16}
nārī,16,14,{'NOUN': 16}
śacīvat,16,15,{'ADJ': 16}
āhuti,16,15,{'NOUN': 16}
jighāṃs,16,14,{'VERB': 16}
yadu,16,16,{'NOUN': 16}
svana,16,15,{'NOUN': 16}
iṣu,16,12,{'NOUN': 16}
vicetas,16,15,{'ADJ': 16}
āvṛ,16,16,{'VERB': 16}
gotra,16,14,{'NOUN': 16}
smat,16,14,{'ADV': 16}
abhibhūti,16,15,"{'NOUN': 3, 'ADJ': 13}"
māhina,16,15,{'ADJ': 16}
stubh,16,16,"{'NOUN': 10, 'VERB': 6}"
haṃsa,16,14,{'NOUN': 16}
math,16,13,{'VERB': 16}
jenya,16,16,{'ADJ': 16}
yāna,16,15,"{'NOUN': 12, 'ADJ': 4}"
purāṇa,16,14,"{'ADJ': 15, 'NOUN': 1}"
praketa,16,14,{'NOUN': 16}
tā,16,14,{'NOUN': 16}
sāsahi,16,14,{'ADJ': 16}
avama,16,15,{'ADJ': 16}
prasava,16,12,{'NOUN': 16}
nānā,16,16,{'ADV': 16}
ribh,16,12,{'VERB': 16}
śacīpati,16,11,{'NOUN': 16}
nidhi,16,15,{'NOUN': 16}
dureva,16,15,{'ADJ': 16}
javas,16,16,{'NOUN': 16}
viṣa,16,7,{'NOUN': 16}
hṛdaya,16,12,{'NOUN': 16}
prajñā,16,14,{'VERB': 16}
varīyas,16,14,"{'ADJ': 15, 'NOUN': 1}"
dina,16,13,{'NOUN': 16}
sava,16,13,{'NOUN': 16}
pṛkṣa,16,14,"{'NOUN': 4, 'ADJ': 12}"
vanuṣy,16,15,{'VERB': 16}
ajira,16,16,{'ADJ': 16}
ṛtviya,16,14,{'ADJ': 16}
vanus,16,16,{'ADJ': 16}
madira,16,16,{'ADJ': 16}
preṣṭha,16,16,{'ADJ': 16}
abhaya,16,14,"{'ADJ': 5, 'NOUN': 11}"
pariṣkṛ,16,16,{'VERB': 16}
snu,16,15,"{'NOUN': 12, 'ADJ': 4}"
idā,16,9,{'ADV': 16}
sutāvat,15,14,{'ADJ': 15}
āruh,15,15,{'VERB': 15}
ej,15,14,{'VERB': 15}
dūtya,15,15,{'NOUN': 15}
brāhmaṇa,15,12,"{'ADJ': 1, 'NOUN': 14}"
ātan,15,15,{'VERB': 15}
sajūs,15,9,{'ADV': 15}
dhṛṣṇuyā,15,12,{'ADV': 15}
āghṛṇi,15,10,{'ADJ': 15}
jyok,15,15,{'ADV': 15}
pāda,15,13,{'NOUN': 15}
abhimāti,15,15,"{'ADJ': 3, 'NOUN': 12}"
mithas,15,13,{'ADV': 15}
dūrāt,15,15,{'ADV': 15}
upāka,15,15,{'ADJ': 15}
bhas,15,12,{'VERB': 15}
tathā,15,14,{'ADV': 15}
sadhamāda,15,14,{'NOUN': 15}
navagva,15,13,{'NOUN': 15}
yaviṣṭhya,15,12,{'ADJ': 15}
dyumnin,15,14,{'ADJ': 15}
pṛṣatī,15,13,{'NOUN': 15}
ghṛṣvi,15,14,{'ADJ': 15}
cyāvay,15,14,{'VERB': 15}
abhīśu,15,14,{'NOUN': 15}
īṣ,15,14,{'VERB': 15}
kṣap,15,15,{'NOUN': 15}
bhiyas,15,14,{'NOUN': 15}
āvṛt,15,15,"{'VERB': 10, 'NOUN': 5}"
dāman,15,13,{'NOUN': 15}
rava,15,13,{'NOUN': 15}
vakṣas,15,14,{'NOUN': 15}
siṃha,15,14,{'NOUN': 15}
svādhī,15,15,{'ADJ': 15}
hima,15,15,{'NOUN': 15}
atharvan,15,13,{'NOUN': 15}
gṛbhāy,15,14,{'VERB': 15}
arvācīna,15,15,{'ADJ': 15}
samanas,15,14,{'ADJ': 15}
vasumat,15,14,{'ADJ': 15}
śaśvattama,15,15,{'ADJ': 15}
purudhā,15,15,{'ADV': 15}
puṃs,15,12,{'NOUN': 15}
ārāt,15,14,{'ADV': 15}
suṣṭuta,15,15,{'ADJ': 15}
rocay,15,14,{'VERB': 15}
kumāra,15,9,{'NOUN': 15}
sumedhas,15,12,{'ADJ': 15}
prasiti,15,13,{'NOUN': 15}
yoṣaṇā,15,14,{'NOUN': 15}
divāvasu,15,1,{'ADJ': 15}
dhiṣṇya,14,13,{'ADJ': 14}
vājavat,14,13,{'ADJ': 14}
ru,14,13,{'VERB': 14}
antara,14,14,"{'ADJ': 13, 'NOUN': 1}"
vyacas,14,14,{'NOUN': 14}
uṣarbudh,14,13,{'ADJ': 14}
dadi,14,11,{'ADJ': 14}
mikṣ,14,13,{'VERB': 14}
vipanyu,14,14,{'ADJ': 14}
hīḍ,14,13,{'VERB': 14}
mās,14,11,{'NOUN': 14}
spaś,14,13,{'NOUN': 14}
daṃsanā,14,14,{'NOUN': 14}
udyam,14,14,{'VERB': 14}
śatin,14,13,{'ADJ': 14}
yajyu,14,14,"{'ADJ': 13, 'NOUN': 1}"
varman,14,11,{'NOUN': 14}
syand,14,14,{'VERB': 14}
pratimāna,14,12,{'NOUN': 14}
gavyat,14,14,{'ADJ': 14}
prathamam,14,12,{'ADV': 14}
rātri,14,13,{'NOUN': 14}
tapus,14,12,{'NOUN': 14}
amavat,14,13,{'ADJ': 14}
rudriya,14,14,"{'NOUN': 9, 'ADJ': 5}"
vavri,14,11,{'NOUN': 14}
suvṛt,14,12,{'ADJ': 14}
vivas,14,9,{'VERB': 14}
aśani,14,12,{'NOUN': 14}
kṛtvya,14,14,{'ADJ': 14}
parīṇas,14,14,{'NOUN': 14}
adhrigu,14,12,"{'ADJ': 10, 'NOUN': 4}"
ve,14,10,{'VERB': 14}
ama,14,14,{'NOUN': 14}
śvas,14,13,"{'VERB': 6, 'ADV': 8}"
sap,14,14,{'VERB': 14}
citti,14,14,{'NOUN': 14}
dvibarhas,14,14,{'ADJ': 14}
sānasi,14,12,{'ADJ': 14}
piśaṅga,14,14,{'ADJ': 14}
ayas,14,13,{'NOUN': 14}
agnīṣoma,14,3,{'NOUN': 14}
prataram,14,13,{'ADV': 14}
sana,14,13,{'ADJ': 14}
asmāka,14,14,{'ADJ': 14}
cetas,14,14,{'NOUN': 14}
āsuti,14,14,{'NOUN': 14}
vṛtratūrya,14,13,{'NOUN': 14}
dātra,14,14,{'NOUN': 14}
vār,14,13,{'NOUN': 14}
tarutra,14,13,{'ADJ': 14}
mud,14,14,"{'NOUN': 4, 'VERB': 10}"
apya,14,13,{'ADJ': 14}
mākir,14,14,{'ADV': 14}
upastuti,14,13,{'NOUN': 14}
vimā,14,13,{'VERB': 14}
svadhiti,14,11,{'NOUN': 14}
uttāna,14,13,{'ADJ': 14}
vidharman,14,13,{'NOUN': 14}
budhnya,14,14,{'ADJ': 14}
indrāsoma,14,4,{'NOUN': 14}
ṛdhak,14,14,{'ADV': 14}
mādhyaṃdina,14,8,{'ADJ': 14}
saṃjit,14,14,{'NOUN': 14}
vyac,14,13,{'VERB': 14}
harita,14,9,{'ADJ': 14}
droṇa,14,14,{'NOUN': 14}
kalpay,14,11,{'VERB': 14}
paribhū,13,13,"{'ADJ': 10, 'VERB': 3}"
canas,13,13,{'NOUN': 13}
abhidyu,13,13,{'ADJ': 13}
ādhī,13,12,{'NOUN': 13}
dāvan,13,10,{'ADJ': 13}
kakṣīvant,13,11,{'NOUN': 13}
ṛte,13,13,{'ADV': 13}
śasti,13,11,{'NOUN': 13}
prasthā,13,11,{'VERB': 13}
bhiṣaj,13,11,"{'NOUN': 12, 'VERB': 1}"
pastyā,13,13,{'NOUN': 13}
asāmi,13,8,{'ADJ': 13}
gavyūti,13,13,{'NOUN': 13}
śravāyya,13,13,{'ADJ': 13}
jyāyas,13,13,{'ADJ': 13}
pāpa,13,12,{'ADJ': 13}
kṣumat,13,13,{'ADJ': 13}
dabhra,13,12,{'ADJ': 13}
kīri,13,13,{'NOUN': 13}
śakti,13,13,{'NOUN': 13}
vakṣaṇā,13,12,{'NOUN': 13}
piṣ,13,12,{'VERB': 13}
āśī,13,12,"{'VERB': 12, 'NOUN': 1}"
apratīta,13,12,{'ADJ': 13}
yātay,13,11,{'VERB': 13}
vāhana,13,13,{'ADJ': 13}
sanīḍa,13,12,{'ADJ': 13}
sacābhū,13,10,{'NOUN': 13}
prayajyu,13,13,{'ADJ': 13}
ādiś,13,11,"{'VERB': 8, 'NOUN': 5}"
hvṛ,13,13,{'VERB': 13}
grāma,13,13,{'NOUN': 13}
priyamedha,13,11,{'NOUN': 13}
diviṣṭi,13,12,{'NOUN': 13}
cud,13,13,{'VERB': 13}
samana,13,12,{'NOUN': 13}
patatrin,13,13,"{'NOUN': 4, 'ADJ': 9}"
atithigva,13,12,{'NOUN': 13}
hṛṣ,13,13,{'VERB': 13}
pāna,13,12,{'NOUN': 13}
pajra,13,11,"{'NOUN': 9, 'ADJ': 4}"
gavyu,13,13,{'ADJ': 13}
cekit,13,12,{'VERB': 13}
tuviṣmat,13,12,{'ADJ': 13}
bhūrṇi,13,13,{'ADJ': 13}
āṅgūṣa,13,12,{'NOUN': 13}
viśvaminva,13,12,{'ADJ': 13}
virapśin,13,13,{'ADJ': 13}
ayās,13,12,{'ADJ': 13}
kṣodas,13,13,{'NOUN': 13}
uṣ,13,12,"{'NOUN': 3, 'VERB': 10}"
pitrya,13,13,{'ADJ': 13}
ahraya,13,12,{'ADJ': 13}
saumanasa,13,13,{'NOUN': 13}
ghas,13,12,{'VERB': 13}
saṃyat,13,11,"{'VERB': 1, 'ADJ': 11, 'NOUN': 1}"
abhipitva,13,12,{'NOUN': 13}
apīcya,13,12,{'ADJ': 13}
vrāta,13,10,{'NOUN': 13}
carman,13,13,{'NOUN': 13}
mahitvana,13,13,{'NOUN': 13}
jaṅghan,13,12,{'VERB': 13}
sahasāvat,13,12,{'ADJ': 13}
sanutar,13,13,{'ADV': 13}
aśasti,13,11,{'NOUN': 13}
gopati,13,13,{'NOUN': 13}
pariṣic,13,11,{'VERB': 13}
ṛjra,13,12,{'ADJ': 13}
svad,13,13,{'VERB': 13}
yakṣma,13,6,{'NOUN': 13}
dagh,13,13,{'VERB': 13}
dakṣiṇāvat,13,8,{'ADJ': 13}
śravasy,13,13,{'VERB': 13}
iḍ,13,11,{'NOUN': 13}
pṛthak,13,11,{'ADV': 13}
aprayucchat,13,12,{'ADJ': 13}
spṛ,13,13,{'VERB': 13}
śvan,13,12,{'NOUN': 13}
raśanā,13,12,{'NOUN': 13}
dhṛṣat,13,13,{'ADJ': 13}
ghṛtaścut,13,11,{'ADJ': 13}
anamīva,13,12,"{'ADJ': 12, 'NOUN': 1}"
maṃhanā,13,13,{'NOUN': 13}
madhuścut,13,13,{'ADJ': 13}
yātu,13,6,{'NOUN': 13}
saras,13,10,{'NOUN': 13}
puruṣa,13,7,{'NOUN': 13}
ghṛtāñc,12,12,{'ADJ': 12}
svasara,12,11,{'NOUN': 12}
astṛta,12,11,{'ADJ': 12}
dadhi,12,11,"{'NOUN': 11, 'ADJ': 1}"
rudh,12,9,{'VERB': 12}
das,12,11,{'VERB': 12}
narāśaṃsa,12,12,{'NOUN': 12}
supeśas,12,12,{'ADJ': 12}
cetana,12,12,"{'NOUN': 3, 'ADJ': 9}"
gaura,12,11,"{'NOUN': 10, 'ADJ': 2}"
nediṣṭha,12,11,{'ADJ': 12}
sukha,12,12,{'ADJ': 12}
kṛtyā,12,9,{'NOUN': 12}
devatā,12,12,"{'NOUN': 9, 'ADV': 3}"
tanyatu,12,12,{'NOUN': 12}
tuvīmagha,12,6,{'ADJ': 12}
śiprin,12,12,{'ADJ': 12}
hiraṇyavat,12,12,{'ADJ': 12}
aṅgirastama,12,11,{'ADJ': 12}
śayu,12,12,"{'ADJ': 3, 'NOUN': 9}"
rekṇas,12,11,{'NOUN': 12}
pāka,12,10,"{'ADJ': 9, 'NOUN': 3}"
viduṣṭara,12,11,{'ADJ': 12}
vṛṣāy,12,12,{'VERB': 12}
kila,12,10,{'PART': 12}
pād,12,10,{'NOUN': 12}
avrata,12,10,{'ADJ': 12}
svarāj,12,12,"{'NOUN': 9, 'ADJ': 3}"
caratha,12,12,"{'NOUN': 7, 'ADJ': 5}"
arāvan,12,11,{'ADJ': 12}
rādh,12,12,{'VERB': 12}
vibhāvasu,12,9,{'NOUN': 12}
paridhi,12,11,{'NOUN': 12}
barhaṇā,12,12,{'NOUN': 12}
aprati,12,12,{'ADJ': 12}
kṣoṇī,12,12,{'NOUN': 12}
tṛṣu,12,9,{'ADJ': 12}
acchidra,12,12,{'ADJ': 12}
śravasya,12,11,"{'NOUN': 7, 'ADJ': 5}"
īśāna,12,10,"{'NOUN': 11, 'ADJ': 1}"
jña,12,12,{'ADJ': 12}
prathay,12,12,{'VERB': 12}
didyut,12,12,{'NOUN': 12}
sūday,12,12,{'VERB': 12}
didhiṣ,12,11,{'VERB': 12}
jagat,12,12,{'ADJ': 12}
sādana,12,11,{'NOUN': 12}
jīvātu,12,9,{'NOUN': 12}
marutvant,12,5,{'NOUN': 12}
tvāyā,12,9,{'ADV': 12}
anumad,12,12,{'VERB': 12}
dharṇasi,12,12,{'ADJ': 12}
uditi,12,12,{'NOUN': 12}
saudhanvana,12,4,{'NOUN': 12}
upastu,12,11,{'VERB': 12}
viśvahā,12,12,{'ADV': 12}
trasadasyu,12,11,{'NOUN': 12}
sumeka,12,12,{'ADJ': 12}
cyavāna,12,12,"{'NOUN': 10, 'ADJ': 2}"
svap,12,10,{'VERB': 12}
praṇī,12,12,"{'VERB': 11, 'NOUN': 1}"
triṃśat,12,12,{'NOUN': 12}
urvarā,12,11,{'NOUN': 12}
dampati,12,12,{'NOUN': 12}
arpay,12,8,{'VERB': 12}
urvī,12,11,{'NOUN': 12}
indrāviṣṇu,12,6,{'NOUN': 12}
dīti,12,12,{'NOUN': 12}
sambhṛ,12,11,{'VERB': 12}
surabhi,12,12,{'ADJ': 12}
pakṣa,12,9,{'NOUN': 12}
viṣṭhā,12,12,"{'VERB': 11, 'NOUN': 1}"
strī,12,10,{'NOUN': 12}
ūma,12,11,{'NOUN': 12}
deṣṇa,12,12,{'NOUN': 12}
gāh,12,8,{'VERB': 12}
pīyūṣa,12,11,{'NOUN': 12}
anas,12,9,{'NOUN': 12}
stena,12,12,{'NOUN': 12}
araṇa,12,11,"{'ADJ': 11, 'NOUN': 1}"
amṛkta,12,11,{'ADJ': 12}
dadhikrā,12,6,{'NOUN': 12}
arvāvat,12,11,{'NOUN': 12}
saṃvid,12,12,"{'VERB': 10, 'NOUN': 2}"
asat,12,7,{'ADJ': 12}
dheya,12,8,{'NOUN': 12}
śakuna,12,11,{'NOUN': 12}
adhṛṣṭa,12,11,{'ADJ': 12}
dūrakam,12,1,{'ADV': 12}
dhiyāvasu,11,11,{'ADJ': 11}
pāvan,11,11,{'ADJ': 11}
arbha,11,11,{'ADJ': 11}
vaṃsaga,11,10,{'NOUN': 11}
irajy,11,11,{'VERB': 11}
kukṣi,11,11,{'NOUN': 11}
rathin,11,11,"{'ADJ': 6, 'NOUN': 5}"
ṛgmiya,11,11,{'ADJ': 11}
rathītama,11,10,{'ADJ': 11}
amita,11,11,{'ADJ': 11}
turīya,11,11,{'ADJ': 11}
dhānā,11,7,{'NOUN': 11}
bhāratī,11,9,{'NOUN': 11}
varūtṛ,11,11,{'ADJ': 11}
syona,11,9,"{'ADJ': 8, 'NOUN': 3}"
tredhā,11,10,{'ADV': 11}
dharma,11,11,{'NOUN': 11}
upari,11,11,{'ADV': 11}
pāśa,11,10,{'NOUN': 11}
vasati,11,11,"{'NOUN': 10, 'ADJ': 1}"
śūrasāti,11,11,{'NOUN': 11}
aṅgirasvat,11,11,"{'ADV': 8, 'ADJ': 3}"
vāśra,11,10,{'ADJ': 11}
vadhar,11,10,{'NOUN': 11}
kāṣṭhā,11,11,{'NOUN': 11}
yāvat,11,7,"{'ADJ': 10, 'SCONJ': 1}"
trivṛt,11,10,{'ADJ': 11}
mṛś,11,11,{'VERB': 11}
nītha,11,9,{'NOUN': 11}
śrutya,11,11,"{'ADJ': 10, 'NOUN': 1}"
amṛdhra,11,10,{'ADJ': 11}
uda,11,10,{'NOUN': 11}
ādhṛṣ,11,10,{'VERB': 11}
edh,11,11,{'VERB': 11}
pruṣ,11,11,"{'ADJ': 5, 'VERB': 6}"
vañc,11,10,{'VERB': 11}
kakuha,11,11,{'ADJ': 11}
pipru,11,11,{'NOUN': 11}
uśanas,11,10,{'NOUN': 11}
pravaṇa,11,10,"{'NOUN': 10, 'ADJ': 1}"
badbadh,11,10,{'VERB': 11}
āprā,11,11,{'VERB': 11}
ṣaṣṭi,11,10,{'NOUN': 11}
gopa,11,9,{'NOUN': 11}
prācīna,11,10,{'ADJ': 11}
vandana,11,10,{'NOUN': 11}
suṣvi,11,6,{'ADJ': 11}
saramā,11,6,{'NOUN': 11}
vīrudh,11,10,{'NOUN': 11}
usṛ,11,11,{'NOUN': 11}
didyu,11,9,{'NOUN': 11}
ucatha,11,11,{'NOUN': 11}
dhanya,11,11,{'ADJ': 11}
kaścana,11,10,{'PRON': 11}
rabhasa,11,10,{'ADJ': 11}
śimīvat,11,11,{'ADJ': 11}
ṛtāy,11,11,{'VERB': 11}
abhiśrī,11,11,"{'NOUN': 10, 'VERB': 1}"
aṃśa,11,11,{'NOUN': 11}
puraṃdara,11,9,{'NOUN': 11}
vibhaj,11,10,{'VERB': 11}
prapitva,11,11,{'NOUN': 11}
svādiṣṭha,11,11,{'ADJ': 11}
ajāmi,11,10,"{'ADJ': 9, 'NOUN': 2}"
ghna,11,9,"{'ADJ': 8, 'NOUN': 3}"
patman,11,10,{'NOUN': 11}
jūti,11,11,{'NOUN': 11}
ducchunā,11,11,{'NOUN': 11}
harmya,11,11,{'NOUN': 11}
vihāyas,11,10,{'ADJ': 11}
kanyā,11,9,{'NOUN': 11}
sarpis,11,11,{'NOUN': 11}
paraśu,11,11,{'NOUN': 11}
myakṣ,11,9,{'VERB': 11}
dī,11,11,{'VERB': 11}
eṣa,11,9,"{'NOUN': 9, 'ADJ': 2}"
vahatu,11,6,{'NOUN': 11}
virāj,11,7,"{'VERB': 4, 'NOUN': 5, 'ADJ': 2}"
samañj,11,10,{'VERB': 11}
vasavya,11,10,{'NOUN': 11}
vajrahasta,11,10,{'NOUN': 11}
sahuri,11,9,{'ADJ': 11}
ṛṇa,11,11,"{'NOUN': 10, 'ADJ': 1}"
aramati,11,10,"{'ADJ': 1, 'NOUN': 10}"
rathira,11,9,{'ADJ': 11}
māsa,11,11,{'NOUN': 11}
sadhamād,11,10,{'ADJ': 11}
apacyu,11,10,{'VERB': 11}
vadhū,11,9,{'NOUN': 11}
etāvat,11,11,{'ADJ': 11}
uruvyañc,10,10,{'ADJ': 10}
yuvāku,10,7,{'ADJ': 10}
dhṛt,10,9,{'ADJ': 10}
asridh,10,10,{'ADJ': 10}
ghana,10,10,{'NOUN': 10}
bradhna,10,9,"{'NOUN': 7, 'ADJ': 3}"
er,10,9,{'VERB': 10}
saṃgam,10,10,{'VERB': 10}
sammiśla,10,10,{'ADJ': 10}
cakri,10,8,{'ADJ': 10}
apavṛ,10,10,{'VERB': 10}
havīman,10,9,{'NOUN': 10}
havyavah,10,10,{'NOUN': 10}
sabardugha,10,9,{'ADJ': 10}
dakṣas,10,9,{'ADJ': 10}
pramī,10,10,{'VERB': 10}
uccā,10,10,{'ADV': 10}
muṣ,10,10,{'VERB': 10}
udara,10,10,{'NOUN': 10}
yahu,10,10,"{'NOUN': 8, 'ADJ': 2}"
sanitṛ,10,9,{'ADJ': 10}
dṛśīka,10,9,"{'ADJ': 3, 'NOUN': 7}"
nimna,10,10,{'NOUN': 10}
parāka,10,9,"{'NOUN': 9, 'ADJ': 1}"
adhara,10,9,{'ADJ': 10}
niṇya,10,10,"{'NOUN': 6, 'ADJ': 4}"
pravṛdh,10,10,"{'VERB': 9, 'NOUN': 1}"
reṇu,10,9,{'NOUN': 10}
nṛṣāhya,10,9,"{'NOUN': 9, 'ADJ': 1}"
akṣara,10,7,"{'ADJ': 4, 'NOUN': 6}"
havyavāhana,10,9,{'NOUN': 10}
spṛt,10,10,{'ADJ': 10}
vāśī,10,10,{'NOUN': 10}
bhaya,10,10,{'NOUN': 10}
meṣa,10,9,{'NOUN': 10}
vittama,10,10,{'ADJ': 10}
apūrvya,10,10,{'ADJ': 10}
viṣṭap,10,10,{'NOUN': 10}
tīrtha,10,10,{'NOUN': 10}
triṣadhastha,10,10,{'ADJ': 10}
padvat,10,9,{'ADJ': 10}
nṛmaṇas,10,8,{'ADJ': 10}
durya,10,8,"{'ADJ': 4, 'NOUN': 6}"
nāma,10,10,{'ADV': 10}
asama,10,9,{'ADJ': 10}
nema,10,8,{'ADJ': 10}
bhṛṣṭi,10,10,{'NOUN': 10}
svarṣā,10,10,{'ADJ': 10}
muṣāy,10,9,{'VERB': 10}
gādha,10,10,"{'NOUN': 8, 'ADJ': 2}"
āma,10,10,{'ADJ': 10}
riṣaṇy,10,10,{'VERB': 10}
arṇa,10,10,{'NOUN': 10}
pṛṣat,10,9,{'ADJ': 10}
ananta,10,10,{'ADJ': 10}
khādi,10,10,{'NOUN': 10}
ajman,10,9,{'NOUN': 10}
namasya,10,9,{'ADJ': 10}
śurudh,10,10,{'NOUN': 10}
hita,10,10,{'ADJ': 10}
viṃśati,10,8,{'NOUN': 10}
anedya,10,5,{'ADJ': 10}
śeṣas,10,8,{'NOUN': 10}
dūḍhī,10,9,{'ADJ': 10}
baṭ,10,8,{'ADV': 10}
bharata,10,9,{'NOUN': 10}
raṇay,10,10,{'VERB': 10}
vrādh,10,9,{'VERB': 10}
sumat,10,10,{'ADV': 10}
vaśin,10,10,{'ADJ': 10}
jaitra,10,8,"{'ADJ': 6, 'NOUN': 4}"
sapatnī,10,6,{'NOUN': 10}
āptya,10,6,{'NOUN': 10}
rasā,10,9,{'NOUN': 10}
dabhīti,10,9,{'NOUN': 10}
mahīy,10,10,{'VERB': 10}
asu,10,10,{'NOUN': 10}
pūruṣa,10,6,{'NOUN': 10}
starī,10,10,{'NOUN': 10}
sujāta,10,9,{'ADJ': 10}
tyajas,10,10,{'NOUN': 10}
vahiṣṭha,10,10,{'ADJ': 10}
uṣāsānaktā,10,10,{'NOUN': 10}
nahus,10,8,{'NOUN': 10}
jiṣṇu,10,10,{'ADJ': 10}
viṣurūpa,10,10,{'ADJ': 10}
amā,10,10,{'ADV': 10}
śagma,10,9,{'ADJ': 10}
śravastama,10,10,{'ADJ': 10}
raṃh,10,10,{'VERB': 10}
kutas,10,8,{'ADV': 10}
anūna,10,10,{'ADJ': 10}
sahasya,10,10,{'ADJ': 10}
giriṣṭhā,10,10,{'NOUN': 10}
nind,10,8,{'VERB': 10}
udaka,10,6,{'NOUN': 10}
vedi,10,10,{'NOUN': 10}
viśvajanya,10,10,{'ADJ': 10}
śram,10,10,{'VERB': 10}
nas,10,10,"{'VERB': 9, 'NOUN': 1}"
bhakṣa,10,10,{'NOUN': 10}
adṛṣṭa,10,1,{'ADJ': 10}
urugāya,10,10,{'ADJ': 10}
rātiṣāc,10,9,{'ADJ': 10}
dits,10,8,{'VERB': 10}
kha,10,8,{'NOUN': 10}
sasni,10,10,{'ADJ': 10}
jyā,10,9,"{'NOUN': 6, 'VERB': 4}"
yajatha,10,10,{'NOUN': 10}
vimocana,10,7,"{'NOUN': 8, 'ADJ': 2}"
kuśika,10,7,{'NOUN': 10}
vṛṣa,10,9,{'NOUN': 10}
devāvī,10,10,{'ADJ': 10}
śāka,10,9,"{'NOUN': 9, 'ADJ': 1}"
suṣuta,10,10,{'ADJ': 10}
āśas,10,10,{'NOUN': 10}
sadāsā,10,10,{'ADJ': 10}
sthūra,10,10,{'ADJ': 10}
dadhikrāvan,10,4,{'NOUN': 10}
rāṣṭra,10,7,{'NOUN': 10}
kṛṣ,10,8,{'VERB': 10}
adharāt,10,9,{'ADV': 10}
haras,10,5,{'NOUN': 10}
vṛṣākapi,10,1,{'NOUN': 10}
apratiṣkuta,9,7,{'ADJ': 9}
māvat,9,9,{'ADJ': 9}
prabhu,9,8,{'ADJ': 9}
rohit,9,9,{'ADJ': 9}
santya,9,7,{'ADJ': 9}
auśija,9,8,{'NOUN': 9}
dhūrti,9,8,{'NOUN': 9}
ārabh,9,8,{'VERB': 9}
samudriya,9,9,{'ADJ': 9}
tarutṛ,9,9,{'ADJ': 9}
krivi,9,9,{'NOUN': 9}
nānad,9,8,{'VERB': 9}
samṛti,9,9,{'NOUN': 9}
svarya,9,9,{'ADJ': 9}
ara,9,7,{'NOUN': 9}
ayajvan,9,5,{'ADJ': 9}
śad,9,9,{'VERB': 9}
skambha,9,9,{'NOUN': 9}
vepas,9,9,{'NOUN': 9}
svavat,9,7,{'ADJ': 9}
dhūti,9,8,{'NOUN': 9}
tavyas,9,9,{'ADJ': 9}
pratṛ,9,8,{'VERB': 9}
sahaskṛta,9,8,{'ADJ': 9}
śundhyu,9,9,{'ADJ': 9}
vimada,9,9,{'NOUN': 9}
prabhṛ,9,9,{'VERB': 9}
hanu,9,9,{'NOUN': 9}
tvāyat,9,8,{'ADJ': 9}
namuci,9,8,{'NOUN': 9}
deya,9,9,{'NOUN': 9}
yudhma,9,8,{'NOUN': 9}
sārathi,9,9,{'NOUN': 9}
turvaṇi,9,8,{'ADJ': 9}
samayā,9,9,{'ADV': 9}
uṣa,9,7,{'NOUN': 9}
atasa,9,8,{'NOUN': 9}
yahvī,9,7,{'NOUN': 9}
sahīyas,9,8,{'ADJ': 9}
śavasāna,9,7,{'ADJ': 9}
stabhāy,9,9,{'VERB': 9}
aṃsa,9,8,{'NOUN': 9}
vijñā,9,8,{'VERB': 9}
jariman,9,9,{'NOUN': 9}
akṣi,9,9,{'NOUN': 9}
vayodhas,9,9,{'ADJ': 9}
sūd,9,8,{'VERB': 9}
puraetṛ,9,9,{'NOUN': 9}
keśa,9,8,{'NOUN': 9}
dadhyac,9,9,{'NOUN': 9}
pūrvathā,9,9,{'ADV': 9}
marḍitṛ,9,8,{'NOUN': 9}
und,9,8,{'VERB': 9}
panay,9,9,{'VERB': 9}
gṛdhra,9,9,{'NOUN': 9}
aghāy,9,9,{'VERB': 9}
vidathya,9,9,{'ADJ': 9}
svaru,9,7,{'NOUN': 9}
āyaj,9,9,{'VERB': 9}
idhma,9,9,{'NOUN': 9}
kṣudh,9,8,"{'VERB': 1, 'NOUN': 8}"
sakṛt,9,7,{'ADV': 9}
kāra,9,9,"{'NOUN': 7, 'ADJ': 2}"
vicakṣ,9,8,{'VERB': 9}
yāvay,9,8,{'VERB': 9}
yajya,9,8,{'NOUN': 9}
āviṣkṛ,9,9,{'VERB': 9}
aśiva,9,8,{'ADJ': 9}
taugrya,9,7,{'NOUN': 9}
grīvā,9,9,{'NOUN': 9}
parivye,9,9,{'VERB': 9}
muhur,9,9,{'ADV': 9}
nṛtu,9,8,{'ADJ': 9}
chand,9,9,{'VERB': 9}
gavāśir,9,7,{'ADJ': 9}
dodhu,9,8,{'VERB': 9}
gāya,9,7,"{'ADJ': 6, 'NOUN': 3}"
rip,9,9,"{'VERB': 2, 'NOUN': 7}"
upās,9,9,{'VERB': 9}
namasvat,9,9,{'ADJ': 9}
bahudhā,9,5,{'ADV': 9}
dattra,9,9,{'NOUN': 9}
bhāma,9,7,{'NOUN': 9}
ṛtāyu,9,9,{'ADJ': 9}
cyautna,9,9,"{'NOUN': 8, 'ADJ': 1}"
āśis,9,9,{'NOUN': 9}
purandhi,9,8,{'NOUN': 9}
dīdhiti,9,8,{'NOUN': 9}
pīvas,9,6,"{'NOUN': 7, 'ADJ': 2}"
dṛti,9,8,{'NOUN': 9}
radhra,9,9,{'ADJ': 9}
sami,9,9,{'VERB': 9}
kitava,9,3,{'NOUN': 9}
hārdi,9,9,{'NOUN': 9}
avi,9,8,{'NOUN': 9}
gṛtsa,9,9,{'ADJ': 9}
apāra,9,8,{'ADJ': 9}
nikāma,9,8,"{'ADJ': 8, 'NOUN': 1}"
varṣman,9,9,{'NOUN': 9}
panya,9,4,{'ADJ': 9}
mūra,9,7,{'ADJ': 9}
jamadagni,9,8,{'NOUN': 9}
nakṣatra,9,9,{'NOUN': 9}
asmadryañc,9,8,{'ADJ': 9}
raṃhi,9,8,{'NOUN': 9}
ajra,9,9,{'NOUN': 9}
sadhamādya,9,9,{'ADJ': 9}
kṣatriya,9,9,{'NOUN': 9}
uccar,9,8,{'VERB': 9}
śyāvāśva,9,7,{'NOUN': 9}
davidyut,9,8,{'VERB': 9}
chandas,9,6,{'NOUN': 9}
bhojas,9,8,{'NOUN': 9}
yati,9,9,"{'NOUN': 5, 'ADV': 4}"
tṛtsu,9,3,{'NOUN': 9}
yāc,9,8,{'VERB': 9}
samīcīna,9,8,{'ADJ': 9}
tvāyu,8,8,{'ADJ': 8}
tūrṇi,8,8,{'ADJ': 8}
cetay,8,8,{'VERB': 8}
kṛtnu,8,8,{'ADJ': 8}
mādana,8,8,{'ADJ': 8}
pātama,8,7,{'ADJ': 8}
ṛghāy,8,8,{'VERB': 8}
avatṛ,8,7,{'VERB': 8}
potra,8,7,{'NOUN': 8}
dūḍabha,8,7,{'ADJ': 8}
ubj,8,8,{'VERB': 8}
kaśā,8,8,{'NOUN': 8}
niveśana,8,8,"{'ADJ': 3, 'NOUN': 5}"
duḥśaṃsa,8,7,{'ADJ': 8}
payasvat,8,6,{'ADJ': 8}
animiṣa,8,7,{'ADJ': 8}
heḍas,8,7,{'NOUN': 8}
patha,8,8,{'NOUN': 8}
dips,8,6,{'VERB': 8}
aghāyu,8,8,{'ADJ': 8}
śubhri,8,2,{'ADJ': 8}
mṛṇ,8,8,{'VERB': 8}
dūram,8,8,{'ADV': 8}
aśvā,8,8,{'NOUN': 8}
bhāra,8,8,{'NOUN': 8}
mṛṣ,8,8,{'VERB': 8}
śarīra,8,7,{'NOUN': 8}
āyā,8,8,{'VERB': 8}
śīrṣa,8,8,{'NOUN': 8}
sadhrīcīna,8,8,{'ADJ': 8}
taras,8,8,{'NOUN': 8}
udvat,8,8,{'NOUN': 8}
areṇu,8,8,"{'ADJ': 7, 'NOUN': 1}"
namasvin,8,8,{'ADJ': 8}
ajma,8,7,{'NOUN': 8}
raṇ,8,8,{'VERB': 8}
avāta,8,6,"{'ADJ': 7, 'NOUN': 1}"
āśā,8,7,{'NOUN': 8}
sūnara,8,6,{'ADJ': 8}
sruti,8,8,{'NOUN': 8}
śociṣkeśa,8,8,{'NOUN': 8}
tiroahnya,8,5,{'ADJ': 8}
jyotiṣmat,8,7,{'ADJ': 8}
dāsvat,8,8,{'ADJ': 8}
arthin,8,8,{'ADJ': 8}
āvah,8,8,{'VERB': 8}
ṛjiśvan,8,8,{'NOUN': 8}
nireka,8,7,"{'NOUN': 7, 'ADJ': 1}"
abhibhū,8,8,"{'VERB': 2, 'ADJ': 6}"
tejiṣṭha,8,7,{'ADJ': 8}
variman,8,8,{'NOUN': 8}
tud,8,7,{'VERB': 8}
tuviṣvaṇi,8,8,{'ADJ': 8}
ṛcīṣama,8,8,{'NOUN': 8}
sacetas,8,8,{'ADJ': 8}
raghuṣyad,8,8,{'ADJ': 8}
sabādh,8,8,{'ADJ': 8}
samokas,8,7,{'ADJ': 8}
prajan,8,8,{'VERB': 8}
star,8,7,{'NOUN': 8}
usra,8,7,{'NOUN': 8}
jivri,8,8,{'ADJ': 8}
abhidās,8,7,{'VERB': 8}
anutta,8,8,{'ADJ': 8}
savya,8,8,"{'ADJ': 7, 'NOUN': 1}"
sphur,8,8,{'VERB': 8}
jagmi,8,8,{'ADJ': 8}
ānam,8,8,{'VERB': 8}
ścut,8,6,{'VERB': 8}
okya,8,8,"{'NOUN': 5, 'ADJ': 3}"
abhicakṣ,8,8,{'VERB': 8}
saṃsad,8,8,{'NOUN': 8}
dyāvākṣam,8,8,{'NOUN': 8}
tūrv,8,8,{'VERB': 8}
pāñcajanya,8,8,{'ADJ': 8}
pitumat,8,8,{'ADJ': 8}
saṃdhā,8,8,{'VERB': 8}
uc,8,8,{'VERB': 8}
śūna,8,8,{'NOUN': 8}
indravat,8,8,{'ADJ': 8}
saṃvatsara,8,6,{'NOUN': 8}
sakṣaṇi,8,8,{'ADJ': 8}
vyaśva,8,6,{'NOUN': 8}
aruṇī,8,8,{'NOUN': 8}
prut,8,8,{'ADJ': 8}
pataṃga,8,6,{'NOUN': 8}
javīyas,8,8,{'ADJ': 8}
agastya,8,8,{'NOUN': 8}
purājā,8,8,{'ADJ': 8}
pruṣāy,8,6,{'VERB': 8}
arjuna,8,8,"{'NOUN': 1, 'ADJ': 7}"
vitaram,8,8,{'ADV': 8}
bhāj,8,8,{'ADJ': 8}
sakhīy,8,8,{'VERB': 8}
dvāra,8,8,{'NOUN': 8}
parīvṛ,8,7,{'VERB': 8}
asmatrā,8,7,{'ADV': 8}
agru,8,7,{'ADJ': 8}
yoṣan,8,8,{'NOUN': 8}
samṛch,8,8,{'VERB': 8}
āśuṣ,8,7,{'VERB': 8}
śamitṛ,8,7,{'NOUN': 8}
gātra,8,4,{'NOUN': 8}
parus,8,6,{'NOUN': 8}
citta,8,8,{'NOUN': 8}
svaj,8,7,{'VERB': 8}
vāka,8,5,{'NOUN': 8}
māyu,8,3,{'NOUN': 8}
śambhaviṣṭha,8,8,{'ADJ': 8}
pṛtanāṣāh,8,8,"{'ADJ': 6, 'NOUN': 2}"
vivāc,8,8,"{'NOUN': 4, 'ADJ': 4}"
am,8,6,{'VERB': 8}
sajātya,8,8,{'NOUN': 8}
pan,8,8,{'VERB': 8}
upasad,8,8,"{'NOUN': 1, 'VERB': 7}"
janya,8,8,"{'NOUN': 3, 'ADJ': 5}"
paura,8,6,"{'ADJ': 1, 'NOUN': 7}"
kṛśa,8,8,"{'ADJ': 5, 'NOUN': 3}"
ūrjay,8,8,{'VERB': 8}
gambhīra,8,7,"{'ADJ': 7, 'NOUN': 1}"
bṛhant,8,8,{'NOUN': 8}
viśvāmitra,8,5,{'NOUN': 8}
purudaṃsa,8,8,{'ADJ': 8}
ukthin,8,8,{'ADJ': 8}
tapiṣṭha,8,8,{'ADJ': 8}
antarā,8,7,{'ADV': 8}
īvat,8,8,{'ADJ': 8}
durgaha,8,8,{'NOUN': 8}
madhyaṃdina,8,7,{'NOUN': 8}
vibhrāj,8,6,"{'VERB': 6, 'ADJ': 2}"
variṣṭha,8,8,{'ADJ': 8}
svarṇṛ,8,8,{'NOUN': 8}
duḥṣvapnya,8,4,{'NOUN': 8}
maṇḍūka,8,3,{'NOUN': 8}
apsujit,8,3,{'ADJ': 8}
tuś,8,7,{'VERB': 8}
sapatna,8,5,{'NOUN': 8}
aptur,7,6,{'ADJ': 7}
vibhūti,7,7,"{'ADJ': 6, 'NOUN': 1}"
yaśasvat,7,7,{'ADJ': 7}
vṛṣaṇa,7,6,"{'ADJ': 3, 'NOUN': 4}"
upasthā,7,7,{'VERB': 7}
rakṣasvin,7,6,{'ADJ': 7}
amīva,7,7,{'NOUN': 7}
tanūnapāt,7,7,{'NOUN': 7}
ghṛtasnu,7,7,{'ADJ': 7}
tarpay,7,7,{'VERB': 7}
īṅkhay,7,5,{'VERB': 7}
sūnṛtāvat,7,7,{'ADJ': 7}
apaguh,7,7,{'VERB': 7}
candramas,7,7,{'NOUN': 7}
dyumattama,7,7,{'ADJ': 7}
śaṃsay,7,1,{'VERB': 7}
enā,7,7,{'ADV': 7}
trikadruka,7,7,{'NOUN': 7}
sāyaka,7,7,"{'NOUN': 6, 'ADJ': 1}"
vadhri,7,6,{'ADJ': 7}
nada,7,6,{'NOUN': 7}
pariṣṭhā,7,7,"{'VERB': 5, 'ADJ': 1, 'NOUN': 1}"
hanman,7,6,{'NOUN': 7}
śapha,7,7,{'NOUN': 7}
skambh,7,6,{'VERB': 7}
abhivṛ,7,7,{'VERB': 7}
vītama,7,7,{'ADJ': 7}
medhyātithi,7,5,{'NOUN': 7}
vihvā,7,7,{'VERB': 7}
psaras,7,7,{'NOUN': 7}
aritra,7,7,{'NOUN': 7}
tāyu,7,7,{'NOUN': 7}
bhuraṇy,7,7,{'VERB': 7}
nāśay,7,4,{'VERB': 7}
vicar,7,7,{'VERB': 7}
sasa,7,7,{'NOUN': 7}
arbuda,7,6,{'NOUN': 7}
coditṛ,7,7,{'ADJ': 7}
vavra,7,6,{'NOUN': 7}
hrada,7,7,{'NOUN': 7}
saṃgrah,7,7,{'VERB': 7}
dvis,7,7,{'ADV': 7}
ṛbhvas,7,7,{'ADJ': 7}
dudhra,7,7,{'ADJ': 7}
mīḍha,7,7,{'NOUN': 7}
apāvṛ,7,7,{'VERB': 7}
sthūṇā,7,5,{'NOUN': 7}
kīrti,7,7,{'NOUN': 7}
taṣṭṛ,7,7,{'NOUN': 7}
apastama,7,7,{'ADJ': 7}
marman,7,6,{'NOUN': 7}
varāha,7,7,{'NOUN': 7}
amatra,7,7,"{'ADJ': 2, 'NOUN': 5}"
daśagva,7,7,{'NOUN': 7}
sanemi,7,7,"{'ADV': 6, 'ADJ': 1}"
kratumat,7,7,{'ADJ': 7}
vivrata,7,6,{'ADJ': 7}
śoka,7,7,"{'ADJ': 1, 'NOUN': 6}"
vibhṛ,7,7,{'VERB': 7}
adhī,7,6,{'VERB': 7}
padavī,7,6,"{'NOUN': 2, 'ADJ': 5}"
nimiṣ,7,7,"{'NOUN': 4, 'VERB': 3}"
apasyu,7,7,{'ADJ': 7}
rajiṣṭha,7,7,{'ADJ': 7}
bhakṣ,7,7,{'VERB': 7}
vagnu,7,7,{'NOUN': 7}
sveda,7,6,"{'ADJ': 2, 'NOUN': 5}"
vithura,7,6,{'ADJ': 7}
udbhid,7,6,{'ADJ': 7}
nivid,7,7,{'NOUN': 7}
abhimātiṣāh,7,7,{'ADJ': 7}
anāgāstva,7,7,{'NOUN': 7}
dakṣiṇatas,7,7,{'ADV': 7}
pratnathā,7,7,{'ADV': 7}
sṛpra,7,7,{'ADJ': 7}
aśuṣa,7,7,{'ADJ': 7}
śatamūti,7,6,{'ADJ': 7}
puṣṭa,7,5,{'NOUN': 7}
pravācana,7,5,{'NOUN': 7}
mantu,7,7,{'NOUN': 7}
śroṇa,7,7,{'ADJ': 7}
gras,7,7,{'VERB': 7}
kiyat,7,5,{'ADJ': 7}
maṅgala,7,5,{'ADJ': 7}
pragā,7,6,{'VERB': 7}
paritakmyā,7,7,{'NOUN': 7}
karaṇa,7,6,"{'ADJ': 1, 'NOUN': 6}"
rap,7,6,{'VERB': 7}
svapna,7,7,{'NOUN': 7}
pānta,7,5,{'NOUN': 7}
varivasy,7,6,{'VERB': 7}
paścā,7,6,{'ADV': 7}
vāraṇa,7,7,"{'NOUN': 3, 'ADJ': 4}"
hiṃs,7,7,{'VERB': 7}
ākṛ,7,7,{'VERB': 7}
voḍhṛ,7,7,{'NOUN': 7}
saṃcar,7,7,{'VERB': 7}
sutuka,7,6,{'ADJ': 7}
jm,7,6,{'NOUN': 7}
sauśravasa,7,7,"{'NOUN': 6, 'ADJ': 1}"
purīṣa,7,6,{'NOUN': 7}
bhoga,7,7,{'NOUN': 7}
jarbhur,7,7,{'VERB': 7}
ja,7,7,{'ADJ': 7}
parāñc,7,6,{'ADJ': 7}
apāñc,7,7,{'ADJ': 7}
chaday,7,7,{'VERB': 7}
mānya,7,6,{'NOUN': 7}
vedyā,7,7,{'NOUN': 7}
ratheṣṭhā,7,6,{'ADJ': 7}
ṛtasāp,7,7,{'ADJ': 7}
vīta,7,7,{'ADJ': 7}
pravatvat,7,4,{'ADJ': 7}
suvidatra,7,6,{'ADJ': 7}
ūrmyā,7,7,{'NOUN': 7}
vyathis,7,7,{'NOUN': 7}
bhārata,7,5,"{'NOUN': 3, 'ADJ': 4}"
vacasyā,7,7,{'NOUN': 7}
kāmay,7,6,{'VERB': 7}
udañc,7,7,{'ADJ': 7}
ātṛ,7,6,{'VERB': 7}
vīḍay,7,6,{'VERB': 7}
udrin,7,6,{'ADJ': 7}
rīti,7,7,{'NOUN': 7}
praṇetṛ,7,7,"{'NOUN': 6, 'ADJ': 1}"
mātrā,7,7,{'NOUN': 7}
samanyu,7,6,{'ADJ': 7}
naptṛ,7,6,{'NOUN': 7}
bṛhatī,7,7,{'NOUN': 7}
vijāvan,7,7,{'ADJ': 7}
śoci,7,7,{'NOUN': 7}
āyam,7,7,{'VERB': 7}
dhāna,7,6,"{'NOUN': 1, 'ADJ': 6}"
adrogha,7,7,{'ADJ': 7}
bhūta,7,6,{'NOUN': 7}
tak,7,6,{'VERB': 7}
apahan,7,5,{'VERB': 7}
duṣkṛt,7,5,{'ADJ': 7}
iṣaṇy,7,7,{'VERB': 7}
viṣuṇa,7,7,{'ADJ': 7}
kārin,7,7,{'ADJ': 7}
anāga,7,7,{'ADJ': 7}
cariṣṇu,7,6,{'ADJ': 7}
sabādhas,7,6,{'ADJ': 7}
pakti,7,5,{'NOUN': 7}
sadāvṛdha,7,7,{'ADJ': 7}
tūtuji,7,5,{'ADJ': 7}
eray,7,7,{'VERB': 7}
āṅgirasa,7,7,"{'NOUN': 5, 'ADJ': 2}"
vāhiṣṭha,7,5,{'ADJ': 7}
vāstoṣpati,7,5,{'NOUN': 7}
caniṣṭha,7,6,{'ADJ': 7}
vadhryaśva,7,2,{'NOUN': 7}
praviś,7,4,{'VERB': 7}
setu,7,7,{'NOUN': 7}
ūru,7,6,{'NOUN': 7}
sobhari,7,5,{'NOUN': 7}
viśvakarman,7,4,{'NOUN': 7}
śoṇa,6,6,{'ADJ': 6}
rohay,6,6,{'VERB': 6}
pradhana,6,6,{'NOUN': 6}
caru,6,6,{'NOUN': 6}
niṣṣidh,6,6,{'NOUN': 6}
camūṣad,6,6,{'ADJ': 6}
patnīvat,6,6,{'ADJ': 6}
saprathastama,6,6,{'ADJ': 6}
stomya,6,6,{'ADJ': 6}
adhvarīy,6,5,{'VERB': 6}
parācais,6,6,{'ADV': 6}
dvādaśan,6,4,{'NUM': 6}
arbhaka,6,6,"{'NOUN': 1, 'ADJ': 5}"
svāpay,6,5,{'VERB': 6}
kapota,6,2,{'NOUN': 6}
purūravas,6,2,{'NOUN': 6}
vyaṃsa,6,6,"{'ADJ': 1, 'NOUN': 5}"
āvṛj,6,6,{'VERB': 6}
vedana,6,6,"{'NOUN': 5, 'ADJ': 1}"
navedas,6,6,{'ADJ': 6}
oman,6,6,{'NOUN': 6}
āhāva,6,4,{'NOUN': 6}
upayā,6,6,{'VERB': 6}
ekādaśa,6,6,{'ADJ': 6}
āsthā,6,6,{'VERB': 6}
aṣṭan,6,6,{'NUM': 6}
kakubh,6,6,{'NOUN': 6}
upastuta,6,4,{'NOUN': 6}
turvīti,6,6,{'NOUN': 6}
guru,6,6,{'ADJ': 6}
pratūrti,6,6,"{'ADJ': 3, 'NOUN': 3}"
vimuc,6,6,"{'NOUN': 3, 'VERB': 3}"
dvayāvin,6,6,{'ADJ': 6}
mith,6,5,{'VERB': 6}
śruṣṭīvan,6,6,{'ADJ': 6}
jaray,6,6,{'VERB': 6}
pakṣin,6,5,"{'NOUN': 1, 'ADJ': 5}"
adhiṣṭhā,6,6,{'VERB': 6}
inakṣ,6,6,{'VERB': 6}
menā,6,6,{'NOUN': 6}
yūpa,6,5,{'NOUN': 6}
aśvayu,6,6,{'ADJ': 6}
sambhṛta,6,5,{'ADJ': 6}
addhā,6,6,{'ADV': 6}
varīman,6,5,{'NOUN': 6}
kartṛ,6,6,"{'ADJ': 2, 'NOUN': 4}"
saniṣyu,6,6,{'ADJ': 6}
saṃśā,6,6,{'VERB': 6}
ayāsya,6,6,"{'NOUN': 4, 'ADJ': 2}"
hastin,6,6,"{'NOUN': 4, 'ADJ': 2}"
roman,6,6,{'NOUN': 6}
cetiṣṭha,6,6,{'ADJ': 6}
kanī,6,6,{'NOUN': 6}
śuṣka,6,6,{'ADJ': 6}
dṛp,6,6,{'VERB': 6}
svādman,6,6,{'NOUN': 6}
bali,6,6,{'NOUN': 6}
sravat,6,6,{'NOUN': 6}
atandra,6,6,{'ADJ': 6}
vāh,6,6,{'NOUN': 6}
dhanaṃjaya,6,6,{'ADJ': 6}
upabdi,6,5,{'NOUN': 6}
smi,6,6,{'VERB': 6}
anuṣvadham,6,6,{'ADV': 6}
joṣay,6,5,{'VERB': 6}
ājan,6,6,{'VERB': 6}
stuti,6,6,{'NOUN': 6}
arādhas,6,6,{'ADJ': 6}
śaryaṇāvant,6,6,{'NOUN': 6}
kadācana,6,6,{'ADV': 6}
patvan,6,6,"{'ADJ': 3, 'NOUN': 3}"
vāṇa,6,6,{'NOUN': 6}
raṇya,6,5,"{'NOUN': 3, 'ADJ': 3}"
ṛjūy,6,6,{'VERB': 6}
nīti,6,5,{'NOUN': 6}
dakṣāyya,6,6,{'ADJ': 6}
prataraṇa,6,6,{'ADJ': 6}
aṣāḍha,6,6,{'ADJ': 6}
vij,6,6,"{'NOUN': 2, 'VERB': 4}"
śvit,6,6,{'VERB': 6}
sādhay,6,5,{'VERB': 6}
sima,6,6,{'PRON': 6}
samiti,6,6,{'NOUN': 6}
pura,6,6,{'NOUN': 6}
nīthā,6,6,{'NOUN': 6}
nāhuṣa,6,6,"{'ADJ': 5, 'NOUN': 1}"
ār,6,6,{'VERB': 6}
kuyava,6,6,{'NOUN': 6}
kṣīra,6,6,{'NOUN': 6}
aṃhu,6,6,{'NOUN': 6}
citratama,6,6,{'ADJ': 6}
tāvat,6,5,"{'ADJ': 5, 'ADV': 1}"
druhyu,6,4,{'NOUN': 6}
chid,6,6,"{'VERB': 5, 'ADJ': 1}"
viśvadevya,6,6,{'ADJ': 6}
agohya,6,5,{'ADJ': 6}
apasyā,6,5,{'NOUN': 6}
avyathi,6,6,{'ADJ': 6}
viśpalā,6,6,{'NOUN': 6}
pariyā,6,6,{'VERB': 6}
kapardin,6,5,{'ADJ': 6}
abhriya,6,5,"{'NOUN': 3, 'ADJ': 3}"
tugra,6,6,{'NOUN': 6}
vṛkī,6,5,{'NOUN': 6}
viśvaka,6,4,{'NOUN': 6}
tvāṣṭra,6,5,"{'ADJ': 4, 'NOUN': 2}"
akra,6,6,"{'ADJ': 1, 'NOUN': 5}"
vrā,6,6,{'NOUN': 6}
sudṛś,6,6,{'ADJ': 6}
prabhṛtha,6,5,{'NOUN': 6}
sadṛśa,6,5,{'ADJ': 6}
niṣka,6,6,{'NOUN': 6}
śreṇi,6,6,{'NOUN': 6}
śuṣmintama,6,5,{'ADJ': 6}
śravasyā,6,6,{'NOUN': 6}
arakṣas,6,6,{'ADJ': 6}
śārada,6,5,"{'ADJ': 4, 'NOUN': 2}"
svarṣāti,6,6,{'NOUN': 6}
gaveṣaṇa,6,5,{'ADJ': 6}
śrāvay,6,6,{'VERB': 6}
ghuṣ,6,6,{'VERB': 6}
rerih,6,6,{'VERB': 6}
sidhra,6,6,{'ADJ': 6}
yodha,6,6,{'NOUN': 6}
coda,6,6,"{'ADJ': 3, 'NOUN': 3}"
niṃs,6,6,{'VERB': 6}
saṃdṛṣṭi,6,6,{'NOUN': 6}
itaūti,6,6,{'ADJ': 6}
śocay,6,5,{'VERB': 6}
pravid,6,6,"{'VERB': 5, 'NOUN': 1}"
dhraj,6,6,{'VERB': 6}
akava,6,6,{'ADJ': 6}
tṛṇa,6,5,{'NOUN': 6}
nivat,6,6,{'NOUN': 6}
gavyā,6,6,{'NOUN': 6}
bandhana,6,5,"{'NOUN': 3, 'ADJ': 3}"
aśna,6,6,"{'ADJ': 2, 'NOUN': 4}"
cākaś,6,5,{'VERB': 6}
miṣ,6,6,{'VERB': 6}
bhagavat,6,3,{'ADJ': 6}
prapatha,6,3,{'NOUN': 6}
eta,6,5,"{'NOUN': 4, 'ADJ': 2}"
viṣā,6,5,{'VERB': 6}
stut,6,5,{'NOUN': 6}
miyedha,6,5,{'NOUN': 6}
antitas,6,6,{'ADV': 6}
syandra,6,5,{'ADJ': 6}
niṣṭhā,6,6,"{'VERB': 1, 'NOUN': 3, 'ADJ': 2}"
taruṇa,6,6,{'ADJ': 6}
prayuj,6,6,"{'NOUN': 5, 'VERB': 1}"
iriṇa,6,4,{'NOUN': 6}
arday,6,6,{'VERB': 6}
varas,6,4,{'NOUN': 6}
yakṣa,6,6,{'NOUN': 6}
bhṛt,6,5,{'ADJ': 6}
avahan,6,6,{'VERB': 6}
goṣṭha,6,5,{'NOUN': 6}
hariṣṭhā,6,3,{'ADJ': 6}
vidhartṛ,6,6,{'NOUN': 6}
svarṇara,6,6,{'NOUN': 6}
barhiṣad,6,5,"{'ADJ': 2, 'NOUN': 4}"
ādeva,6,5,{'ADJ': 6}
ghṛ,6,5,{'VERB': 6}
śmaśru,6,5,{'NOUN': 6}
vyath,6,6,{'VERB': 6}
āhanas,6,5,{'ADJ': 6}
cumuri,6,6,{'NOUN': 6}
brahmaṇy,6,5,{'VERB': 6}
cyavana,6,5,"{'ADJ': 5, 'NOUN': 1}"
hvaras,6,6,{'NOUN': 6}
yathāvaśam,6,6,{'ADV': 6}
krudh,6,6,{'VERB': 6}
garta,6,5,{'NOUN': 6}
ṛjipya,6,5,{'ADJ': 6}
ajuṣṭa,6,6,{'ADJ': 6}
pradakṣiṇit,6,6,{'ADV': 6}
veviṣ,6,6,{'VERB': 6}
ghṛtācī,6,6,{'NOUN': 6}
abhiyuj,6,6,{'NOUN': 6}
hatha,6,5,{'NOUN': 6}
daiva,6,6,{'ADJ': 6}
stoka,6,2,{'NOUN': 6}
tuvikūrmi,6,6,{'ADJ': 6}
dediś,6,6,{'VERB': 6}
yaśastara,6,6,{'ADJ': 6}
tumra,6,6,{'ADJ': 6}
vadhūyu,6,6,{'ADJ': 6}
paśumat,6,6,{'ADJ': 6}
āgamiṣṭha,6,5,{'ADJ': 6}
muṣka,6,6,{'NOUN': 6}
svatavas,6,6,{'ADJ': 6}
urvaśī,6,4,{'NOUN': 6}
svañc,6,6,{'ADJ': 6}
kṣāman,6,6,{'NOUN': 6}
paruṣṇī,6,5,{'NOUN': 6}
upamāti,6,6,{'NOUN': 6}
kanīyas,6,5,{'ADJ': 6}
dīna,6,6,{'ADJ': 6}
maghatti,6,6,{'NOUN': 6}
mukha,6,4,{'NOUN': 6}
nij,6,6,{'VERB': 6}
indrābṛhaspati,6,1,{'NOUN': 6}
prajāpati,6,6,{'NOUN': 6}
mānava,6,3,"{'NOUN': 5, 'ADJ': 1}"
vidhātṛ,6,5,{'NOUN': 6}
vihan,6,6,{'VERB': 6}
nṛṣadana,6,6,{'NOUN': 6}
varūthya,6,5,{'ADJ': 6}
usriya,6,5,"{'ADJ': 5, 'NOUN': 1}"
ruśama,6,4,{'NOUN': 6}
svarvid,6,6,{'ADJ': 6}
gāthā,6,6,{'NOUN': 6}
yajus,6,6,{'NOUN': 6}
irāvat,6,6,{'ADJ': 6}
dāru,6,6,"{'NOUN': 5, 'ADJ': 1}"
ānī,6,6,{'VERB': 6}
itara,6,3,{'PRON': 6}
codana,6,6,{'ADJ': 6}
valgu,6,6,{'ADJ': 6}
abhiṣṭu,6,5,{'VERB': 6}
vyañj,6,6,{'VERB': 6}
iṣkṛ,6,5,{'VERB': 6}
adhas,6,5,{'ADV': 6}
kāṇva,6,5,{'NOUN': 6}
śatavat,6,5,{'ADJ': 6}
kṛtvan,6,6,{'ADJ': 6}
sṛp,6,6,{'VERB': 6}
kati,6,3,{'ADV': 6}
ājya,6,6,{'NOUN': 6}
sumitra,6,2,{'NOUN': 6}
devāpi,6,1,{'NOUN': 6}
jyākā,6,1,{'NOUN': 6}
dhātama,5,5,{'ADJ': 5}
aṇu,5,5,{'ADJ': 5}
manday,5,5,{'VERB': 5}
saṃstha,5,5,"{'NOUN': 4, 'ADJ': 1}"
yavay,5,5,{'VERB': 5}
muṣṭi,5,5,{'NOUN': 5}
vṛṣantama,5,4,{'ADJ': 5}
juṣṭi,5,5,{'NOUN': 5}
cātana,5,5,{'ADJ': 5}
naktoṣāsā,5,5,{'NOUN': 5}
araṃkṛt,5,5,{'ADJ': 5}
pāyay,5,5,{'VERB': 5}
vaṣaṭ,5,4,{'ADV': 5}
neṣṭra,5,4,{'NOUN': 5}
anukāma,5,5,"{'ADJ': 3, 'NOUN': 2}"
sadhastuti,5,5,{'NOUN': 5}
anādhṛṣṭa,5,5,{'ADJ': 5}
vibhaktṛ,5,5,{'ADJ': 5}
indrāṇī,5,4,{'NOUN': 5}
prāvitṛ,5,5,{'NOUN': 5}
āj,5,5,{'VERB': 5}
abhidruh,5,5,"{'VERB': 2, 'ADJ': 3}"
śap,5,5,{'VERB': 5}
nīcīna,5,5,{'ADJ': 5}
adhama,5,5,{'ADJ': 5}
sāmrājya,5,4,"{'NOUN': 4, 'ADJ': 1}"
drāpi,5,5,{'NOUN': 5}
citrabhānu,5,5,{'NOUN': 5}
ulūkhala,5,1,{'NOUN': 5}
jambhay,5,5,{'VERB': 5}
śvātra,5,5,"{'NOUN': 3, 'ADJ': 2}"
bhṛmi,5,5,"{'ADJ': 3, 'NOUN': 2}"
añjas,5,4,"{'ADV': 2, 'NOUN': 3}"
nirudh,5,5,{'VERB': 5}
apidhā,5,4,{'VERB': 5}
dhanū,5,5,{'NOUN': 5}
pṛtanyu,5,5,"{'ADJ': 1, 'NOUN': 4}"
tugrya,5,4,"{'ADJ': 1, 'NOUN': 4}"
śatrūy,5,5,{'VERB': 5}
rāsabha,5,5,{'NOUN': 5}
idānīm,5,5,{'ADV': 5}
jāna,5,5,{'NOUN': 5}
abhijñu,5,5,{'ADV': 5}
vāśrā,5,5,{'NOUN': 5}
panasyu,5,5,{'ADJ': 5}
panīyas,5,5,{'ADJ': 5}
vepay,5,5,{'VERB': 5}
upabrū,5,5,{'VERB': 5}
vartṛ,5,5,{'ADJ': 5}
paribādh,5,5,"{'NOUN': 4, 'VERB': 1}"
praskaṇva,5,5,{'NOUN': 5}
sahūti,5,5,{'NOUN': 5}
sādhuyā,5,4,{'ADV': 5}
aruṇapsu,5,5,{'ADJ': 5}
naptī,5,5,{'NOUN': 5}
vamra,5,5,{'NOUN': 5}
dṛṃhay,5,5,{'VERB': 5}
vacasyu,5,5,{'ADJ': 5}
jarhṛṣ,5,5,{'VERB': 5}
papri,5,5,{'ADJ': 5}
ghṛṇā,5,5,{'NOUN': 5}
nyṛṣ,5,5,{'VERB': 5}
barhay,5,5,{'VERB': 5}
drāghīyas,5,4,{'ADJ': 5}
śākina,5,5,{'ADJ': 5}
vayya,5,5,{'NOUN': 5}
dambhay,5,5,{'VERB': 5}
śevṛdha,5,5,{'ADJ': 5}
purodhā,5,5,{'VERB': 5}
prabrū,5,5,{'VERB': 5}
tviṣīmat,5,5,{'ADJ': 5}
kṣmā,5,5,{'NOUN': 5}
gūrti,5,5,{'NOUN': 5}
tejas,5,5,{'NOUN': 5}
sthāpay,5,5,{'VERB': 5}
harṣay,5,5,{'VERB': 5}
prabhūvasu,5,5,{'ADJ': 5}
parvaśas,5,4,{'ADV': 5}
śāsus,5,4,{'NOUN': 5}
acchokti,5,4,{'NOUN': 5}
upahvara,5,5,{'NOUN': 5}
yuvatī,5,5,{'NOUN': 5}
kiraṇa,5,5,{'NOUN': 5}
rajastur,5,5,{'ADJ': 5}
ṛtīṣah,5,5,{'ADJ': 5}
cat,5,4,{'VERB': 5}
prāṇa,5,5,{'NOUN': 5}
dhiyaṃdhā,5,5,{'ADJ': 5}
bhuraṇyu,5,5,{'ADJ': 5}
śruṣ,5,5,{'VERB': 5}
kṣapāvant,5,5,{'NOUN': 5}
tviṣi,5,5,{'NOUN': 5}
niṣic,5,5,{'VERB': 5}
vevid,5,5,{'VERB': 5}
chāyā,5,5,{'NOUN': 5}
purvaṇīka,5,5,{'ADJ': 5}
satrāsāh,5,5,{'ADJ': 5}
cetu,5,5,{'NOUN': 5}
mārḍīka,5,5,{'NOUN': 5}
dudh,5,5,{'VERB': 5}
yāt,5,4,{'ADV': 5}
udīr,5,5,{'VERB': 5}
parādā,5,5,{'VERB': 5}
arthay,5,5,{'VERB': 5}
naviṣṭha,5,5,{'ADJ': 5}
prāvī,5,5,{'ADJ': 5}
jihma,5,5,{'ADJ': 5}
sut,5,5,"{'NOUN': 2, 'ADJ': 3}"
dhiyaṃjinva,5,5,{'ADJ': 5}
jaras,5,5,{'NOUN': 5}
vasavāna,5,5,{'NOUN': 5}
krama,5,5,{'NOUN': 5}
avīra,5,5,{'ADJ': 5}
cikits,5,5,{'VERB': 5}
āyuj,5,5,"{'ADJ': 1, 'VERB': 4}"
śvaghnin,5,5,{'NOUN': 5}
aṃhati,5,4,{'NOUN': 5}
potṛ,5,5,{'NOUN': 5}
dhāpay,5,5,{'VERB': 5}
sampṛc,5,5,{'VERB': 5}
tvakṣas,5,5,{'NOUN': 5}
ṛjrāśva,5,3,{'NOUN': 5}
vṛṣaṇvat,5,5,{'ADJ': 5}
vibhid,5,4,{'VERB': 5}
snā,5,5,"{'VERB': 3, 'ADJ': 2}"
kad,5,4,{'ADV': 5}
parśu,5,5,{'NOUN': 5}
śiśna,5,5,{'NOUN': 5}
vibhāga,5,5,{'NOUN': 5}
āhava,5,5,{'NOUN': 5}
svāhākṛta,5,5,{'ADJ': 5}
vidman,5,5,{'NOUN': 5}
ṛbhumat,5,5,{'ADJ': 5}
subhara,5,3,{'ADJ': 5}
jas,5,5,{'VERB': 5}
dhanasā,5,4,{'ADJ': 5}
parāvṛj,5,5,"{'NOUN': 4, 'VERB': 1}"
vartikā,5,5,{'NOUN': 5}
udaj,5,5,{'VERB': 5}
vipā,5,5,"{'VERB': 4, 'NOUN': 1}"
jānī,5,5,{'NOUN': 5}
kṛśānu,5,5,{'NOUN': 5}
apnas,5,4,{'NOUN': 5}
kṣayadvīra,5,2,{'NOUN': 5}
heman,5,5,{'NOUN': 5}
vāray,5,5,{'VERB': 5}
bāra,5,5,{'NOUN': 5}
vadhrimatī,5,5,{'NOUN': 5}
anupūrva,5,3,{'ADJ': 5}
pedu,5,5,{'NOUN': 5}
carṣaṇīsah,5,5,{'ADJ': 5}
apracetas,5,5,{'ADJ': 5}
apsas,5,5,{'NOUN': 5}
martyatrā,5,5,{'ADV': 5}
ācar,5,5,{'VERB': 5}
suvrata,5,5,{'ADJ': 5}
romaśa,5,4,"{'ADJ': 3, 'NOUN': 2}"
ṛṣu,5,4,{'NOUN': 5}
jūrṇi,5,5,"{'ADJ': 1, 'NOUN': 4}"
saṃcakṣ,5,5,{'VERB': 5}
dhiti,5,5,{'NOUN': 5}
prāsah,5,4,"{'ADJ': 2, 'NOUN': 3}"
dohas,5,4,{'NOUN': 5}
nannam,5,5,{'VERB': 5}
pañcāśat,5,5,{'NOUN': 5}
avapāna,5,5,{'NOUN': 5}
anuśās,5,4,{'VERB': 5}
prayā,5,5,"{'VERB': 4, 'NOUN': 1}"
bhand,5,5,{'VERB': 5}
palita,5,5,"{'ADJ': 4, 'NOUN': 1}"
taturi,5,5,{'ADJ': 5}
dvaya,5,4,"{'NOUN': 4, 'ADJ': 1}"
toda,5,4,{'NOUN': 5}
pastyāvat,5,5,{'ADJ': 5}
skabhāy,5,5,{'VERB': 5}
samaraṇa,5,4,{'NOUN': 5}
vibhū,5,4,"{'VERB': 3, 'NOUN': 2}"
peru,5,5,"{'ADJ': 3, 'NOUN': 2}"
pūrvacitti,5,5,{'NOUN': 5}
śatagvin,5,5,{'ADJ': 5}
mahin,5,4,{'ADJ': 5}
bhūyiṣṭha,5,4,{'ADJ': 5}
yantṛ,5,5,{'NOUN': 5}
varvṛt,5,4,{'VERB': 5}
purīṣin,5,5,{'ADJ': 5}
vidhā,5,5,{'VERB': 5}
vikṛ,5,4,{'VERB': 5}
traiṣṭubha,5,3,"{'NOUN': 4, 'ADJ': 1}"
nistakṣ,5,5,{'VERB': 5}
salila,5,5,"{'NOUN': 4, 'ADJ': 1}"
pradhi,5,5,{'NOUN': 5}
haviṣkṛt,5,5,"{'ADJ': 4, 'NOUN': 1}"
bhuji,5,5,{'NOUN': 5}
dūredṛś,5,5,{'ADJ': 5}
bṛhaddiva,5,4,{'NOUN': 5}
sādhāraṇa,5,5,{'ADJ': 5}
manā,5,5,{'NOUN': 5}
kakṣyā,5,5,{'NOUN': 5}
opaśa,5,5,{'NOUN': 5}
dāśu,5,5,{'ADJ': 5}
dūṇāśa,5,5,{'ADJ': 5}
amutas,5,4,{'ADV': 5}
khan,5,5,{'VERB': 5}
rathyā,5,5,{'NOUN': 5}
prasravaṇa,5,5,{'NOUN': 5}
sukṛt,5,5,{'ADJ': 5}
daṃsiṣṭha,5,4,{'ADJ': 5}
katara,5,4,{'PRON': 5}
sudina,5,5,{'NOUN': 5}
nivacana,5,5,{'NOUN': 5}
taskara,5,5,{'NOUN': 5}
upe,5,5,{'VERB': 5}
sudughā,5,5,{'NOUN': 5}
svan,5,5,"{'VERB': 3, 'ADJ': 2}"
svaday,5,5,{'VERB': 5}
saparyu,5,5,{'ADJ': 5}
vaśā,5,5,{'NOUN': 5}
paraspā,5,4,{'ADJ': 5}
nijūrv,5,5,{'VERB': 5}
dānava,5,3,{'NOUN': 5}
asinvat,5,4,{'ADJ': 5}
nīcā,5,5,{'ADV': 5}
kāmin,5,5,{'ADJ': 5}
mi,5,5,{'VERB': 5}
preray,5,5,{'VERB': 5}
pathikṛt,5,5,{'ADJ': 5}
ṛṇayā,5,4,{'ADJ': 5}
prabhṛti,5,4,{'NOUN': 5}
haye,5,4,{'ADV': 5}
upastir,5,5,{'NOUN': 5}
cātay,5,5,{'VERB': 5}
arapas,5,5,{'ADJ': 5}
rapś,5,5,{'VERB': 5}
āsic,5,5,"{'NOUN': 2, 'VERB': 3}"
śakman,5,5,{'NOUN': 5}
śakuni,5,2,{'NOUN': 5}
nagna,5,5,{'ADJ': 5}
damya,5,5,{'ADJ': 5}
canohita,5,3,{'ADJ': 5}
vimāna,5,5,"{'NOUN': 2, 'ADJ': 3}"
pṛtanājya,5,5,{'NOUN': 5}
śīra,5,4,{'ADJ': 5}
kavitama,5,5,{'ADJ': 5}
prabhūti,5,5,"{'NOUN': 4, 'ADJ': 1}"
vājina,5,4,{'NOUN': 5}
medas,5,2,{'NOUN': 5}
parastāt,5,5,{'ADV': 5}
varṣa,5,5,{'NOUN': 5}
pracoday,5,5,{'VERB': 5}
bhāgadheya,5,5,{'NOUN': 5}
suraṇa,5,5,"{'ADJ': 3, 'NOUN': 2}"
pūrbhid,5,5,{'NOUN': 5}
yād,5,4,{'VERB': 5}
sahāvan,5,5,{'ADJ': 5}
acitti,5,5,{'NOUN': 5}
mitadru,5,5,{'ADJ': 5}
ū,5,4,{'ADV': 5}
veda,5,5,{'NOUN': 5}
gadhya,5,4,{'ADJ': 5}
asiknī,5,5,{'NOUN': 5}
aśvāyat,5,5,{'ADJ': 5}
mamat,5,1,{'ADV': 5}
rejay,5,5,{'VERB': 5}
ajñāta,5,5,{'ADJ': 5}
ayuta,5,5,{'NOUN': 5}
anā,5,4,{'ADV': 5}
pruṣitapsu,5,5,{'ADJ': 5}
tartar,5,5,{'VERB': 5}
prayāṇa,5,4,{'NOUN': 5}
savīman,5,5,{'NOUN': 5}
varatrā,5,4,{'NOUN': 5}
svāna,5,5,{'NOUN': 5}
vyuṣ,5,5,{'NOUN': 5}
mandratama,5,5,{'ADJ': 5}
uśanā,5,5,"{'ADV': 1, 'NOUN': 4}"
nṛt,5,4,{'VERB': 5}
mehanā,5,4,{'ADV': 5}
haya,5,5,"{'NOUN': 3, 'ADJ': 2}"
skand,5,5,{'VERB': 5}
atī,5,5,{'VERB': 5}
irya,5,5,{'ADJ': 5}
pāyya,5,4,{'NOUN': 5}
priyatama,5,5,{'ADJ': 5}
suṣumna,5,5,{'ADJ': 5}
sthāna,5,4,{'NOUN': 5}
dīv,5,4,"{'NOUN': 2, 'VERB': 3}"
tavīyas,5,5,{'ADJ': 5}
panyas,5,5,{'ADJ': 5}
bhṛti,5,5,{'NOUN': 5}
durādhī,5,5,{'ADJ': 5}
dūtī,5,3,{'NOUN': 5}
sumanasyamāna,5,4,{'ADJ': 5}
dhanus,5,5,{'NOUN': 5}
bheda,5,4,{'NOUN': 5}
apsaras,5,4,{'NOUN': 5}
prapā,5,5,"{'VERB': 4, 'NOUN': 1}"
aripra,5,5,{'ADJ': 5}
dat,5,5,{'NOUN': 5}
muni,5,3,{'NOUN': 5}
paścātāt,5,5,{'ADV': 5}
udaktāt,5,4,{'ADV': 5}
vananvat,5,5,{'ADJ': 5}
arvat,5,5,{'ADJ': 5}
mogha,5,4,{'ADJ': 5}
vivakṣaṇa,5,5,{'ADJ': 5}
triṣṭubh,5,5,{'NOUN': 5}
nedīyas,5,5,{'ADJ': 5}
dravitnu,5,5,{'ADJ': 5}
pavamāna,5,5,{'NOUN': 5}
viṣṭambha,5,5,{'NOUN': 5}
aṇva,5,5,{'NOUN': 5}
hantṛ,5,4,{'ADJ': 5}
vaivasvata,5,5,{'NOUN': 5}
asunīti,5,4,{'NOUN': 5}
āśay,5,4,{'VERB': 5}
ariṣṭatāti,5,3,{'NOUN': 5}
alaṃkṛ,4,4,{'VERB': 4}
rudravartani,4,3,{'NOUN': 4}
sakha,4,4,{'NOUN': 4}
vidadvasu,4,4,{'ADJ': 4}
śruta,4,4,"{'ADJ': 3, 'NOUN': 1}"
arkin,4,4,{'ADJ': 4}
śākhā,4,4,{'NOUN': 4}
gantṛ,4,4,{'ADJ': 4}
tvādāta,4,4,{'ADJ': 4}
jetṛ,4,4,{'ADJ': 4}
aparājita,4,4,{'ADJ': 4}
gārhapatya,4,4,{'NOUN': 4}
praṇaś,4,4,{'VERB': 4}
gopītha,4,4,{'NOUN': 4}
niṣkṛ,4,4,{'VERB': 4}
sāpta,4,4,{'NOUN': 4}
varuṇānī,4,4,{'NOUN': 4}
anṛkṣara,4,4,{'ADJ': 4}
vikram,4,4,{'VERB': 4}
śubha,4,4,{'ADJ': 4}
dveṣa,4,4,{'NOUN': 4}
anvi,4,4,{'VERB': 4}
pratidhā,4,4,"{'VERB': 3, 'NOUN': 1}"
ṛkṣa,4,4,{'NOUN': 4}
kṣad,4,4,{'VERB': 4}
jarā,4,4,{'NOUN': 4}
jargur,4,1,{'VERB': 4}
dundubhi,4,2,{'NOUN': 4}
girvāhas,4,4,{'ADJ': 4}
pūrvam,4,4,{'ADV': 4}
cakrī,4,3,{'NOUN': 4}
āśvina,4,4,"{'NOUN': 3, 'ADJ': 1}"
vibhāvarī,4,3,{'NOUN': 4}
kalyāṇa,4,4,{'ADJ': 4}
vayaskṛt,4,4,{'ADJ': 4}
ādhra,4,4,{'ADJ': 4}
sīv,4,4,{'VERB': 4}
vivraśc,4,4,{'VERB': 4}
bādha,4,4,{'NOUN': 4}
yātṛ,4,4,"{'ADJ': 2, 'NOUN': 2}"
dhanin,4,4,{'ADJ': 4}
jeṣa,4,4,{'NOUN': 4}
yantra,4,4,{'NOUN': 4}
anuvrata,4,4,{'ADJ': 4}
suprāvya,4,4,{'ADJ': 4}
yātumāvat,4,4,{'ADJ': 4}
yuṣmāka,4,3,{'ADJ': 4}
spṛhay,4,4,{'VERB': 4}
saścant,4,4,{'NOUN': 4}
gātha,4,4,{'NOUN': 4}
jalāṣa,4,4,{'ADJ': 4}
meṣī,4,4,{'NOUN': 4}
bhāṛjīka,4,3,{'ADJ': 4}
manotṛ,4,4,{'NOUN': 4}
papuri,4,4,{'ADJ': 4}
asita,4,4,{'ADJ': 4}
uṣā,4,4,{'NOUN': 4}
citrāmagha,4,4,{'ADJ': 4}
javana,4,4,{'ADJ': 4}
dura,4,2,{'NOUN': 4}
ārohay,4,4,{'VERB': 4}
śnathay,4,4,{'VERB': 4}
vaṅku,4,4,{'ADJ': 4}
yayi,4,4,"{'ADJ': 3, 'NOUN': 1}"
prayantṛ,4,4,{'ADJ': 4}
nihan,4,4,{'VERB': 4}
yoyu,4,4,{'VERB': 4}
da,4,2,{'ADJ': 4}
daray,4,4,{'VERB': 4}
anānuda,4,4,{'ADJ': 4}
tūrvayāṇa,4,4,{'NOUN': 4}
śivatama,4,4,{'ADJ': 4}
tij,4,4,{'VERB': 4}
viśri,4,4,{'VERB': 4}
panasy,4,4,{'VERB': 4}
kṛtrima,4,4,{'ADJ': 4}
rāmay,4,4,{'VERB': 4}
nivṛ,4,4,{'VERB': 4}
sādhiṣṭha,4,4,{'ADJ': 4}
krāṇā,4,4,{'ADV': 4}
eman,4,4,{'NOUN': 4}
oṇi,4,4,{'NOUN': 4}
nodhas,4,4,{'NOUN': 4}
saraṇyu,4,3,"{'NOUN': 1, 'ADJ': 3}"
phaliga,4,4,{'NOUN': 4}
drā,4,4,{'VERB': 4}
purukutsa,4,4,{'NOUN': 4}
viśvadha,4,4,{'ADV': 4}
ghṛṣu,4,4,{'ADJ': 4}
pariṣṭi,4,4,{'NOUN': 4}
jāyu,4,3,{'ADJ': 4}
pravye,4,4,{'VERB': 4}
vibhṛtra,4,4,{'ADJ': 4}
tsar,4,4,{'VERB': 4}
pṛśana,4,4,{'ADJ': 4}
nemadhiti,4,4,{'NOUN': 4}
nipā,4,4,{'VERB': 4}
upakṣi,4,4,{'VERB': 4}
upapre,4,4,{'VERB': 4}
ātithya,4,4,{'NOUN': 4}
prabharman,4,4,{'NOUN': 4}
pūṣaṇvat,4,4,{'ADJ': 4}
gaurī,4,4,{'NOUN': 4}
ibha,4,4,{'NOUN': 4}
tṛṣṇaj,4,4,{'ADJ': 4}
krīḍi,4,4,{'ADJ': 4}
iṣmin,4,4,{'ADJ': 4}
abhīru,4,3,{'ADJ': 4}
ṛṣṭimat,4,4,{'ADJ': 4}
sasvar,4,4,{'ADV': 4}
daṃṣṭra,4,3,{'NOUN': 4}
madhyā,4,4,{'ADV': 4}
saṃgatha,4,4,{'NOUN': 4}
manāyu,4,3,{'ADJ': 4}
vivṛ,4,4,{'VERB': 4}
avasa,4,4,{'NOUN': 4}
sadṛś,4,4,{'ADJ': 4}
viruc,4,3,{'VERB': 4}
kavya,4,4,"{'NOUN': 2, 'ADJ': 2}"
saṃgamana,4,4,{'ADJ': 4}
ṛbhvan,4,4,{'ADJ': 4}
bṛṃh,4,4,{'VERB': 4}
adhivaktṛ,4,4,{'NOUN': 4}
aparihvṛta,4,4,{'ADJ': 4}
prāṇ,4,4,{'VERB': 4}
saṃgama,4,4,{'NOUN': 4}
avasā,4,4,{'VERB': 4}
phena,4,4,{'NOUN': 4}
ārodhana,4,3,{'NOUN': 4}
avadhā,4,4,{'VERB': 4}
vittara,4,4,{'ADJ': 4}
prayati,4,4,{'NOUN': 4}
apāka,4,4,{'ADJ': 4}
jeh,4,4,{'VERB': 4}
pṛtsuti,4,4,{'NOUN': 4}
mandhātṛ,4,4,{'NOUN': 4}
devya,4,4,{'NOUN': 4}
java,4,3,{'NOUN': 4}
ārjuneya,4,4,{'NOUN': 4}
praticakṣ,4,3,{'VERB': 4}
syūman,4,4,{'NOUN': 4}
anātura,4,4,{'ADJ': 4}
kumbha,4,4,{'NOUN': 4}
surā,4,4,{'NOUN': 4}
ghraṃsa,4,4,{'NOUN': 4}
ṛbīsa,4,4,{'NOUN': 4}
śara,4,3,{'NOUN': 4}
jasuri,4,4,{'ADJ': 4}
viṣṇāpū,4,4,{'NOUN': 4}
barhiṣmat,4,4,{'ADJ': 4}
daśama,4,4,{'ADJ': 4}
pravah,4,4,{'VERB': 4}
kanīna,4,4,{'ADJ': 4}
tridhā,4,3,{'ADV': 4}
raṃhas,4,4,{'NOUN': 4}
avarti,4,4,{'NOUN': 4}
vipanyayā,4,4,{'ADV': 4}
acetas,4,3,{'ADJ': 4}
vaṣaṭkṛ,4,4,{'VERB': 4}
dan,4,4,"{'NOUN': 3, 'VERB': 1}"
samaha,4,4,{'PART': 4}
turaṇy,4,3,{'VERB': 4}
niyu,4,4,{'VERB': 4}
apivṛ,4,4,{'VERB': 4}
jaraṇa,4,4,{'ADJ': 4}
vātāpya,4,4,{'ADJ': 4}
karta,4,3,{'NOUN': 4}
pramahas,4,4,{'ADJ': 4}
daṃsu,4,4,{'ADJ': 4}
visṛj,4,4,{'VERB': 4}
rathavat,4,4,{'ADJ': 4}
ape,4,4,{'VERB': 4}
vadhūmat,4,4,{'ADJ': 4}
bhojya,4,3,{'NOUN': 4}
araṇi,4,4,{'NOUN': 4}
upavac,4,4,{'VERB': 4}
sucetunā,4,3,{'ADV': 4}
abhihrut,4,3,"{'ADJ': 3, 'NOUN': 1}"
rayivat,4,4,{'ADJ': 4}
arśasāna,4,4,{'NOUN': 4}
taṃs,4,4,{'VERB': 4}
yātumat,4,2,{'ADJ': 4}
anāśu,4,4,{'ADJ': 4}
ābhaga,4,3,{'NOUN': 4}
uṣṭra,4,4,{'NOUN': 4}
adhvasman,4,4,{'ADJ': 4}
raghudru,4,4,{'ADJ': 4}
marmṛś,4,4,{'VERB': 4}
mathāy,4,4,{'VERB': 4}
viśvadhā,4,4,{'ADV': 4}
vakvan,4,4,{'ADJ': 4}
vyacastama,4,4,{'ADJ': 4}
dhūrṣad,4,4,{'ADJ': 4}
ena,4,4,{'ADJ': 4}
praśis,4,4,{'NOUN': 4}
vandāru,4,4,"{'ADJ': 2, 'NOUN': 2}"
māmateya,4,4,{'NOUN': 4}
arātīvan,4,4,{'ADJ': 4}
marcay,4,3,{'VERB': 4}
śaryā,4,4,{'NOUN': 4}
abhikhyā,4,4,"{'NOUN': 2, 'VERB': 2}"
purumīḍha,4,4,{'NOUN': 4}
nimruc,4,4,{'NOUN': 4}
prayukti,4,4,{'NOUN': 4}
adhikṣi,4,4,{'VERB': 4}
ābhaj,4,4,{'VERB': 4}
sayoni,4,3,{'ADJ': 4}
vapuṣya,4,3,{'ADJ': 4}
pavitravat,4,4,{'ADJ': 4}
skambhana,4,4,{'NOUN': 4}
upāv,4,4,{'VERB': 4}
karasna,4,4,{'NOUN': 4}
ṛtuśas,4,4,{'ADV': 4}
asi,4,4,{'NOUN': 4}
janitra,4,4,{'NOUN': 4}
nidhāna,4,3,{'NOUN': 4}
abhirakṣ,4,4,{'VERB': 4}
sayuj,4,4,{'ADJ': 4}
pippala,4,3,{'NOUN': 4}
nipad,4,3,{'VERB': 4}
tena,4,3,{'ADV': 4}
stana,4,4,{'NOUN': 4}
śaśaya,4,4,{'ADJ': 4}
sarasvant,4,3,{'NOUN': 4}
vadhasna,4,4,{'NOUN': 4}
māndārya,4,4,{'NOUN': 4}
anavabhra,4,4,{'ADJ': 4}
kṛti,4,3,{'NOUN': 4}
viśvakṛṣṭi,4,4,{'ADJ': 4}
kﾱp,4,3,{'VERB': 4}
niśā,4,4,{'VERB': 4}
mṛdhravāc,4,4,{'ADJ': 4}
sīrā,4,4,{'NOUN': 4}
seka,4,4,{'NOUN': 4}
pariṣvaj,4,4,{'VERB': 4}
śromata,4,4,{'NOUN': 4}
samanta,4,4,{'ADJ': 4}
viśvānara,4,4,{'ADJ': 4}
namaukti,4,4,{'NOUN': 4}
ninitsu,4,4,{'ADJ': 4}
madhula,4,1,{'ADJ': 4}
bhrātra,4,4,{'NOUN': 4}
divaspṛthivī,4,4,{'NOUN': 4}
rāmyā,4,4,{'NOUN': 4}
vyacasvat,4,4,{'ADJ': 4}
gṛtsamada,4,4,{'NOUN': 4}
draviṇasyu,4,4,{'ADJ': 4}
yaśastama,4,4,{'ADJ': 4}
avabhid,4,3,{'VERB': 4}
krandas,4,4,{'NOUN': 4}
viśvapsnya,4,4,{'ADJ': 4}
prabhū,4,4,{'VERB': 4}
ramay,4,4,{'VERB': 4}
tara,4,4,"{'NOUN': 3, 'ADJ': 1}"
varcin,4,4,{'NOUN': 4}
rodhas,4,4,{'NOUN': 4}
saptati,4,4,{'NOUN': 4}
abhisvara,4,4,{'NOUN': 4}
dam,4,4,"{'VERB': 3, 'NOUN': 1}"
devatama,4,4,{'ADJ': 4}
kṣipra,4,4,{'ADJ': 4}
venya,4,4,"{'ADJ': 2, 'NOUN': 2}"
aśan,4,4,{'NOUN': 4}
padyā,4,4,{'NOUN': 4}
rākā,4,2,{'NOUN': 4}
sinīvālī,4,2,{'NOUN': 4}
ojīyas,4,4,{'ADJ': 4}
pramṛṣ,4,4,{'VERB': 4}
somāpūṣan,4,1,{'NOUN': 4}
ambā,4,3,{'NOUN': 4}
sabandhu,4,4,{'ADJ': 4}
sakhī,4,3,{'NOUN': 4}
pṛtanāyu,4,4,"{'NOUN': 3, 'ADJ': 1}"
amṛtyu,4,4,{'ADJ': 4}
āpṛṇ,4,4,{'VERB': 4}
caraṇa,4,4,{'NOUN': 4}
nīla,4,4,{'ADJ': 4}
śreyas,4,4,{'ADJ': 4}
valśa,4,3,{'NOUN': 4}
nivartana,4,2,"{'NOUN': 2, 'ADJ': 2}"
ādabh,4,4,{'VERB': 4}
sanaya,4,4,{'ADJ': 4}
nirmath,4,4,{'VERB': 4}
sukṛta,4,4,{'NOUN': 4}
samīka,4,4,{'NOUN': 4}
tānva,4,4,"{'ADJ': 3, 'NOUN': 1}"
saṃpaś,4,4,{'VERB': 4}
khāda,4,4,"{'ADJ': 3, 'NOUN': 1}"
phala,4,4,{'NOUN': 4}
smaddiṣṭi,4,4,{'ADJ': 4}
viśvāsah,4,4,{'ADJ': 4}
turāṣāh,4,4,{'NOUN': 4}
abhiṣāc,4,4,{'ADJ': 4}
viyu,4,4,{'VERB': 4}
prayuta,4,4,{'ADJ': 4}
pratīcīna,4,4,{'ADJ': 4}
padya,4,2,{'ADJ': 4}
mitajñu,4,4,{'ADJ': 4}
prathas,4,3,{'NOUN': 4}
sahasraṇītha,4,4,{'ADJ': 4}
nyer,4,2,{'VERB': 4}
nīḍa,4,2,{'NOUN': 4}
bhurij,4,4,{'NOUN': 4}
sudhī,4,4,{'ADJ': 4}
veśa,4,4,{'NOUN': 4}
vakṣatha,4,4,{'NOUN': 4}
kūcid,4,4,{'ADV': 4}
sāhadevya,4,1,{'NOUN': 4}
madiṣṭha,4,4,{'ADJ': 4}
bhan,4,3,{'VERB': 4}
anādhṛṣya,4,4,{'ADJ': 4}
vidhavā,4,3,{'NOUN': 4}
pratibhṛ,4,4,{'VERB': 4}
rāśi,4,4,{'NOUN': 4}
śaciṣṭha,4,4,{'ADJ': 4}
gomatī,4,4,{'NOUN': 4}
saṃvaraṇa,4,4,{'NOUN': 4}
īrmā,4,4,{'NOUN': 4}
sampiṣ,4,2,{'VERB': 4}
āruj,4,4,{'VERB': 4}
āmur,4,4,{'NOUN': 4}
abhī,4,4,{'VERB': 4}
sraj,4,4,{'NOUN': 4}
yuvayu,4,4,{'ADJ': 4}
catuṣpād,4,4,{'NOUN': 4}
vidhāna,4,4,"{'NOUN': 3, 'ADJ': 1}"
dyāvābhūmī,4,4,{'NOUN': 4}
śepa,4,4,{'NOUN': 4}
sumnāyu,4,4,{'ADJ': 4}
samyak,4,4,{'ADV': 4}
no,4,4,{'ADV': 4}
mṛdhra,4,4,{'NOUN': 4}
vidvas,4,2,{'ADJ': 4}
suvṛdh,4,4,{'ADJ': 4}
kilbiṣa,4,4,{'NOUN': 4}
dīrghaśruttama,4,4,{'ADJ': 4}
svarbhānu,4,1,{'NOUN': 4}
āsura,4,3,{'ADJ': 4}
vani,4,3,{'NOUN': 4}
yamī,4,2,{'NOUN': 4}
pārāvata,4,4,"{'ADJ': 3, 'NOUN': 1}"
śikvas,4,4,{'ADJ': 4}
enī,4,4,{'NOUN': 4}
bīja,4,4,{'NOUN': 4}
śrathay,4,4,{'VERB': 4}
añc,4,4,{'VERB': 4}
varṣay,4,3,{'VERB': 4}
carama,4,4,{'ADJ': 4}
saptavadhri,4,3,{'NOUN': 4}
varṣya,4,3,{'ADJ': 4}
śithira,4,4,{'ADJ': 4}
nitośana,4,4,{'ADJ': 4}
niśiti,4,4,{'NOUN': 4}
spṛhayāyya,4,4,{'ADJ': 4}
ṛṣabha,4,4,{'NOUN': 4}
vitantasāyya,4,4,{'ADJ': 4}
nyartha,4,4,{'NOUN': 4}
karhi,4,3,{'ADV': 4}
duvoyu,4,3,{'ADJ': 4}
pratibhūṣ,4,4,{'VERB': 4}
māghona,4,4,{'NOUN': 4}
suṣaha,4,4,{'ADJ': 4}
parṇin,4,4,{'ADJ': 4}
devavat,4,4,{'ADJ': 4}
sutrāman,4,2,{'NOUN': 4}
pruth,4,3,{'VERB': 4}
vāvad,4,4,{'VERB': 4}
dhīvat,4,3,{'ADJ': 4}
ānava,4,4,{'ADJ': 4}
somārudra,4,1,{'NOUN': 4}
ṛjīti,4,4,{'ADJ': 4}
gṛbh,4,4,{'NOUN': 4}
yādva,4,3,"{'NOUN': 2, 'ADJ': 2}"
sūda,4,4,{'NOUN': 4}
jñāti,4,4,{'NOUN': 4}
satrāc,4,4,{'ADJ': 4}
anirā,4,4,{'NOUN': 4}
ced,4,4,{'SCONJ': 4}
vasutvana,4,4,{'NOUN': 4}
acit,4,4,{'ADJ': 4}
śipiviṣṭa,4,2,{'ADJ': 4}
bhaṅgurāvat,4,3,{'ADJ': 4}
śatāmagha,4,4,{'ADJ': 4}
madhyatas,4,4,{'ADV': 4}
mahemati,4,4,{'ADJ': 4}
dvayu,4,3,{'ADJ': 4}
suṣāman,4,4,{'NOUN': 4}
ahīśuva,4,3,{'NOUN': 4}
pastya,4,3,{'NOUN': 4}
adhyakṣa,4,4,{'NOUN': 4}
cikit,4,4,{'ADJ': 4}
odana,4,3,{'NOUN': 4}
devatāt,4,3,{'NOUN': 4}
dātu,4,3,{'NOUN': 4}
yavamat,4,4,{'ADJ': 4}
sūryāmāsa,4,4,{'NOUN': 4}
hetṛ,4,4,{'ADJ': 4}
atyavi,4,4,{'NOUN': 4}
sahasrabharṇas,4,3,{'ADJ': 4}
matsarintama,4,4,{'ADJ': 4}
panipn,4,3,{'VERB': 4}
jigatnu,4,4,{'ADJ': 4}
saṃsṛj,4,3,"{'VERB': 3, 'NOUN': 1}"
śvaśura,4,3,{'NOUN': 4}
saṃsthā,4,4,{'VERB': 4}
parātaram,4,1,{'ADV': 4}
kanā,4,1,{'NOUN': 4}
ekapād,4,4,{'NOUN': 4}
vādhryaśva,4,1,{'NOUN': 4}
viśvāvasu,4,2,{'NOUN': 4}
samrājñī,4,1,{'NOUN': 4}
kapṛth,4,2,{'NOUN': 4}
prapaś,4,4,{'VERB': 4}
adhiratha,4,2,"{'NOUN': 3, 'ADJ': 1}"
araṇyāni,4,1,{'NOUN': 4}
asapatna,4,2,{'ADJ': 4}
citraśravastama,3,3,{'ADJ': 3}
upāyana,3,3,{'NOUN': 3}
kākud,3,3,{'NOUN': 3}
virapśa,3,3,"{'ADJ': 1, 'NOUN': 2}"
rabhasvat,3,2,{'ADJ': 3}
nyokas,3,2,{'ADJ': 3}
vṛṣṇi,3,3,"{'NOUN': 2, 'ADJ': 1}"
kakṣya,3,3,"{'NOUN': 2, 'ADJ': 1}"
upaśruti,3,3,{'NOUN': 3}
ghṛtāhavana,3,3,{'ADJ': 3}
cakṣaṇa,3,3,{'NOUN': 3}
yajñanī,3,3,{'ADJ': 3}
īdṛś,3,3,{'ADJ': 3}
viṣṭi,3,3,{'NOUN': 3}
dūraka,3,3,{'NOUN': 3}
surādhas,3,3,"{'ADJ': 2, 'NOUN': 1}"
carkṛṣ,3,3,{'VERB': 3}
stūpa,3,3,{'NOUN': 3}
vicākaś,3,3,{'VERB': 3}
druhvan,3,3,{'ADJ': 3}
miyedhya,3,3,{'ADJ': 3}
divitmat,3,3,{'ADJ': 3}
sahantya,3,3,{'ADJ': 3}
kaya,3,3,{'PRON': 3}
bṛhadbhānu,3,3,{'NOUN': 3}
jaghana,3,3,{'NOUN': 3}
gardabha,3,3,{'NOUN': 3}
at,3,3,{'VERB': 3}
aghnya,3,3,{'NOUN': 3}
sukṛttara,3,3,{'ADJ': 3}
paritakmya,3,2,{'ADJ': 3}
nahuṣa,3,3,{'NOUN': 3}
manuṣa,3,3,{'NOUN': 3}
kṣadman,3,3,{'NOUN': 3}
durmada,3,3,{'ADJ': 3}
aparī,3,3,{'NOUN': 3}
iṣudhi,3,3,{'NOUN': 3}
sañj,3,3,{'VERB': 3}
coṣkūy,3,3,{'VERB': 3}
sanaka,3,3,"{'NOUN': 1, 'ADJ': 2}"
yuyuts,3,3,{'VERB': 3}
jakṣ,3,3,{'VERB': 3}
yodhay,3,3,{'VERB': 3}
nāvyā,3,3,{'NOUN': 3}
āvyadh,3,3,{'VERB': 3}
niveśay,3,3,{'VERB': 3}
kṛśana,3,3,"{'NOUN': 2, 'ADJ': 1}"
śamyā,3,3,{'NOUN': 3}
śiti,3,3,{'ADJ': 3}
āṇi,3,3,{'NOUN': 3}
asmadruh,3,3,{'ADJ': 3}
navavāstva,3,3,{'NOUN': 3}
krīḍa,3,2,{'ADJ': 3}
śībham,3,3,{'ADV': 3}
tṛṣṇā,3,3,{'NOUN': 3}
saṃskṛ,3,3,{'VERB': 3}
praṣṭi,3,3,{'NOUN': 3}
akṣiti,3,3,{'ADJ': 3}
pratihary,3,2,{'VERB': 3}
paripanthin,3,3,{'ADJ': 3}
tapuṣi,3,3,{'ADJ': 3}
mantumat,3,3,{'ADJ': 3}
ābhūṣ,3,3,{'VERB': 3}
arjunī,3,3,{'NOUN': 3}
yukti,3,3,{'NOUN': 3}
hariman,3,1,{'NOUN': 3}
apavrata,3,3,{'ADJ': 3}
saca,3,3,{'ADJ': 3}
svapasyā,3,3,{'NOUN': 3}
gātuy,3,3,{'VERB': 3}
nṛṣāc,3,3,{'ADJ': 3}
bhūti,3,3,{'NOUN': 3}
duṣṭuti,3,3,{'NOUN': 3}
nami,3,3,{'NOUN': 3}
suśravas,3,2,"{'NOUN': 2, 'ADJ': 1}"
upagam,3,3,{'VERB': 3}
trāman,3,3,{'NOUN': 3}
pratara,3,3,{'NOUN': 3}
kranday,3,3,{'VERB': 3}
śūṣya,3,3,{'ADJ': 3}
svakṣatra,3,3,{'ADJ': 3}
kopay,3,3,{'VERB': 3}
śāsa,3,3,{'NOUN': 3}
namasyu,3,3,{'ADJ': 3}
bhurvaṇi,3,2,"{'ADJ': 1, 'NOUN': 2}"
saṃcaraṇa,3,3,"{'NOUN': 2, 'ADJ': 1}"
tvāvṛdha,3,3,{'ADJ': 3}
ātā,3,3,{'NOUN': 3}
adman,3,3,{'NOUN': 3}
aviṣy,3,3,{'VERB': 3}
abhivraj,3,3,{'VERB': 3}
āpṛcchya,3,3,{'ADJ': 3}
vājambhara,3,3,{'ADJ': 3}
oha,3,3,{'NOUN': 3}
darman,3,3,{'NOUN': 3}
pacata,3,3,"{'NOUN': 1, 'ADJ': 2}"
tiryañc,3,3,{'ADJ': 3}
nirī,3,3,{'VERB': 3}
joguv,3,3,{'VERB': 3}
suṣṭubh,3,3,"{'NOUN': 1, 'ADJ': 2}"
svara,3,3,{'NOUN': 3}
punarbhū,3,3,{'NOUN': 3}
ahrayāṇa,3,3,{'ADJ': 3}
vṛṣamaṇas,3,3,{'ADJ': 3}
parijri,3,2,{'ADJ': 3}
himā,3,3,{'NOUN': 3}
saṃjñā,3,3,{'VERB': 3}
dhanay,3,3,{'VERB': 3}
śyeta,3,3,{'ADJ': 3}
bhṛgavāṇa,3,3,{'ADJ': 3}
psarastama,3,3,{'ADJ': 3}
upeti,3,3,{'NOUN': 3}
satyatara,3,3,{'ADJ': 3}
bhrājas,3,3,{'NOUN': 3}
sumnayu,3,3,{'ADJ': 3}
vevij,3,3,{'VERB': 3}
āghuṣ,3,3,{'VERB': 3}
pratidhṛṣ,3,2,{'VERB': 3}
apaśri,3,3,{'VERB': 3}
vītihotra,3,3,"{'ADJ': 1, 'NOUN': 2}"
upamā,3,3,"{'VERB': 1, 'NOUN': 1, 'ADV': 1}"
śubhay,3,3,{'VERB': 3}
raṃhay,3,3,{'VERB': 3}
pratvakṣas,3,3,{'ADJ': 3}
vāśīmat,3,3,{'ADJ': 3}
aparīta,3,3,{'ADJ': 3}
aprāyu,3,3,{'ADJ': 3}
svastimat,3,3,{'ADJ': 3}
upāgam,3,3,{'VERB': 3}
sphāna,3,2,{'ADJ': 3}
āpyā,3,3,{'VERB': 3}
karmaṇya,3,3,{'ADJ': 3}
chanda,3,3,"{'ADJ': 1, 'NOUN': 2}"
bhāsvat,3,3,{'ADJ': 3}
budhya,3,2,{'ADJ': 3}
devadryañc,3,3,{'ADJ': 3}
mṛḍayattama,3,3,{'ADJ': 3}
vasana,3,3,{'NOUN': 3}
yajñasādh,3,3,{'ADJ': 3}
viśvatomukha,3,2,{'ADJ': 3}
satīna,3,3,{'ADJ': 3}
ṛgmin,3,2,{'ADJ': 3}
manyumī,3,3,{'ADJ': 3}
sūryācandramas,3,3,{'NOUN': 3}
ādṛ,3,3,{'VERB': 3}
āṇḍa,3,3,{'NOUN': 3}
anuyam,3,3,{'VERB': 3}
śravay,3,3,{'VERB': 3}
yuvat,3,3,{'ADJ': 3}
triśoka,3,3,{'NOUN': 3}
kali,3,3,{'NOUN': 3}
pṛthi,3,3,{'NOUN': 3}
nivah,3,3,{'VERB': 3}
śaṃtāti,3,3,{'NOUN': 3}
asana,3,3,"{'NOUN': 2, 'ADJ': 1}"
goṣuyudh,3,3,{'ADJ': 3}
apnasvat,3,3,{'ADJ': 3}
udīray,3,3,{'VERB': 3}
ṛtejā,3,3,{'ADJ': 3}
prabodhay,3,3,{'VERB': 3}
sumnāy,3,3,{'VERB': 3}
svādīyas,3,3,{'ADJ': 3}
etagva,3,3,{'ADJ': 3}
ātmanvat,3,3,{'ADJ': 3}
anārambhaṇa,3,3,{'ADJ': 3}
vīray,3,3,{'VERB': 3}
pajriya,3,3,{'NOUN': 3}
avanī,3,3,"{'VERB': 2, 'NOUN': 1}"
kārṣman,3,3,{'NOUN': 3}
pṛthuśravas,3,2,{'NOUN': 3}
sruva,3,3,{'NOUN': 3}
nikhan,3,2,{'VERB': 3}
apatyasāc,3,3,{'ADJ': 3}
gamiṣṭha,3,3,{'ADJ': 3}
johūtra,3,3,{'ADJ': 3}
bhur,3,3,{'VERB': 3}
śarya,3,3,"{'ADJ': 1, 'NOUN': 2}"
prārc,3,3,{'VERB': 3}
pākyā,3,3,{'NOUN': 3}
sahyas,3,3,{'ADJ': 3}
dhenumat,3,3,{'ADJ': 3}
dvipād,3,3,{'NOUN': 3}
indrāparvata,3,3,{'NOUN': 3}
daśataya,3,2,{'ADJ': 3}
tarus,3,3,{'NOUN': 3}
dyotana,3,3,"{'ADJ': 2, 'NOUN': 1}"
admasad,3,3,{'NOUN': 3}
jāray,3,3,{'VERB': 3}
dhāra,3,2,{'NOUN': 3}
ārch,3,3,{'VERB': 3}
ādadi,3,3,{'ADJ': 3}
vātay,3,3,{'VERB': 3}
iṣudhy,3,3,{'VERB': 3}
parivṛj,3,3,"{'VERB': 2, 'NOUN': 1}"
anenas,3,3,{'ADJ': 3}
nāya,3,3,{'NOUN': 3}
tuviṣṭama,3,3,{'ADJ': 3}
vasūy,3,3,{'VERB': 3}
svarmīḍha,3,3,{'NOUN': 3}
karikṛ,3,3,{'VERB': 3}
amitray,3,3,{'VERB': 3}
tṛh,3,3,{'VERB': 3}
manāy,3,2,{'VERB': 3}
ghṛṇa,3,3,{'NOUN': 3}
cakṣay,3,3,{'VERB': 3}
turaṇyu,3,3,{'ADJ': 3}
durniyantu,3,2,{'ADJ': 3}
nicira,3,3,{'ADJ': 3}
vāsara,3,3,{'ADJ': 3}
tand,3,2,{'VERB': 3}
ajāśva,3,2,{'NOUN': 3}
sanā,3,3,{'ADV': 3}
ekādaśan,3,1,{'NUM': 3}
jyotīratha,3,3,{'ADJ': 3}
sītā,3,2,{'NOUN': 3}
asamana,3,3,{'ADJ': 3}
ojāy,3,3,{'VERB': 3}
adhīvāsa,3,3,{'NOUN': 3}
śiśumat,3,3,{'ADJ': 3}
bhargas,3,3,{'NOUN': 3}
sasrut,3,3,{'ADJ': 3}
hvāra,3,3,{'NOUN': 3}
jaṃhas,3,3,{'NOUN': 3}
viśvathā,3,3,{'ADV': 3}
turīpa,3,3,{'NOUN': 3}
iṣṭa,3,3,{'NOUN': 3}
dohana,3,3,"{'ADJ': 2, 'NOUN': 1}"
yuyūṣ,3,3,{'VERB': 3}
savayas,3,2,{'NOUN': 3}
pī,3,3,{'VERB': 3}
nabhanya,3,3,{'ADJ': 3}
saṃyam,3,3,{'VERB': 3}
ṛghāvat,3,3,{'ADJ': 3}
asra,3,3,{'NOUN': 3}
acitta,3,3,{'ADJ': 3}
vikramaṇa,3,3,{'NOUN': 3}
vyati,3,3,{'NOUN': 3}
jagatī,3,3,{'NOUN': 3}
mātṛtama,3,3,{'ADJ': 3}
prabhūṣ,3,3,{'VERB': 3}
yuvaśa,3,2,{'ADJ': 3}
sūnā,3,3,{'NOUN': 3}
apabhṛ,3,3,{'VERB': 3}
rajju,3,3,{'NOUN': 3}
kravis,3,2,{'NOUN': 3}
nakha,3,3,{'NOUN': 3}
paripaś,3,3,{'VERB': 3}
ukhā,3,2,{'NOUN': 3}
paḍvīśa,3,2,{'NOUN': 3}
apī,3,3,{'VERB': 3}
bībhatsu,3,2,{'ADJ': 3}
nivyadh,3,2,{'VERB': 3}
saptatha,3,3,{'ADJ': 3}
anuvid,3,3,{'VERB': 3}
niviś,3,3,{'VERB': 3}
saṃnah,3,3,{'VERB': 3}
viśvadānīm,3,3,{'ADV': 3}
aṣṭāpada,3,3,{'ADJ': 3}
maya,3,3,{'ADJ': 3}
dhrāji,3,3,{'NOUN': 3}
niyāna,3,3,{'NOUN': 3}
sādhya,3,2,{'NOUN': 3}
samānyā,3,3,{'ADV': 3}
naday,3,3,{'VERB': 3}
kṣura,3,3,{'NOUN': 3}
pariṣṭubh,3,3,"{'ADJ': 2, 'VERB': 1}"
yavyā,3,3,{'NOUN': 3}
stukā,3,3,{'NOUN': 3}
āsthāpay,3,3,{'VERB': 3}
nimiśla,3,3,{'ADJ': 3}
ārāttāt,3,3,{'ADV': 3}
ahanya,3,3,{'ADJ': 3}
dheṣṭha,3,3,{'ADJ': 3}
viṣpardhas,3,3,{'ADJ': 3}
duryoṇa,3,3,{'NOUN': 3}
sahāvat,3,2,{'ADJ': 3}
vasyaiṣṭi,3,2,{'NOUN': 3}
madrik,3,2,{'ADV': 3}
unnī,3,3,{'VERB': 3}
varivasyā,3,3,{'NOUN': 3}
cakriya,3,3,{'ADJ': 3}
āskra,3,3,{'ADJ': 3}
karambha,3,3,{'NOUN': 3}
purogā,3,3,{'NOUN': 3}
aviṣyu,3,3,{'ADJ': 3}
āśru,3,3,{'VERB': 3}
pariprī,3,3,"{'VERB': 2, 'ADJ': 1}"
kaṅkata,3,1,{'NOUN': 3}
lip,3,1,{'VERB': 3}
saṃvat,3,3,{'NOUN': 3}
agnidh,3,3,{'NOUN': 3}
praśāstra,3,3,{'NOUN': 3}
tanūruc,3,3,{'ADJ': 3}
patara,3,3,{'ADJ': 3}
śruti,3,3,{'NOUN': 3}
prāyaṇa,3,3,"{'ADJ': 1, 'NOUN': 2}"
vapuṣṭara,3,3,{'ADJ': 3}
bharibhṛ,3,3,{'VERB': 3}
prayakṣ,3,3,{'VERB': 3}
māyāvin,3,3,{'ADJ': 3}
aurṇavābha,3,3,{'NOUN': 3}
saṃvṛj,3,3,"{'ADJ': 1, 'VERB': 2}"
nici,3,3,{'VERB': 3}
viśvaha,3,3,{'ADV': 3}
puṣpin,3,3,{'ADJ': 3}
hastya,3,3,{'ADJ': 3}
udhan,3,3,{'NOUN': 3}
dhunī,3,3,{'NOUN': 3}
jīri,3,3,{'NOUN': 3}
dudhita,3,3,{'ADJ': 3}
amājur,3,3,{'NOUN': 3}
śunahotra,3,2,{'NOUN': 3}
sāha,3,3,{'ADJ': 3}
sunīti,3,3,{'NOUN': 3}
gṛdh,3,3,{'VERB': 3}
abhinakṣ,3,3,{'VERB': 3}
sāta,3,3,{'NOUN': 3}
sarsṛ,3,3,{'VERB': 3}
nibhraṃś,3,3,{'VERB': 3}
sanutya,3,3,{'ADJ': 3}
vanarṣad,3,3,{'ADJ': 3}
aṅguri,3,3,{'NOUN': 3}
ṛdūdara,3,3,{'ADJ': 3}
śvityañc,3,3,{'ADJ': 3}
khādin,3,3,{'ADJ': 3}
turay,3,3,{'VERB': 3}
vanditṛ,3,3,{'ADJ': 3}
prasarsṛ,3,3,{'VERB': 3}
aniśita,3,3,{'ADJ': 3}
mārtāṇḍa,3,2,{'NOUN': 3}
rakṣitṛ,3,3,{'ADJ': 3}
janana,3,1,{'ADJ': 3}
anibādha,3,3,{'ADJ': 3}
saraṇy,3,3,{'VERB': 3}
poṣayitnu,3,3,{'ADJ': 3}
uśadhak,3,3,{'ADJ': 3}
divakṣas,3,3,{'ADJ': 3}
stabhūy,3,3,{'VERB': 3}
nimā,3,3,{'VERB': 3}
vihava,3,2,{'NOUN': 3}
tṛṣṭa,3,2,{'ADJ': 3}
sahasravat,3,3,{'ADJ': 3}
saṃji,3,3,{'VERB': 3}
dogha,3,3,"{'ADJ': 2, 'NOUN': 1}"
avastāt,3,3,{'ADV': 3}
daivavāta,3,3,"{'ADJ': 1, 'NOUN': 2}"
vaktva,3,2,{'ADJ': 3}
prātaḥsāva,3,3,{'NOUN': 3}
dyumnavat,3,3,{'ADJ': 3}
kāśi,3,3,{'NOUN': 3}
pramṛ,3,3,{'VERB': 3}
ahasta,3,3,{'ADJ': 3}
hantu,3,3,{'NOUN': 3}
niṣaṅgin,3,3,{'ADJ': 3}
candravat,3,3,{'ADJ': 3}
makhasy,3,3,{'VERB': 3}
viṣkambh,3,3,{'VERB': 3}
dhanutṛ,3,3,{'ADJ': 3}
sanyas,3,3,{'ADJ': 3}
amarman,3,3,{'ADJ': 3}
pariśī,3,3,{'VERB': 3}
vipāś,3,2,{'NOUN': 3}
pariṣad,3,3,"{'NOUN': 1, 'VERB': 2}"
yoktra,3,3,{'NOUN': 3}
samākṛ,3,3,{'VERB': 3}
rocis,3,3,{'NOUN': 3}
madryañc,3,3,{'ADJ': 3}
dadhṛṣ,3,3,{'ADJ': 3}
dhānāvat,3,3,{'ADJ': 3}
udadhi,3,3,{'NOUN': 3}
kulyā,3,3,{'NOUN': 3}
kavāri,3,3,{'ADJ': 3}
pratikāma,3,3,{'ADJ': 3}
īṣā,3,3,{'NOUN': 3}
anaḍuh,3,3,{'NOUN': 3}
vevīy,3,3,{'VERB': 3}
yamya,3,3,{'ADJ': 3}
niṣṣidhvan,3,3,{'ADJ': 3}
vipaś,3,3,{'VERB': 3}
vanas,3,2,{'NOUN': 3}
iḍāvat,3,3,{'ADJ': 3}
diti,3,3,{'NOUN': 3}
madhuṣut,3,3,{'ADJ': 3}
niyam,3,3,{'VERB': 3}
bhrama,3,3,{'NOUN': 3}
rup,3,2,{'NOUN': 3}
upavaktṛ,3,3,{'NOUN': 3}
hṛdispṛśa,3,3,{'ADJ': 3}
vihṛ,3,3,{'VERB': 3}
parāhan,3,3,{'VERB': 3}
abrahman,3,3,{'ADJ': 3}
mṛgaya,3,3,{'NOUN': 3}
dhvasra,3,3,{'ADJ': 3}
taviṣīvat,3,3,{'ADJ': 3}
goha,3,1,{'NOUN': 3}
hana,3,3,"{'ADJ': 2, 'NOUN': 1}"
badhira,3,3,{'ADJ': 3}
khid,3,3,{'VERB': 3}
vadhatra,3,3,{'NOUN': 3}
agrū,3,3,{'NOUN': 3}
sarayu,3,3,{'NOUN': 3}
aśmanmaya,3,3,{'ADJ': 3}
saṃvatsam,3,1,{'ADV': 3}
kaniṣṭha,3,3,{'ADJ': 3}
aṃsatra,3,3,{'NOUN': 3}
veday,3,2,{'VERB': 3}
kruś,3,3,{'VERB': 3}
gaviṣ,3,3,{'ADJ': 3}
apasphur,3,2,"{'VERB': 1, 'ADJ': 2}"
pūrvabhāj,3,3,{'ADJ': 3}
netrī,3,2,{'NOUN': 3}
aṣṭrā,3,3,{'NOUN': 3}
samā,3,3,{'NOUN': 3}
hṛdya,3,3,{'ADJ': 3}
bhānumat,3,2,{'ADJ': 3}
mahiṣī,3,3,{'NOUN': 3}
hṛṇīy,3,3,{'VERB': 3}
kīrin,3,3,{'ADJ': 3}
kutra,3,3,{'ADV': 3}
apṛṇat,3,3,{'ADJ': 3}
bṛhaduktha,3,3,{'NOUN': 3}
tryaruṇa,3,1,{'NOUN': 3}
aśvamedha,3,1,{'NOUN': 3}
paruṣa,3,3,{'ADJ': 3}
svadhāvan,3,3,{'ADJ': 3}
maṃhay,3,3,{'VERB': 3}
muh,3,3,{'VERB': 3}
yeṣṭha,3,3,{'ADJ': 3}
pratiṣṭhā,3,3,{'NOUN': 3}
vakṣaṇa,3,3,"{'ADJ': 2, 'NOUN': 1}"
ave,3,3,{'VERB': 3}
rathaspati,3,3,{'NOUN': 3}
prātaryāvan,3,3,{'ADJ': 3}
yamunā,3,3,{'NOUN': 3}
udanyu,3,3,{'ADJ': 3}
visarjana,3,3,{'NOUN': 3}
dhav,3,3,{'VERB': 3}
tvoti,3,3,{'ADJ': 3}
vihruta,3,3,{'ADJ': 3}
trātra,3,3,{'NOUN': 3}
bhūtama,3,2,{'ADJ': 3}
saṃtani,3,3,{'NOUN': 3}
hūtama,3,3,{'ADJ': 3}
nire,3,2,{'VERB': 3}
jarāyu,3,3,{'NOUN': 3}
satyaśravas,3,1,{'NOUN': 3}
vāyya,3,1,{'NOUN': 3}
prapāṇa,3,3,{'NOUN': 3}
kabandha,3,3,{'NOUN': 3}
girvaṇastama,3,3,{'ADJ': 3}
raśman,3,3,{'NOUN': 3}
drāvay,3,3,{'VERB': 3}
tapasvat,3,2,{'ADJ': 3}
mrakṣa,3,3,{'ADJ': 3}
samara,3,3,{'NOUN': 3}
pūrti,3,3,{'NOUN': 3}
tras,3,3,{'VERB': 3}
añjasā,3,3,{'ADV': 3}
puṣkara,3,3,{'NOUN': 3}
amitriya,3,3,{'ADJ': 3}
śayatha,3,3,{'NOUN': 3}
khaja,3,3,{'NOUN': 3}
sumantu,3,3,{'ADJ': 3}
vetasu,3,3,{'NOUN': 3}
askṛdhoyu,3,3,{'ADJ': 3}
grābha,3,3,{'NOUN': 3}
iyat,3,3,{'ADJ': 3}
raji,3,3,{'NOUN': 3}
vṛcīvant,3,1,{'NOUN': 3}
varmin,3,3,{'ADJ': 3}
aśrīra,3,3,{'ADJ': 3}
sabhā,3,3,{'NOUN': 3}
asamāti,3,2,"{'ADJ': 1, 'NOUN': 2}"
nidāna,3,3,{'NOUN': 3}
viśvapsu,3,3,{'ADJ': 3}
vacana,3,3,"{'ADJ': 2, 'NOUN': 1}"
prahan,3,3,"{'ADJ': 1, 'VERB': 2}"
tuc,3,3,{'NOUN': 3}
mithastur,3,3,{'ADJ': 3}
ārā,3,1,{'NOUN': 3}
mākīm,3,2,{'ADV': 3}
pūṣaṇa,3,3,{'NOUN': 3}
upāvasu,3,3,{'ADJ': 3}
supatha,3,2,{'NOUN': 3}
bhañj,3,3,{'VERB': 3}
niṣṭya,3,3,{'ADJ': 3}
jarūtha,3,3,{'NOUN': 3}
nidhruvi,3,3,{'ADJ': 3}
pauruṣeya,3,3,{'ADJ': 3}
dakṣ,3,3,{'VERB': 3}
dudukṣ,3,3,{'VERB': 3}
paktha,3,3,{'NOUN': 3}
durmitra,3,3,"{'ADJ': 2, 'NOUN': 1}"
nūtna,3,3,{'ADJ': 3}
paijavana,3,1,{'NOUN': 3}
senānī,3,3,{'ADJ': 3}
jman,3,3,{'NOUN': 3}
aviṣṭha,3,3,{'ADJ': 3}
jaraṇā,3,3,{'NOUN': 3}
hiraṇyayu,3,3,{'ADJ': 3}
utthā,3,3,{'VERB': 3}
irasy,3,3,{'VERB': 3}
viśvāñc,3,3,{'ADJ': 3}
tsaru,3,1,{'NOUN': 3}
āveśa,3,3,{'NOUN': 3}
sārameya,3,2,{'NOUN': 3}
srakva,3,3,{'NOUN': 3}
duchunāy,3,2,{'VERB': 3}
yuṣmota,3,1,{'ADJ': 3}
anyatra,3,3,{'ADV': 3}
heḍana,3,3,{'NOUN': 3}
purohiti,3,3,{'NOUN': 3}
preṣ,3,3,"{'VERB': 2, 'NOUN': 1}"
dhvaja,3,3,{'NOUN': 3}
gup,3,3,{'VERB': 3}
kravya,3,3,{'NOUN': 3}
kimīdin,3,2,{'NOUN': 3}
parśāna,3,3,{'NOUN': 3}
vaktṛ,3,3,"{'ADJ': 2, 'NOUN': 1}"
mūradeva,3,2,{'NOUN': 3}
iṣkartṛ,3,3,{'ADJ': 3}
tugryāvṛdh,3,3,{'ADJ': 3}
rasin,3,3,{'ADJ': 3}
jāmātṛ,3,2,{'NOUN': 3}
satrājit,3,3,"{'NOUN': 1, 'ADJ': 2}"
pākasthāman,3,1,{'NOUN': 3}
abhyañjana,3,3,{'NOUN': 3}
adhaspada,3,3,{'ADJ': 3}
vṛṣṭimat,3,3,{'ADJ': 3}
ārjīka,3,3,{'NOUN': 3}
ṛtviyāvat,3,3,{'ADJ': 3}
prāk,3,3,{'ADV': 3}
prasakṣin,3,3,{'ADJ': 3}
bharman,3,3,{'NOUN': 3}
trāsadasyava,3,3,{'NOUN': 3}
ātura,3,3,{'ADJ': 3}
pratīvī,3,3,"{'ADJ': 1, 'NOUN': 2}"
vaiyaśva,3,3,{'NOUN': 3}
bhandanā,3,2,{'NOUN': 3}
avacākaś,3,3,{'VERB': 3}
bandha,3,3,{'NOUN': 3}
bunda,3,2,{'NOUN': 3}
durmarṣa,3,3,{'ADJ': 3}
kṛpay,3,3,{'VERB': 3}
duṣkṛta,3,3,{'NOUN': 3}
nah,3,3,{'VERB': 3}
hyas,3,3,{'ADV': 3}
ārkṣa,3,2,{'NOUN': 3}
godhā,3,2,{'NOUN': 3}
khedā,3,3,{'NOUN': 3}
śrutarvan,3,2,{'NOUN': 3}
hanta,3,3,{'ADV': 3}
kṛtha,3,1,{'NOUN': 3}
tata,3,2,{'NOUN': 3}
aṃśumatī,3,1,{'NOUN': 3}
prahi,3,3,{'VERB': 3}
śruttama,3,3,{'ADJ': 3}
rathary,3,3,{'VERB': 3}
indrayu,3,3,{'ADJ': 3}
makhasyu,3,3,{'ADJ': 3}
yudhvan,3,3,{'ADJ': 3}
pramā,3,2,"{'VERB': 1, 'NOUN': 2}"
saṃsvar,3,2,{'VERB': 3}
saṃdah,3,2,{'VERB': 3}
taviṣy,3,3,{'VERB': 3}
ripra,3,3,{'NOUN': 3}
nahuṣya,3,3,{'ADJ': 3}
vici,3,3,{'VERB': 3}
kṣu,3,3,{'NOUN': 3}
raudra,3,2,{'ADJ': 3}
nigam,3,2,{'VERB': 3}
asutṛp,3,3,{'ADJ': 3}
māmaka,3,3,{'ADJ': 3}
aśru,3,2,{'NOUN': 3}
ucchvañc,3,2,{'VERB': 3}
parāyaṇa,3,3,{'NOUN': 3}
ābhu,3,2,{'ADJ': 3}
varey,3,2,{'VERB': 3}
palāśa,3,3,{'NOUN': 3}
nivap,3,2,{'VERB': 3}
āvarvṛt,3,3,{'VERB': 3}
durvidatra,3,3,{'ADJ': 3}
śvātrya,3,3,{'ADJ': 3}
prayāja,3,2,{'NOUN': 3}
anuyāja,3,2,{'NOUN': 3}
ūrjasvat,3,2,{'ADJ': 3}
subandhu,3,2,{'NOUN': 3}
dhvānta,3,2,"{'NOUN': 2, 'ADJ': 1}"
anudeyī,3,2,{'NOUN': 3}
kravyād,3,2,{'NOUN': 3}
hiṃsra,3,1,{'ADJ': 3}
sīra,3,2,{'NOUN': 3}
śaṃtanu,3,1,{'NOUN': 3}
ārṣṭiṣeṇa,3,1,{'NOUN': 3}
ākūti,3,3,{'NOUN': 3}
araṇyānī,3,1,{'NOUN': 3}
viṣāsahi,3,3,{'ADJ': 3}
loman,3,1,{'NOUN': 3}
dyutāna,3,1,{'ADJ': 3}
doṣāvastṛ,2,2,{'NOUN': 2}
prapṛc,2,1,{'VERB': 2}
śavīra,2,2,{'ADJ': 2}
codayitṛ,2,2,{'ADJ': 2}
vigra,2,2,{'ADJ': 2}
jyaiṣṭhya,2,2,{'NOUN': 2}
mandu,2,2,{'ADJ': 2}
mahādhana,2,2,{'NOUN': 2}
tuñja,2,1,{'NOUN': 2}
prathiman,2,2,{'NOUN': 2}
gomant,2,2,{'NOUN': 2}
homa,2,2,{'NOUN': 2}
vaṃśa,2,2,{'NOUN': 2}
bila,2,2,{'NOUN': 2}
āvad,2,2,{'VERB': 2}
vṛktabarhis,2,2,{'NOUN': 2}
sukhatama,2,2,{'ADJ': 2}
mādayiṣṇu,2,2,{'ADJ': 2}
gnāvat,2,2,{'ADJ': 2}
neṣṭṛ,2,2,{'NOUN': 2}
pipīṣ,2,2,{'VERB': 2}
dīdi,2,2,{'ADJ': 2}
haviṣkṛti,2,2,{'NOUN': 2}
sudhṛṣṭama,2,2,{'ADJ': 2}
āsayā,2,2,{'ADV': 2}
pattra,2,2,{'NOUN': 2}
agnāyī,2,2,{'NOUN': 2}
bharīman,2,2,{'NOUN': 2}
ambi,2,2,{'NOUN': 2}
abudhna,2,2,{'ADJ': 2}
śunaḥśepa,2,1,{'NOUN': 2}
śrathāy,2,2,{'VERB': 2}
saṃdo,2,2,{'VERB': 2}
dipsu,2,2,{'ADJ': 2}
cṛt,2,2,{'VERB': 2}
āsāt,2,2,{'ADV': 2}
animāna,2,2,{'ADJ': 2}
āyaji,2,2,{'ADJ': 2}
mithūdṛś,2,2,{'ADJ': 2}
rādhā,2,2,{'NOUN': 2}
śāśvas,2,2,{'VERB': 2}
daṃsanāvat,2,2,{'ADJ': 2}
kadhapriya,2,2,{'ADJ': 2}
aruṣī,2,2,{'NOUN': 2}
katidhā,2,2,{'ADV': 2}
sukratūyā,2,2,{'NOUN': 2}
vūrya,2,2,{'NOUN': 2}
sagh,2,2,{'VERB': 2}
vaṣaṭkṛti,2,2,{'NOUN': 2}
mamaka,2,2,{'ADJ': 2}
animeṣa,2,2,{'ADJ': 2}
yayāti,2,2,{'NOUN': 2}
pūrvavat,2,2,{'ADV': 2}
kuliśa,2,2,{'NOUN': 2}
upapṛc,2,2,"{'ADJ': 1, 'VERB': 1}"
vyas,2,2,{'VERB': 2}
sṛka,2,2,{'NOUN': 2}
pratihan,2,2,{'VERB': 2}
rud,2,2,{'VERB': 2}
maṇi,2,2,{'NOUN': 2}
śṛṅgin,2,2,{'ADJ': 2}
daśadyu,2,2,{'NOUN': 2}
śvaitreya,2,2,{'NOUN': 2}
nāndī,2,2,{'NOUN': 2}
prava,2,2,{'ADJ': 2}
vandhur,2,2,{'NOUN': 2}
madhupa,2,2,{'ADJ': 2}
prauga,2,2,{'NOUN': 2}
apasidh,2,2,{'VERB': 2}
pratidoṣam,2,2,{'ADV': 2}
pratīti,2,2,{'NOUN': 2}
ratheśubh,2,2,{'ADJ': 2}
devatta,2,2,{'ADJ': 2}
niri,2,2,{'VERB': 2}
parāṇud,2,2,{'VERB': 2}
vic,2,2,{'VERB': 2}
tana,2,2,{'NOUN': 2}
ākan,2,2,{'VERB': 2}
paṅkti,2,2,{'NOUN': 2}
antarvāvat,2,2,{'ADV': 2}
bāhutā,2,2,{'ADV': 2}
durukta,2,2,{'NOUN': 2}
huraścit,2,2,{'ADJ': 2}
śaṃyu,2,2,{'ADJ': 2}
vivasvat,2,2,{'ADJ': 2}
kaṇvatama,2,2,{'NOUN': 2}
pātay,2,2,{'VERB': 2}
odatī,2,2,{'NOUN': 2}
jīvana,2,2,{'NOUN': 2}
sugmya,2,2,{'ADJ': 2}
jyotiṣkṛt,2,2,{'ADJ': 2}
hāridrava,2,2,{'NOUN': 2}
apidhāna,2,2,{'NOUN': 2}
dānumat,2,2,{'ADJ': 2}
pītha,2,2,{'NOUN': 2}
barhiṣmant,2,2,{'NOUN': 2}
śākin,2,2,{'ADJ': 2}
srotas,2,2,{'NOUN': 2}
śāryāta,2,2,{'NOUN': 2}
vṛṣaṇaśva,2,2,{'NOUN': 2}
rathayu,2,2,{'ADJ': 2}
nadīvṛt,2,2,{'ADJ': 2}
ahrutapsu,2,2,{'ADJ': 2}
viśru,2,2,{'VERB': 2}
śikṣā,2,2,{'NOUN': 2}
karañja,2,2,{'NOUN': 2}
parṇaya,2,2,{'NOUN': 2}
abandhu,2,2,{'ADJ': 2}
udṛc,2,2,{'NOUN': 2}
nyṛj,2,2,{'VERB': 2}
vrandin,2,1,{'ADJ': 2}
barhaṇāvat,2,2,{'ADJ': 2}
anuṣṭhā,2,2,"{'ADJ': 1, 'VERB': 1}"
vacasy,2,2,{'VERB': 2}
yamiṣṭha,2,2,{'ADJ': 2}
prakṣi,2,2,{'VERB': 2}
rayiṣah,2,2,{'ADJ': 2}
sṛṇi,2,2,{'NOUN': 2}
vibhāva,2,2,"{'NOUN': 1, 'ADJ': 1}"
upamit,2,2,{'NOUN': 2}
puruṇītha,2,2,{'NOUN': 2}
dvijanman,2,2,{'NOUN': 2}
kiyedhā,2,1,{'ADJ': 2}
svari,2,2,{'ADJ': 2}
śuṣ,2,2,{'VERB': 2}
sauvaśvya,2,2,{'NOUN': 2}
hāriyojana,2,2,{'ADJ': 2}
āṅgūṣya,2,2,{'ADJ': 2}
cārutama,2,2,{'ADJ': 2}
sanajā,2,2,{'ADJ': 2}
svapasy,2,2,{'VERB': 2}
ajuṣṭi,2,2,{'NOUN': 2}
atasāyya,2,2,{'ADJ': 2}
suhastya,2,2,{'ADJ': 2}
khād,2,2,{'VERB': 2}
āpathi,2,2,{'ADJ': 2}
svasṛt,2,2,{'ADJ': 2}
havas,2,2,{'NOUN': 2}
bhujman,2,2,{'ADJ': 2}
rukmin,2,2,{'ADJ': 2}
gṛdhnu,2,2,{'ADJ': 2}
vidu,2,2,{'ADJ': 2}
syonaśī,2,2,{'ADJ': 2}
puraḥsad,2,2,{'ADJ': 2}
nityam,2,2,{'ADV': 2}
vedhastama,2,2,{'ADJ': 2}
bhāmin,2,2,{'ADJ': 2}
rāyaskāma,2,2,{'ADJ': 2}
avadhū,2,2,{'VERB': 2}
dhrajīmat,2,2,{'ADJ': 2}
poṣas,2,2,{'NOUN': 2}
senya,2,2,{'NOUN': 2}
viṣūvat,2,2,{'ADJ': 2}
durhṛṇāyu,2,2,{'ADJ': 2}
virukmant,2,2,{'NOUN': 2}
pracyāvay,2,2,{'VERB': 2}
yuyudhi,2,2,{'ADJ': 2}
vimahas,2,2,{'ADJ': 2}
pratavas,2,2,{'ADJ': 2}
juṣṭatama,2,2,{'ADJ': 2}
rathatur,2,2,{'ADJ': 2}
varāhu,2,2,{'NOUN': 2}
tārkṣya,2,2,{'NOUN': 2}
śubhaṃyāvan,2,2,{'ADJ': 2}
sabheya,2,2,{'ADJ': 2}
peśa,2,2,{'NOUN': 2}
āmī,2,2,{'VERB': 2}
bṛsaya,2,2,{'NOUN': 2}
sakratu,2,2,{'ADJ': 2}
havyasūd,2,2,{'ADJ': 2}
śruṣṭimat,2,2,{'ADJ': 2}
praśāstṛ,2,2,{'NOUN': 2}
yavasād,2,2,{'ADJ': 2}
heḍa,2,2,{'NOUN': 2}
praśās,2,2,{'VERB': 2}
āviṣṭya,2,2,{'ADJ': 2}
vasūyā,2,2,{'NOUN': 2}
bhandiṣṭha,2,2,{'ADJ': 2}
utsava,2,2,{'NOUN': 2}
samaj,2,2,{'VERB': 2}
vajrabhṛt,2,2,{'NOUN': 2}
ravatha,2,2,{'NOUN': 2}
śimyu,2,2,{'NOUN': 2}
bhīru,2,2,{'ADJ': 2}
nibhṛta,2,2,{'ADJ': 2}
triviṣṭi,2,2,{'ADV': 2}
kṣamā,2,2,{'ADV': 2}
rauhiṇa,2,2,{'NOUN': 2}
kīrtenya,2,2,{'ADJ': 2}
yup,2,2,{'VERB': 2}
yahvat,2,2,{'ADJ': 2}
aṃhūraṇa,2,2,"{'NOUN': 1, 'ADJ': 1}"
nicāy,2,2,{'VERB': 2}
pṛṣṭi,2,2,{'NOUN': 2}
prayu,2,2,{'VERB': 2}
sajāta,2,2,{'NOUN': 2}
dāvattara,2,2,{'ADJ': 2}
tavastama,2,2,{'ADJ': 2}
caturvaya,2,2,{'ADJ': 2}
praśāsana,2,2,{'NOUN': 2}
vibhūṣ,2,2,{'VERB': 2}
āraṇa,2,2,{'NOUN': 2}
suṣaṃsad,2,2,{'ADJ': 2}
omyāvat,2,1,{'ADJ': 2}
vaṇij,2,2,{'NOUN': 2}
syūmaraśmi,2,2,{'NOUN': 2}
puruṣanti,2,2,{'NOUN': 2}
anvañc,2,2,{'ADJ': 2}
jīvita,2,2,{'NOUN': 2}
śreṣṭhatama,2,2,{'ADJ': 2}
kartu,2,2,{'NOUN': 2}
megha,2,2,{'NOUN': 2}
ārdra,2,2,{'ADJ': 2}
paidva,2,2,{'ADJ': 2}
pramuc,2,2,{'VERB': 2}
ātharvaṇa,2,2,{'NOUN': 2}
kara,2,2,{'NOUN': 2}
hiraṇyahasta,2,2,{'NOUN': 2}
caritra,2,2,{'NOUN': 2}
jaṅghā,2,2,{'NOUN': 2}
sacana,2,2,{'ADJ': 2}
jahnāvī,2,2,{'NOUN': 2}
jāhuṣa,2,2,{'NOUN': 2}
nīca,2,2,{'ADJ': 2}
kṛṣṇiya,2,2,{'NOUN': 2}
vipru,2,2,{'VERB': 2}
pravṛj,2,2,{'VERB': 2}
ghoṣā,2,2,{'NOUN': 2}
pitṛṣad,2,2,{'ADJ': 2}
nārṣada,2,2,{'NOUN': 2}
bhuraṇa,2,2,{'ADJ': 2}
śayutrā,2,2,{'ADV': 2}
jayus,2,2,{'ADJ': 2}
purumitra,2,2,{'NOUN': 2}
pariṣūti,2,2,{'NOUN': 2}
paritap,2,2,{'VERB': 2}
nibādh,2,2,{'VERB': 2}
makṣikā,2,2,{'NOUN': 2}
avidvas,2,2,{'ADJ': 2}
aśiśu,2,2,{'ADJ': 2}
prasarga,2,2,{'NOUN': 2}
sveduhavya,2,2,{'ADJ': 2}
rodhana,2,2,{'NOUN': 2}
upanī,2,2,{'VERB': 2}
granth,2,2,{'VERB': 2}
prās,2,2,{'VERB': 2}
vyuta,2,2,{'ADJ': 2}
naṃśa,2,1,{'NOUN': 2}
vasutāti,2,1,{'NOUN': 2}
śrotu,2,1,{'NOUN': 2}
sanutṛ,2,2,{'ADJ': 2}
śvitīci,2,2,{'ADJ': 2}
prātaritvan,2,1,"{'NOUN': 1, 'ADJ': 1}"
atūrta,2,2,{'ADJ': 2}
catvāriṃśat,2,2,{'NOUN': 2}
viśya,2,2,{'ADJ': 2}
anasvat,2,2,{'ADJ': 2}
yāśu,2,2,{'NOUN': 2}
virukmat,2,2,{'ADJ': 2}
druhaṃtara,2,1,{'ADJ': 2}
divātara,2,1,{'ADJ': 2}
iṣṭani,2,1,{'ADJ': 2}
hṛṣīvat,2,2,{'ADJ': 2}
kīsta,2,2,{'NOUN': 2}
dyumnintama,2,2,{'ADJ': 2}
dharīman,2,2,{'NOUN': 2}
ghṛtaśrī,2,2,{'ADJ': 2}
araru,2,2,"{'ADJ': 1, 'NOUN': 1}"
kṣudra,2,2,{'ADJ': 2}
durmanman,2,2,{'ADJ': 2}
reṣay,2,2,{'VERB': 2}
avayātṛ,2,2,{'ADJ': 2}
saṃvye,2,2,{'VERB': 2}
avabhṛ,2,2,{'VERB': 2}
niḥsṛj,2,1,{'VERB': 2}
ayajyu,2,2,{'ADJ': 2}
saniṣṇ,2,1,{'VERB': 2}
riṣṭa,2,2,{'NOUN': 2}
vakman,2,2,{'NOUN': 2}
kṣit,2,2,{'ADJ': 2}
taruṣ,2,2,{'VERB': 2}
gahana,2,2,"{'NOUN': 1, 'ADJ': 1}"
abhivlag,2,1,{'VERB': 2}
vaṭūrin,2,1,{'ADJ': 2}
armaka,2,1,{'NOUN': 2}
apavap,2,2,{'VERB': 2}
taka,2,2,{'PRON': 2}
avṛta,2,2,{'ADJ': 2}
iṣaṇ,2,2,{'VERB': 2}
takvavī,2,2,{'ADJ': 2}
paripū,2,2,{'VERB': 2}
pūrvapeya,2,2,{'NOUN': 2}
aśvattha,2,2,{'NOUN': 2}
paribhūṣ,2,2,{'VERB': 2}
sumnay,2,2,{'VERB': 2}
sarin,2,1,{'ADJ': 2}
saṃdā,2,2,{'VERB': 2}
adriṣuta,2,2,{'ADJ': 2}
sakṣit,2,2,{'ADJ': 2}
dhvasay,2,1,{'VERB': 2}
viṣṭir,2,2,{'NOUN': 2}
ādhava,2,2,{'NOUN': 2}
śikvan,2,2,{'ADJ': 2}
sudyotman,2,2,{'ADJ': 2}
tigita,2,2,{'ADJ': 2}
bharv,2,2,{'VERB': 2}
āvas,2,2,{'VERB': 2}
vitartar,2,2,{'VERB': 2}
arvatī,2,2,{'NOUN': 2}
praiṣa,2,2,{'NOUN': 2}
rabhas,2,2,{'NOUN': 2}
śvānta,2,2,{'ADJ': 2}
vanargu,2,2,{'ADJ': 2}
didṛkṣeṇya,2,2,{'ADJ': 2}
mṛc,2,2,"{'VERB': 1, 'NOUN': 1}"
pretṛ,2,2,{'ADJ': 2}
śimī,2,1,{'NOUN': 2}
uparatāti,2,2,{'ADV': 2}
kucara,2,2,{'ADJ': 2}
tridhātu,2,2,{'NOUN': 2}
vāstu,2,2,{'NOUN': 2}
dhiyāy,2,2,{'VERB': 2}
asanā,2,2,{'NOUN': 2}
kramaṇa,2,2,{'NOUN': 2}
śevya,2,2,{'ADJ': 2}
aucathya,2,1,{'NOUN': 2}
samubh,2,2,{'VERB': 2}
uras,2,2,{'NOUN': 2}
dīrghatamas,2,2,{'NOUN': 2}
panāyya,2,2,{'ADJ': 2}
avakhyā,2,2,{'VERB': 2}
upāj,2,2,{'VERB': 2}
māṃsa,2,2,{'NOUN': 2}
tātya,2,2,{'ADJ': 2}
prāvṛ,2,2,{'VERB': 2}
abhigūrti,2,1,{'NOUN': 2}
saṃdāna,2,1,{'NOUN': 2}
śīrṣaṇya,2,2,{'ADJ': 2}
gandha,2,2,{'NOUN': 2}
śriṣ,2,2,{'VERB': 2}
niṣadana,2,2,{'NOUN': 2}
gandhi,2,2,{'ADJ': 2}
abhigur,2,2,{'VERB': 2}
upastṛ,2,2,{'VERB': 2}
yāmay,2,2,{'VERB': 2}
pārṣṇi,2,2,{'NOUN': 2}
catustriṃśat,2,2,{'NOUN': 2}
piṇḍa,2,2,{'NOUN': 2}
mithū,2,2,{'ADV': 2}
hariṇa,2,2,{'NOUN': 2}
eṇa,2,2,{'NOUN': 2}
vipṛc,2,2,{'VERB': 2}
jigīṣ,2,2,{'VERB': 2}
śreṇiśas,2,2,{'ADV': 2}
araṇya,2,2,{'NOUN': 2}
śasana,2,2,{'NOUN': 2}
anarva,2,2,{'ADJ': 2}
anastha,2,2,{'ADJ': 2}
mantray,2,2,{'VERB': 2}
ākṛti,2,2,{'NOUN': 2}
sthātra,2,2,{'NOUN': 2}
akṣaṇvat,2,2,{'ADJ': 2}
kavīy,2,2,{'VERB': 2}
rathaṃtara,2,2,{'NOUN': 2}
śiñj,2,2,{'VERB': 2}
iṅgay,2,2,{'VERB': 2}
garutmant,2,2,{'NOUN': 2}
nabhya,2,2,{'NOUN': 2}
alātṛṇa,2,2,{'ADJ': 2}
āvi,2,2,{'NOUN': 2}
sabhāvat,2,2,{'ADJ': 2}
ityā,2,2,{'NOUN': 2}
janī,2,2,{'NOUN': 2}
subhāga,2,2,{'ADJ': 2}
apraśasta,2,2,{'ADJ': 2}
pṛthujraya,2,2,{'ADJ': 2}
hās,2,2,{'VERB': 2}
dvīpa,2,2,{'NOUN': 2}
ṛṇāvan,2,2,{'ADJ': 2}
prāś,2,2,{'VERB': 2}
jigīṣā,2,2,{'NOUN': 2}
avayā,2,2,{'VERB': 2}
paritaṃsay,2,2,{'VERB': 2}
dhiṣā,2,2,{'NOUN': 2}
pīyu,2,2,{'NOUN': 2}
dhunimat,2,2,{'ADJ': 2}
pātṛ,2,2,{'ADJ': 2}
mitrin,2,2,{'ADJ': 2}
śrānta,2,2,{'NOUN': 2}
pulu,2,2,{'ADJ': 2}
anindya,2,2,{'ADJ': 2}
mathra,2,2,{'ADJ': 2}
niṣṣāh,2,2,{'ADJ': 2}
indratama,2,2,{'ADJ': 2}
āci,2,2,{'VERB': 2}
ratnin,2,2,{'ADJ': 2}
avavyadh,2,2,{'VERB': 2}
sudāstara,2,2,{'ADJ': 2}
nicetṛ,2,2,{'ADJ': 2}
apada,2,2,{'ADJ': 2}
pṛthvī,2,2,{'NOUN': 2}
dūreanta,2,2,{'ADJ': 2}
jāspati,2,2,{'NOUN': 2}
abhiśrāva,2,2,{'NOUN': 2}
adviṣeṇya,2,2,{'ADJ': 2}
advayas,2,2,{'ADJ': 2}
vivasvan,2,2,{'NOUN': 2}
tmanī,2,2,{'NOUN': 2}
daṃś,2,2,{'VERB': 2}
marmṛjenya,2,2,{'ADJ': 2}
gāthānī,2,2,{'ADJ': 2}
piyāru,2,2,{'ADJ': 2}
pratibudh,2,2,{'VERB': 2}
yātudhānī,2,2,{'NOUN': 2}
jūrv,2,2,{'VERB': 2}
iyattaka,2,1,{'ADJ': 2}
kuṣumbhaka,2,1,{'NOUN': 2}
vṛścika,2,1,{'NOUN': 2}
arasa,2,1,{'ADJ': 2}
śaṃgaya,2,2,{'ADJ': 2}
upasṛj,2,2,{'VERB': 2}
hiriśipra,2,2,{'ADJ': 2}
iṣan,2,2,{'NOUN': 2}
medhas,2,2,{'NOUN': 2}
sanatā,2,2,{'ADV': 2}
raṃsu,2,2,{'ADJ': 2}
tapu,2,2,{'ADJ': 2}
svayu,2,2,{'ADJ': 2}
aṣṭama,2,2,{'ADJ': 2}
aśvamiṣṭi,2,2,{'ADJ': 2}
mitrya,2,2,{'ADJ': 2}
udanya,2,2,{'ADJ': 2}
āyajiṣṭha,2,2,{'ADJ': 2}
vyaciṣṭha,2,2,{'ADJ': 2}
tvādūta,2,2,{'ADJ': 2}
amānuṣa,2,2,{'ADJ': 2}
viśvarūpa,2,2,{'NOUN': 2}
anudā,2,2,{'VERB': 2}
sadhri,2,2,"{'ADJ': 1, 'NOUN': 1}"
titikṣ,2,2,{'VERB': 2}
śevadhi,2,2,{'NOUN': 2}
nipū,2,2,{'VERB': 2}
kṣamya,2,2,{'ADJ': 2}
avaṃśa,2,2,{'NOUN': 2}
asnātṛ,2,2,{'ADJ': 2}
jyeṣṭhatama,2,2,{'ADJ': 2}
dādhṛṣi,2,2,{'ADJ': 2}
nibudh,2,2,{'VERB': 2}
ratheṣṭha,2,2,{'ADJ': 2}
dvitīya,2,2,{'ADJ': 2}
mṛdhas,2,2,{'NOUN': 2}
prāya,2,1,{'NOUN': 2}
stavat,2,2,{'ADJ': 2}
duṣṭarītu,2,2,{'ADJ': 2}
samaś,2,2,{'VERB': 2}
gaṇapati,2,2,{'NOUN': 2}
vibādh,2,2,{'VERB': 2}
parirāp,2,1,{'ADJ': 2}
dambhana,2,2,{'ADJ': 2}
tapana,2,2,{'ADJ': 2}
kutaścana,2,2,{'ADV': 2}
dhvaras,2,2,{'NOUN': 2}
abhidipsu,2,1,{'ADJ': 2}
kartva,2,2,"{'NOUN': 1, 'ADJ': 1}"
mehanāvat,2,2,{'ADJ': 2}
rādhya,2,2,{'ADJ': 2}
dhunay,2,2,{'VERB': 2}
svapnaj,2,2,{'ADJ': 2}
vicṛt,2,2,"{'VERB': 1, 'NOUN': 1}"
khā,2,2,{'NOUN': 2}
pracyu,2,2,{'VERB': 2}
abhikṣattṛ,2,2,{'NOUN': 2}
sina,2,2,{'NOUN': 2}
vasman,2,2,{'NOUN': 2}
dāya,2,2,"{'ADJ': 1, 'NOUN': 1}"
tvādatta,2,2,{'ADJ': 2}
abhīti,2,2,{'NOUN': 2}
mṛḍayāku,2,2,{'ADJ': 2}
arcin,2,2,{'ADJ': 2}
aśas,2,2,{'ADJ': 2}
nimih,2,2,{'VERB': 2}
anidhma,2,2,{'ADJ': 2}
prahu,2,2,{'VERB': 2}
med,2,2,{'VERB': 2}
saṃhā,2,2,{'VERB': 2}
dhardhṛ,2,2,{'VERB': 2}
nidhimat,2,2,{'ADJ': 2}
saṃdadi,2,2,{'ADJ': 2}
viṣūvṛt,2,2,{'ADJ': 2}
nṛpāyya,2,2,{'ADJ': 2}
aritṛ,2,2,{'NOUN': 2}
iṣumat,2,2,{'ADJ': 2}
vādin,2,1,{'ADJ': 2}
śakunti,2,2,{'NOUN': 2}
sarvatas,2,2,{'ADV': 2}
puṇya,2,2,{'ADJ': 2}
vapuṣy,2,2,{'VERB': 2}
vraj,2,2,{'VERB': 2}
saṃhan,2,2,{'VERB': 2}
babhri,2,2,{'ADJ': 2}
paniṣṭha,2,2,{'ADJ': 2}
duṣ,2,2,{'VERB': 2}
poṣin,2,2,{'ADJ': 2}
sārasvata,2,2,{'NOUN': 2}
manana,2,2,"{'NOUN': 1, 'ADJ': 1}"
roka,2,2,{'NOUN': 2}
miti,2,2,{'NOUN': 2}
kṣetrasādhas,2,2,{'NOUN': 2}
dīditi,2,2,{'NOUN': 2}
abhipā,2,2,{'VERB': 2}
samās,2,2,{'VERB': 2}
apiśarvara,2,2,{'NOUN': 2}
jitvan,2,2,{'ADJ': 2}
aptūrya,2,2,{'NOUN': 2}
haviṣmant,2,2,{'NOUN': 2}
puṣṭimat,2,2,{'ADJ': 2}
sattṛ,2,2,{'ADJ': 2}
kṛtvas,2,2,{'ADV': 2}
rātin,2,2,{'ADJ': 2}
śikṣu,2,2,{'ADJ': 2}
udbhṛ,2,2,{'VERB': 2}
devaśravas,2,1,{'NOUN': 2}
meḍi,2,2,{'NOUN': 2}
dhitāvan,2,2,{'ADJ': 2}
yantur,2,2,{'NOUN': 2}
vijan,2,2,{'VERB': 2}
asreman,2,2,{'ADJ': 2}
dhāyu,2,2,{'ADJ': 2}
sāmana,2,2,{'ADJ': 2}
mūla,2,2,{'NOUN': 2}
vantṛ,2,2,{'NOUN': 2}
svaryu,2,2,{'ADJ': 2}
vipratama,2,2,{'ADJ': 2}
manthin,2,2,"{'ADJ': 1, 'NOUN': 1}"
prasṛj,2,2,{'VERB': 2}
sphigī,2,2,{'NOUN': 2}
āp￞,2,2,{'VERB': 2}
viṣita,2,2,{'ADJ': 2}
śutudrī,2,2,{'NOUN': 2}
muhūrta,2,2,{'NOUN': 2}
puruṣatrā,2,2,{'ADV': 2}
srotyā,2,2,{'NOUN': 2}
prarocay,2,2,{'VERB': 2}
abhisṛj,2,2,{'VERB': 2}
māhināvat,2,2,{'ADJ': 2}
śaphavat,2,2,{'ADJ': 2}
sammṛj,2,2,{'VERB': 2}
mayūra,2,2,{'NOUN': 2}
pāśin,2,2,"{'NOUN': 1, 'ADJ': 1}"
āruja,2,2,{'ADJ': 2}
śāmbara,2,2,{'ADJ': 2}
inatama,2,2,{'ADJ': 2}
ākara,2,2,{'NOUN': 2}
karambhin,2,2,{'ADJ': 2}
apūpavat,2,2,{'ADJ': 2}
apūpa,2,2,{'NOUN': 2}
sāva,2,2,{'NOUN': 2}
sasarparī,2,1,{'NOUN': 2}
āvid,2,2,{'VERB': 2}
panitṛ,2,2,{'ADJ': 2}
dhṛṣṇuṣeṇa,2,2,{'ADJ': 2}
antarvat,2,2,{'ADJ': 2}
retodhā,2,2,{'ADJ': 2}
agopa,2,2,{'ADJ': 2}
dyotani,2,2,{'NOUN': 2}
kaccit,2,2,{'ADV': 2}
purūcī,2,2,{'NOUN': 2}
pratimā,2,2,"{'VERB': 1, 'NOUN': 1}"
samukṣ,2,2,{'VERB': 2}
homan,2,2,{'NOUN': 2}
tujya,2,2,{'ADJ': 2}
anāmin,2,2,{'ADJ': 2}
ayantra,2,2,"{'ADJ': 1, 'NOUN': 1}"
kārā,2,2,{'NOUN': 2}
javiṣṭha,2,2,{'ADJ': 2}
apramṛṣya,2,2,{'ADJ': 2}
nidhāray,2,2,{'VERB': 2}
tanayitnu,2,2,{'ADJ': 2}
pṛṣṭhya,2,2,{'ADJ': 2}
dhan,2,2,{'VERB': 2}
āśuyā,2,2,{'ADV': 2}
ulkā,2,2,{'NOUN': 2}
sadhanī,2,2,{'ADJ': 2}
satyatāti,2,2,{'NOUN': 2}
reku,2,2,{'ADJ': 2}
maryādā,2,2,{'NOUN': 2}
pratītya,2,2,{'NOUN': 2}
sudṛśīka,2,2,{'ADJ': 2}
dhvasman,2,2,{'NOUN': 2}
saṃvas,2,2,{'VERB': 2}
tuviṣvaṇas,2,2,{'ADJ': 2}
apnavāna,2,2,{'NOUN': 2}
viyuti,2,2,{'NOUN': 2}
anuvā,2,2,{'VERB': 2}
prasah,2,2,{'VERB': 2}
gaviṣa,2,2,{'ADJ': 2}
nibandh,2,2,{'VERB': 2}
sṛñjaya,2,2,{'NOUN': 2}
sarūpa,2,2,{'ADJ': 2}
vaidathina,2,2,{'NOUN': 2}
muhuka,2,2,{'NOUN': 2}
ṛd,2,2,{'VERB': 2}
satrāhan,2,2,{'ADJ': 2}
janīy,2,2,{'VERB': 2}
tiraścatā,2,2,{'ADV': 2}
pādagṛhya,2,2,{'ADV': 2}
āntra,2,2,{'NOUN': 2}
viśvadhena,2,1,{'ADJ': 2}
viyam,2,2,{'VERB': 2}
taraṇa,2,2,{'NOUN': 2}
nabhanu,2,2,{'NOUN': 2}
vakva,2,2,{'ADJ': 2}
saṃga,2,2,{'NOUN': 2}
sṛṇya,2,2,{'ADJ': 2}
udvṛṣ,2,2,{'VERB': 2}
ūrṇā,2,2,{'NOUN': 2}
kratūy,2,2,{'VERB': 2}
śatatama,2,2,{'ADJ': 2}
veśya,2,2,{'NOUN': 2}
ṛjīpin,2,2,{'ADJ': 2}
joṣam,2,2,{'ADV': 2}
indrāvat,2,2,{'ADJ': 2}
prasita,2,2,{'ADJ': 2}
vanu,2,2,{'NOUN': 2}
śaśīyas,2,2,{'ADJ': 2}
anyathā,2,2,{'ADV': 2}
bhāsas,2,2,{'NOUN': 2}
sukarman,2,2,"{'NOUN': 1, 'ADJ': 1}"
kṣemay,2,2,{'VERB': 2}
agre,2,1,{'ADV': 2}
caturdhā,2,1,{'ADV': 2}
jur,2,2,{'NOUN': 2}
vājintama,2,2,{'ADJ': 2}
śuśrūṣ,2,2,{'VERB': 2}
durvartu,2,2,{'ADJ': 2}
pragardhin,2,2,{'ADJ': 2}
apikakṣa,2,2,{'NOUN': 2}
nṛṣad,2,2,"{'ADJ': 1, 'NOUN': 1}"
yuvadryañc,2,2,{'ADJ': 2}
saṃgati,2,2,{'NOUN': 2}
pratijanya,2,1,{'ADJ': 2}
vimadhya,2,2,{'NOUN': 2}
cikitvit,2,2,{'ADV': 2}
prasavītṛ,2,2,{'NOUN': 2}
śunāsīra,2,1,{'NOUN': 2}
phāla,2,2,{'NOUN': 2}
upāṃśu,2,2,"{'NOUN': 1, 'ADV': 1}"
vam,2,2,{'VERB': 2}
avacakṣ,2,2,{'VERB': 2}
sarit,2,2,{'NOUN': 2}
medhya,2,2,"{'ADJ': 1, 'NOUN': 1}"
gaviṣṭhira,2,2,{'NOUN': 2}
anindra,2,2,{'ADJ': 2}
nido,2,2,{'VERB': 2}
tvadrik,2,2,{'ADV': 2}
putrin,2,2,{'ADJ': 2}
darvī,2,2,{'NOUN': 2}
hiriśmaśru,2,2,{'ADJ': 2}
śucidat,2,2,{'ADJ': 2}
vivici,2,2,{'ADJ': 2}
araṇī,2,2,{'NOUN': 2}
hvārya,2,2,{'NOUN': 2}
dhmātṛ,2,1,{'NOUN': 2}
vibhvāsah,2,2,{'ADJ': 2}
ṛtay,2,2,{'VERB': 2}
dhvṛ,2,2,{'VERB': 2}
prasad,2,2,{'VERB': 2}
dvita,2,2,{'NOUN': 2}
avasthā,2,2,"{'NOUN': 1, 'VERB': 1}"
dugdha,2,2,{'NOUN': 2}
bhasman,2,2,{'ADJ': 2}
śociṣṭha,2,2,{'ADJ': 2}
parāji,2,2,{'VERB': 2}
evam,2,2,{'ADV': 2}
jāspatya,2,2,{'NOUN': 2}
ṛṇaṃcaya,2,1,{'NOUN': 2}
janivat,2,2,{'ADJ': 2}
śaktīvat,2,2,{'ADJ': 2}
dhiyasāna,2,2,{'ADJ': 2}
paurukutsya,2,2,{'NOUN': 2}
hiraṇin,2,2,{'ADJ': 2}
cara,2,2,{'ADJ': 2}
kam,2,2,{'VERB': 2}
satvana,2,2,{'NOUN': 2}
akūpāra,2,2,{'NOUN': 2}
etarī,2,2,{'NOUN': 2}
vitta,2,2,{'NOUN': 2}
acakra,2,2,{'ADJ': 2}
tucchya,2,2,"{'ADJ': 1, 'NOUN': 1}"
vapāvat,2,2,{'ADJ': 2}
upas,2,2,{'NOUN': 2}
visruh,2,2,{'NOUN': 2}
yādṛś,2,1,{'ADJ': 2}
rasavat,2,2,{'ADJ': 2}
apej,2,2,{'VERB': 2}
saṃvartay,2,2,{'VERB': 2}
āpṛc,2,2,"{'VERB': 1, 'ADJ': 1}"
sacathya,2,2,"{'NOUN': 1, 'ADJ': 1}"
patheṣṭhā,2,2,{'ADJ': 2}
abhidhā,2,2,{'VERB': 2}
āntarikṣa,2,2,{'ADJ': 2}
amāt,2,2,{'ADV': 2}
kubhā,2,2,{'NOUN': 2}
krumu,2,2,{'NOUN': 2}
dhānya,2,2,{'NOUN': 2}
antarikṣya,2,2,{'ADJ': 2}
sabharas,2,2,{'ADJ': 2}
tiṣya,2,2,{'NOUN': 2}
sadyaūti,2,2,{'ADJ': 2}
virokin,2,2,{'ADJ': 2}
mīḍhuṣmat,2,2,{'ADJ': 2}
kṣud,2,2,{'VERB': 2}
ācyu,2,2,{'VERB': 2}
katham,2,2,{'ADV': 2}
putrakṛtha,2,2,{'NOUN': 2}
rathavīti,2,1,{'NOUN': 2}
dhṛtadakṣa,2,2,{'ADJ': 2}
aśvājanī,2,2,{'NOUN': 2}
ativyadh,2,2,{'VERB': 2}
tanyu,2,1,{'ADJ': 2}
citrya,2,2,{'ADJ': 2}
jrayasāna,2,2,{'ADJ': 2}
varasyā,2,2,{'NOUN': 2}
ātap,2,2,{'VERB': 2}
madhūyu,2,2,{'ADJ': 2}
carkṛti,2,2,{'NOUN': 2}
karhicit,2,2,{'ADV': 2}
bodhinmanas,2,2,{'ADJ': 2}
sāya,2,2,{'NOUN': 2}
vanīyas,2,2,{'ADJ': 2}
puṣkariṇī,2,2,{'NOUN': 2}
daśamāsya,2,1,{'ADJ': 2}
dāmanvat,2,2,{'ADJ': 2}
ubhayatas,2,2,{'ADV': 2}
vṛṣṇyāvat,2,2,{'ADJ': 2}
udanvat,2,2,{'ADJ': 2}
taviṣīy,2,2,{'VERB': 2}
āreagha,2,2,{'ADJ': 2}
samṛdh,2,2,{'NOUN': 2}
vanejā,2,2,{'ADJ': 2}
ghṛṇi,2,2,{'NOUN': 2}
vadman,2,2,{'ADJ': 2}
hrut,2,2,{'NOUN': 2}
anuyā,2,2,{'VERB': 2}
pāpat,2,2,{'VERB': 2}
otu,2,1,{'NOUN': 2}
sīkṣ,2,2,{'VERB': 2}
vītahavya,2,1,{'NOUN': 2}
taruṣa,2,2,{'NOUN': 2}
dhvasmanvat,2,2,{'ADJ': 2}
ūrṇāvat,2,2,{'ADJ': 2}
pūrta,2,2,{'NOUN': 2}
akṣipat,2,2,{'ADV': 2}
saṃdṛśa,2,2,{'ADJ': 2}
śaryahan,2,2,{'NOUN': 2}
samadvan,2,2,{'ADJ': 2}
damāy,2,2,{'VERB': 2}
aradhra,2,2,{'ADJ': 2}
amina,2,2,{'ADJ': 2}
daśoṇi,2,1,{'NOUN': 2}
sāpya,2,2,{'NOUN': 2}
śrama,2,2,{'NOUN': 2}
goṛjīka,2,2,{'ADJ': 2}
karvara,2,2,{'NOUN': 2}
nṛṣahya,2,2,{'NOUN': 2}
tuji,2,2,{'NOUN': 2}
varaśikha,2,1,{'NOUN': 2}
abhyāvartin,2,1,{'NOUN': 2}
cāyamāna,2,1,{'NOUN': 2}
khilya,2,2,{'NOUN': 2}
riś,2,2,{'VERB': 2}
vātatama,2,2,{'ADJ': 2}
prapathin,2,2,"{'ADJ': 1, 'NOUN': 1}"
anapāvṛt,2,2,{'ADJ': 2}
dudhi,2,2,{'ADJ': 2}
āsṛ,2,2,{'VERB': 2}
araṃgama,2,2,{'ADJ': 2}
dyumnavattama,2,2,{'ADJ': 2}
vṛddha,2,2,{'ADJ': 2}
ādediś,2,2,{'VERB': 2}
stiyā,2,2,{'NOUN': 2}
niguh,2,2,{'VERB': 2}
śaṃsin,2,2,{'ADJ': 2}
bṛbu,2,1,{'NOUN': 2}
kakṣa,2,2,{'NOUN': 2}
dātama,2,2,{'ADJ': 2}
pibdana,2,2,{'ADJ': 2}
sattra,2,2,{'NOUN': 2}
tṛkṣi,2,2,{'NOUN': 2}
āmis,2,2,{'NOUN': 2}
dehī,2,2,{'NOUN': 2}
prahṛ,2,2,{'VERB': 2}
stan,2,2,{'VERB': 2}
ketumat,2,2,{'ADJ': 2}
sameddhṛ,2,2,{'ADJ': 2}
partṛ,2,2,{'NOUN': 2}
evayāvan,2,2,{'ADJ': 2}
dadhanvat,2,1,{'ADJ': 2}
vṛtraha,2,1,{'ADJ': 2}
durādharṣa,2,2,{'ADJ': 2}
ṛbhva,2,2,{'ADJ': 2}
pravij,2,2,{'VERB': 2}
parjanyāvāta,2,2,{'NOUN': 2}
sakhitvana,2,2,{'NOUN': 2}
yaṣṭṛ,2,2,{'ADJ': 2}
paricakṣ,2,2,{'VERB': 2}
likh,2,1,{'VERB': 2}
kikirā,2,1,{'ADV': 2}
āhvā,2,2,{'VERB': 2}
ahruta,2,2,{'ADJ': 2}
drogha,2,2,{'ADJ': 2}
savrata,2,2,{'ADJ': 2}
saṃrā,2,2,{'VERB': 2}
apinah,2,2,{'VERB': 2}
gopāy,2,2,{'VERB': 2}
ganīgam,2,2,{'VERB': 2}
prapada,2,2,{'NOUN': 2}
śaravyā,2,2,{'NOUN': 2}
dhūrv,2,2,{'VERB': 2}
prendh,2,2,{'VERB': 2}
sūrmi,2,2,{'NOUN': 2}
nisvara,2,2,{'ADJ': 2}
akṣarā,2,2,{'NOUN': 2}
āhavana,2,2,{'NOUN': 2}
bhṛma,2,2,{'NOUN': 2}
vikṣi,2,2,{'VERB': 2}
akratu,2,2,{'ADJ': 2}
apācīna,2,2,{'ADJ': 2}
damay,2,2,{'VERB': 2}
namay,2,2,{'VERB': 2}
hṛt,2,2,{'ADJ': 2}
vaniṣṭha,2,2,{'ADJ': 2}
śāpa,2,2,{'NOUN': 2}
yakṣu,2,1,{'NOUN': 2}
matsya,2,2,{'NOUN': 2}
cāy,2,2,{'VERB': 2}
ranti,2,2,{'NOUN': 2}
srakti,2,2,{'NOUN': 2}
parāśara,2,2,{'NOUN': 2}
sti,2,2,{'NOUN': 2}
tvayata,2,2,{'ADJ': 2}
bhīṣā,2,2,{'NOUN': 2}
upaśru,2,2,{'VERB': 2}
kaparda,2,2,{'NOUN': 2}
dāśarājña,2,2,{'NOUN': 2}
śakvarī,2,2,{'NOUN': 2}
nāth,2,2,{'VERB': 2}
uloka,2,2,{'NOUN': 2}
aśeva,2,2,{'ADJ': 2}
ririkṣ,2,2,{'VERB': 2}
jaradaṣṭi,2,2,{'ADJ': 2}
anugra,2,2,{'ADJ': 2}
bhakta,2,2,{'NOUN': 2}
sanavitta,2,2,{'ADJ': 2}
aṣṭhīvant,2,2,{'NOUN': 2}
dih,2,2,{'VERB': 2}
śalmali,2,2,{'NOUN': 2}
sūkara,2,1,{'NOUN': 2}
śobhiṣṭha,2,2,{'ADJ': 2}
upaśri,2,2,{'VERB': 2}
sākamukṣ,2,2,{'ADJ': 2}
pariman,2,2,{'VERB': 2}
sugandhi,2,2,{'ADJ': 2}
viṣpita,2,2,{'NOUN': 2}
stipā,2,2,{'NOUN': 2}
can,2,2,{'VERB': 2}
yogya,2,2,{'ADJ': 2}
jenyāvasu,2,2,{'ADJ': 2}
divijā,2,2,{'ADJ': 2}
ṛṣiṣṭuta,2,2,{'ADJ': 2}
arcivat,2,2,{'ADJ': 2}
śulka,2,2,{'NOUN': 2}
parihvṛti,2,2,{'NOUN': 2}
avadhra,2,2,{'ADJ': 2}
si,2,2,{'VERB': 2}
vipracch,2,2,{'VERB': 2}
vibhīdaka,2,2,{'NOUN': 2}
preṅkha,2,2,{'NOUN': 2}
adhipā,2,2,{'NOUN': 2}
enasvat,2,2,{'ADJ': 2}
pratīpa,2,2,{'ADJ': 2}
abhidroha,2,2,{'NOUN': 2}
sākaṃvṛdh,2,2,{'ADJ': 2}
adevayu,2,2,{'ADJ': 2}
saptīvat,2,2,{'ADJ': 2}
nīlavat,2,2,{'ADJ': 2}
mayūkha,2,2,{'NOUN': 2}
upasecana,2,2,"{'ADJ': 1, 'NOUN': 1}"
prāvṛṣ,2,1,{'NOUN': 2}
caniṣkad,2,2,{'VERB': 2}
visarga,2,2,{'NOUN': 2}
tarhaṇa,2,2,{'ADJ': 2}
smṛ,2,2,{'VERB': 2}
pradā,2,2,{'VERB': 2}
satas,2,2,{'ADV': 2}
ulūka,2,2,{'NOUN': 2}
dṛṣad,2,2,{'NOUN': 2}
saṃvanana,2,2,"{'NOUN': 1, 'ADJ': 1}"
ubhayāvin,2,2,{'ADJ': 2}
alar,2,2,{'VERB': 2}
vāvātṛ,2,1,{'NOUN': 2}
prahā,2,2,"{'VERB': 1, 'NOUN': 1}"
duroṣa,2,2,{'ADJ': 2}
paramajyā,2,2,{'ADJ': 2}
durāśir,2,1,{'ADJ': 2}
durhaṇāvat,2,2,{'ADJ': 2}
saṃnaś,2,2,{'VERB': 2}
śyāvaka,2,2,{'NOUN': 2}
kṛpa,2,2,{'NOUN': 2}
yavīyudh,2,2,{'ADJ': 2}
prāvarga,2,2,{'ADJ': 2}
ruṣ,2,2,{'VERB': 2}
sāragha,2,2,"{'ADJ': 1, 'NOUN': 1}"
dāśuri,2,2,{'ADJ': 2}
paridī,2,2,{'VERB': 2}
pīvara,2,2,{'ADJ': 2}
śiñjāra,2,2,{'NOUN': 2}
caidya,2,1,{'NOUN': 2}
taviṣīyu,2,2,{'ADJ': 2}
daśavraja,2,2,{'NOUN': 2}
gośarya,2,2,{'NOUN': 2}
bhiṣajy,2,2,{'VERB': 2}
dīrghaprasadman,2,2,{'ADJ': 2}
heṣas,2,2,{'NOUN': 2}
apāk,2,2,{'ADV': 2}
aṅkuśa,2,2,{'NOUN': 2}
pākatrā,2,2,{'ADV': 2}
dyumnitama,2,2,{'ADJ': 2}
makṣūtama,2,2,{'ADJ': 2}
sotu,2,2,{'NOUN': 2}
vṛṣapsu,2,1,{'ADJ': 2}
viśvamanas,2,2,{'NOUN': 2}
paripad,2,2,{'NOUN': 2}
ulbaṇa,2,2,{'ADJ': 2}
kaśāvat,2,2,{'ADJ': 2}
prabudh,2,2,"{'NOUN': 1, 'ADJ': 1}"
kumāraka,2,2,{'NOUN': 2}
hnu,2,2,{'VERB': 2}
anarvaṇa,2,2,"{'ADJ': 1, 'NOUN': 1}"
niṣṭur,2,2,{'ADJ': 2}
keśya,2,2,{'ADJ': 2}
urā,2,2,{'NOUN': 2}
īḍā,2,2,{'NOUN': 2}
ūrjā,2,2,{'NOUN': 2}
parisrut,2,2,{'ADJ': 2}
nabhāka,2,1,{'NOUN': 2}
vṛthak,2,1,{'ADV': 2}
svarpati,2,2,{'NOUN': 2}
śavasī,2,2,{'NOUN': 2}
śanais,2,2,{'ADV': 2}
manasy,2,2,{'VERB': 2}
are,2,2,{'ADV': 2}
āvay,2,2,{'VERB': 2}
aśvavat,2,2,{'ADJ': 2}
aśvayā,2,2,{'NOUN': 2}
kānīta,2,1,{'NOUN': 2}
saṃnī,2,2,{'VERB': 2}
jalpi,2,2,{'NOUN': 2}
dughā,2,2,{'NOUN': 2}
chanday,2,2,{'VERB': 2}
nighoṣay,2,2,{'VERB': 2}
tyaj,2,2,"{'ADJ': 1, 'VERB': 1}"
vasutti,2,2,{'NOUN': 2}
anuṣṭuti,2,2,{'NOUN': 2}
suṣomā,2,2,{'NOUN': 2}
mur,2,2,"{'NOUN': 1, 'VERB': 1}"
indrota,2,1,{'NOUN': 2}
āśvamedha,2,1,{'NOUN': 2}
ātithigva,2,1,{'NOUN': 2}
saṃśiśvan,2,2,{'ADJ': 2}
saṃvargam,2,2,{'ADV': 2}
nakīm,2,1,{'ADV': 2}
cikīṣ,2,1,{'VERB': 2}
aratni,2,2,{'NOUN': 2}
tṛpti,2,2,{'NOUN': 2}
goṣāti,2,2,{'NOUN': 2}
vimanas,2,2,{'ADJ': 2}
viṣṭapa,2,2,{'NOUN': 2}
madvan,2,2,{'ADJ': 2}
vīrayu,2,2,{'ADJ': 2}
tarasvin,2,1,{'ADJ': 2}
rāṣṭrī,2,2,{'NOUN': 2}
sampracch,2,2,{'VERB': 2}
duvasyu,2,2,{'ADJ': 2}
upadṛś,2,2,{'NOUN': 2}
etādṛś,2,2,{'ADJ': 2}
pavītṛ,2,2,{'NOUN': 2}
śilpa,2,2,{'NOUN': 2}
vṛṣaṇy,2,2,{'VERB': 2}
barhaṇa,2,2,{'ADJ': 2}
yūthya,2,2,{'ADJ': 2}
āyuṣak,2,2,{'ADV': 2}
viśvamejaya,2,2,{'ADJ': 2}
vācamīṅkhaya,2,2,{'ADJ': 2}
gavyayu,2,2,{'ADJ': 2}
parvatāvṛdh,2,2,{'ADJ': 2}
usri,2,2,{'NOUN': 2}
mahīyu,2,2,{'ADJ': 2}
pāvamāna,2,1,{'ADJ': 2}
vivevid,2,2,{'VERB': 2}
gavyaya,2,2,{'ADJ': 2}
druṣad,2,2,{'ADJ': 2}
vibhūvasu,2,2,{'ADJ': 2}
anakṣa,2,2,{'ADJ': 2}
antika,2,2,{'NOUN': 2}
vyānaśi,2,2,{'ADJ': 2}
abhikrand,2,2,{'VERB': 2}
saṃgir,2,2,{'NOUN': 2}
pratarītṛ,2,2,{'NOUN': 2}
suparṇī,2,2,{'NOUN': 2}
pṛtanāj,2,2,{'ADJ': 2}
sanābhi,2,2,{'ADJ': 2}
ajīti,2,2,{'NOUN': 2}
tṛpala,2,2,{'ADJ': 2}
granthi,2,2,{'NOUN': 2}
pavā,2,1,{'NOUN': 2}
māṃścatva,2,1,{'ADJ': 2}
nigut,2,2,{'NOUN': 2}
mānavī,2,2,{'NOUN': 2}
vācaspati,2,2,{'NOUN': 2}
anūpa,2,2,{'NOUN': 2}
svayugvan,2,1,{'NOUN': 2}
ānanda,2,1,{'NOUN': 2}
pramud,2,2,{'NOUN': 2}
pratyardhi,2,2,{'ADJ': 2}
rāma,2,2,{'NOUN': 2}
krīḍumat,2,1,{'ADJ': 2}
tanūtyaj,2,2,{'ADJ': 2}
salakṣman,2,2,{'ADJ': 2}
bata,2,1,"{'NOUN': 1, 'ADV': 1}"
libujā,2,1,{'NOUN': 2}
anupaś,2,2,{'VERB': 2}
gāyatrī,2,2,{'NOUN': 2}
agada,2,2,{'ADJ': 2}
yopay,2,2,{'VERB': 2}
nṛti,2,2,{'NOUN': 2}
āñjana,2,2,"{'ADJ': 1, 'NOUN': 1}"
loga,2,2,{'NOUN': 2}
nyayana,2,2,{'NOUN': 2}
upasecanī,2,2,{'NOUN': 2}
amantu,2,2,{'ADJ': 2}
āyana,2,2,{'NOUN': 2}
śuca,2,1,{'ADJ': 2}
śuj,2,2,{'VERB': 2}
uttarāttāt,2,2,{'ADV': 2}
kṛntatra,2,2,{'NOUN': 2}
ayatha,2,1,{'NOUN': 2}
vyathi,2,1,{'ADJ': 2}
kuruśravaṇa,2,2,{'NOUN': 2}
jasu,2,2,{'NOUN': 2}
śvaśrū,2,2,{'NOUN': 2}
śambhū,2,2,{'ADJ': 2}
rayimat,2,2,{'ADJ': 2}
anāhuti,2,2,{'NOUN': 2}
goarṇas,2,2,{'ADJ': 2}
medin,2,2,{'NOUN': 2}
puroratha,2,2,{'ADJ': 2}
śaphāruj,2,2,{'ADJ': 2}
tūtuma,2,1,{'ADJ': 2}
yena,2,2,{'ADV': 2}
nanu,2,2,{'ADV': 2}
prasādhana,2,2,{'ADJ': 2}
marīci,2,2,{'NOUN': 2}
anumati,2,2,{'NOUN': 2}
pavīravat,2,1,{'ADJ': 2}
gūrta,2,2,{'ADJ': 2}
dabhya,2,2,{'ADJ': 2}
pariviṣ,2,2,{'VERB': 2}
grāmaṇī,2,2,{'ADJ': 2}
svapnas,2,2,{'ADJ': 2}
arhaṇa,2,2,"{'ADJ': 1, 'NOUN': 1}"
plati,2,2,{'NOUN': 2}
tuvīravat,2,1,{'ADJ': 2}
śaśamāna,2,2,{'ADJ': 2}
vimṛś,2,2,{'VERB': 2}
prastu,2,2,{'VERB': 2}
roday,2,2,{'VERB': 2}
anānukṛtya,2,2,{'ADJ': 2}
somavat,2,2,{'ADJ': 2}
prer,2,2,{'VERB': 2}
alakam,2,2,{'ADV': 2}
vidyā,2,2,{'NOUN': 2}
uttānapad,2,1,{'NOUN': 2}
saṃrabh,2,2,{'VERB': 2}
abhīvṛta,2,2,{'ADJ': 2}
śālāvṛka,2,2,{'NOUN': 2}
āghoṣay,2,2,{'VERB': 2}
nṛmedha,2,2,{'NOUN': 2}
uttambh,2,1,{'VERB': 2}
deṣṭra,2,2,{'NOUN': 2}
vyakta,2,2,{'ADJ': 2}
sakthi,2,1,{'NOUN': 2}
vīriṇī,2,1,{'NOUN': 2}
pañcadaśan,2,2,{'ADJ': 2}
lamb,2,1,{'VERB': 2}
vijṛmbh,2,1,{'VERB': 2}
ālabh,2,1,{'VERB': 2}
yatama,2,1,{'PRON': 2}
tīkṣṇa,2,2,{'ADJ': 2}
rodasiprā,2,1,{'ADJ': 2}
vasanta,2,2,{'NOUN': 2}
añjaspā,2,2,{'ADJ': 2}
arvaśa,2,1,{'ADJ': 2}
sūbharva,2,2,{'ADJ': 2}
prakram,2,2,{'VERB': 2}
vaitasa,2,1,{'NOUN': 2}
niṣkṛti,2,2,{'NOUN': 2}
rājñī,2,1,{'NOUN': 2}
upasti,2,1,{'ADJ': 2}
nṛpāṇa,2,1,{'ADJ': 2}
mudgalānī,2,1,{'NOUN': 2}
mudgala,2,1,{'NOUN': 2}
saṃkrandana,2,1,{'ADJ': 2}
duścyavana,2,1,"{'ADJ': 1, 'NOUN': 1}"
turphari,2,1,{'ADJ': 2}
marāyu,2,1,{'ADJ': 2}
veśman,2,2,{'NOUN': 2}
sahasradhā,2,1,{'ADV': 2}
urukṣaya,2,1,{'NOUN': 2}
vyan,2,1,{'VERB': 2}
anuṣṭubh,2,2,{'NOUN': 2}
visṛṣṭi,2,1,{'NOUN': 2}
uṣṇihā,2,2,{'NOUN': 2}
adharāñc,2,2,{'ADJ': 2}
surāma,2,1,{'NOUN': 2}
dūrvā,2,2,{'NOUN': 2}
gamay,2,2,{'VERB': 2}
sāyam,2,1,{'ADV': 2}
arāyī,2,1,{'NOUN': 2}
abhibhūvan,2,1,{'ADJ': 2}
durṇāman,2,1,{'ADJ': 2}
avicācali,2,1,{'ADJ': 2}
abhīvarta,2,1,{'ADJ': 2}
abhivṛt,2,1,{'VERB': 2}
vīravattama,1,1,{'ADJ': 1}
dīdivi,1,1,{'ADJ': 1}
vājinī,1,1,{'NOUN': 1}
canasy,1,1,{'VERB': 1}
oma,1,1,{'NOUN': 1}
ehimāya,1,1,{'ADJ': 1}
goduh,1,1,{'NOUN': 1}
anyatas,1,1,{'ADV': 1}
vipakṣas,1,1,{'ADJ': 1}
aketu,1,1,{'ADJ': 1}
apeśas,1,1,{'ADJ': 1}
ārujatnu,1,1,{'ADJ': 1}
gāthin,1,1,{'ADJ': 1}
satrādāvan,1,1,{'ADJ': 1}
hatyā,1,1,{'NOUN': 1}
samoha,1,1,{'NOUN': 1}
saniti,1,1,{'NOUN': 1}
dhiyāyu,1,1,{'ADJ': 1}
mandi,1,1,{'ADJ': 1}
ajoṣa,1,1,{'ADJ': 1}
gāyatrin,1,1,{'NOUN': 1}
suvivṛt,1,1,{'ADJ': 1}
suniraja,1,1,{'ADJ': 1}
āśrut,1,1,{'ADJ': 1}
kauśika,1,1,{'NOUN': 1}
vṛddhi,1,1,{'NOUN': 1}
bhindu,1,1,{'NOUN': 1}
haviṣpati,1,1,{'NOUN': 1}
haviṣkṛta,1,1,{'ADJ': 1}
tṛṣita,1,1,{'ADJ': 1}
hṛdispṛś,1,1,{'ADJ': 1}
prarecana,1,1,{'NOUN': 1}
soman,1,1,{'NOUN': 1}
svaraṇa,1,1,{'ADJ': 1}
sadmamakhas,1,1,{'ADJ': 1}
ṛjūyu,1,1,{'ADJ': 1}
sadaspati,1,1,{'NOUN': 1}
apraja,1,1,{'ADJ': 1}
pracetuna,1,1,{'ADJ': 1}
acchinna,1,1,{'ADJ': 1}
saṃvah,1,1,{'VERB': 1}
pāṃsura,1,1,{'NOUN': 1}
pūṣarāti,1,1,{'ADJ': 1}
haskāra,1,1,{'NOUN': 1}
anuseṣidh,1,1,{'VERB': 1}
apavaktṛ,1,1,{'NOUN': 1}
hṛdayāvidh,1,1,{'ADJ': 1}
hatnu,1,1,{'ADJ': 1}
vimanyu,1,1,{'ADJ': 1}
upajan,1,1,{'VERB': 1}
adhyās,1,1,{'VERB': 1}
vāravat,1,1,{'ADJ': 1}
saṃrāj,1,1,{'VERB': 1}
pragāman,1,1,{'NOUN': 1}
bodha,1,1,{'ADJ': 1}
dhūmaketu,1,1,{'NOUN': 1}
āśina,1,1,{'ADJ': 1}
adhiṣavaṇya,1,1,{'NOUN': 1}
apacyava,1,1,{'NOUN': 1}
upacyava,1,1,{'NOUN': 1}
manthā,1,1,{'NOUN': 1}
vibandh,1,1,{'VERB': 1}
ulūkhalaka,1,1,{'NOUN': 1}
vibharibhṛ,1,1,{'VERB': 1}
ucchiṣṭa,1,1,{'NOUN': 1}
āśaṃs,1,1,{'VERB': 1}
kuṇḍṛṇācī,1,1,{'NOUN': 1}
parikrośa,1,1,{'NOUN': 1}
kṛkadāśū,1,1,{'NOUN': 1}
samāśir,1,1,{'ADJ': 1}
garbhadhi,1,1,{'NOUN': 1}
tavastara,1,1,{'ADJ': 1}
tuviprati,1,1,{'ADJ': 1}
popruth,1,1,{'VERB': 1}
vidmana,1,1,{'ADJ': 1}
vāśay,1,1,{'VERB': 1}
sakman,1,1,{'NOUN': 1}
āvap,1,1,{'VERB': 1}
vratapā,1,1,{'ADJ': 1}
śāsanī,1,1,{'NOUN': 1}
aniṣaṅga,1,1,{'ADJ': 1}
yāja,1,1,{'NOUN': 1}
śaraṇi,1,1,{'NOUN': 1}
tādītnā,1,1,{'ADV': 1}
vṛtratara,1,1,{'NOUN': 1}
skandhas,1,1,{'NOUN': 1}
ayoddhṛ,1,1,{'ADJ': 1}
ṛjīṣa,1,1,{'NOUN': 1}
rujānā,1,1,{'NOUN': 1}
bubhūṣ,1,1,{'VERB': 1}
patsutaḥśī,1,1,{'ADJ': 1}
nīcāvayas,1,1,{'ADJ': 1}
hrāduni,1,1,{'NOUN': 1}
sravantī,1,1,{'NOUN': 1}
anāmṛṇa,1,1,{'ADJ': 1}
upaśāka,1,1,{'NOUN': 1}
viṣuṇak,1,1,{'ADV': 1}
preti,1,1,{'NOUN': 1}
vṛṣāyudh,1,1,{'ADJ': 1}
niraṣṭa,1,1,{'ADJ': 1}
avadah,1,1,{'VERB': 1}
parīṇah,1,1,{'NOUN': 1}
ilībiśa,1,1,{'NOUN': 1}
sidhma,1,1,{'ADJ': 1}
śama,1,1,{'ADJ': 1}
śvitrya,1,1,{'NOUN': 1}
himyā,1,1,{'NOUN': 1}
abhyāyam,1,1,{'VERB': 1}
venā,1,1,{'NOUN': 1}
gohana,1,1,{'ADJ': 1}
triṣṭha,1,1,{'ADJ': 1}
virāṣah,1,1,{'ADJ': 1}
ugrādeva,1,1,{'NOUN': 1}
dū,1,1,{'NOUN': 1}
ajoṣya,1,1,{'ADJ': 1}
durhaṇa,1,1,{'ADJ': 1}
vyund,1,1,{'VERB': 1}
rodhasvatī,1,1,{'NOUN': 1}
akhidra,1,1,{'ADJ': 1}
pratiṣkambh,1,1,{'VERB': 1}
yuṣmeṣita,1,1,{'ADJ': 1}
parimanyu,1,1,{'ADJ': 1}
prāśū,1,1,{'NOUN': 1}
avakhāda,1,1,{'NOUN': 1}
duḥśeva,1,1,{'ADJ': 1}
muṣīvan,1,1,{'NOUN': 1}
vāśīmattama,1,1,{'ADJ': 1}
suṣaṇa,1,1,{'ADJ': 1}
jvāra,1,1,{'NOUN': 1}
mīḍhuṣṭama,1,1,{'NOUN': 1}
prasvan,1,1,{'VERB': 1}
trayastriṃśat,1,1,{'NOUN': 1}
mahikeru,1,1,{'ADJ': 1}
kuṭa,1,1,{'NOUN': 1}
ādāra,1,1,{'NOUN': 1}
dhits,1,1,{'VERB': 1}
upacar,1,1,{'VERB': 1}
avidriya,1,1,{'ADJ': 1}
ācaraṇa,1,1,{'NOUN': 1}
prabhuj,1,1,{'VERB': 1}
udayana,1,1,{'NOUN': 1}
prāṇana,1,1,{'NOUN': 1}
prarch,1,1,{'VERB': 1}
ābhā,1,1,{'VERB': 1}
roga,1,1,{'NOUN': 1}
śuka,1,1,{'NOUN': 1}
ropaṇākā,1,1,{'NOUN': 1}
nartay,1,1,{'VERB': 1}
apadhāray,1,1,{'VERB': 1}
śupti,1,1,{'NOUN': 1}
praruj,1,1,{'VERB': 1}
saṃdih,1,1,{'NOUN': 1}
vaṅkutara,1,1,{'ADJ': 1}
vṛcayā,1,1,{'NOUN': 1}
havanasyad,1,1,{'ADJ': 1}
dvara,1,1,{'ADJ': 1}
dvarin,1,1,{'ADJ': 1}
durgṛbhiśvan,1,1,{'ADJ': 1}
svaścandra,1,1,{'ADJ': 1}
rohaṇa,1,1,{'NOUN': 1}
daśabhuji,1,1,{'ADJ': 1}
bhṛṣṭimat,1,1,{'ADJ': 1}
āna,1,1,{'NOUN': 1}
karśana,1,1,{'ADJ': 1}
ūnay,1,1,{'VERB': 1}
nibarhay,1,1,{'VERB': 1}
vaṅgṛda,1,1,{'NOUN': 1}
pariṣū,1,1,{'VERB': 1}
duṣpad,1,1,{'ADJ': 1}
randhanāy,1,1,{'VERB': 1}
parīṇaś,1,1,{'VERB': 1}
śvasana,1,1,{'ADJ': 1}
abhigṛ,1,1,{'VERB': 1}
dharuṇahvara,1,1,{'ADJ': 1}
janāṣah,1,1,{'ADJ': 1}
tavya,1,1,{'ADJ': 1}
ātapa,1,1,{'ADJ': 1}
chandu,1,1,{'ADJ': 1}
nijaṅghan,1,1,{'VERB': 1}
vināśay,1,1,{'VERB': 1}
camriṣ,1,1,{'NOUN': 1}
nemanniṣ,1,1,{'ADJ': 1}
arhariṣvaṇi,1,1,{'ADJ': 1}
pāṣya,1,1,{'NOUN': 1}
bṛhadri,1,1,{'ADJ': 1}
durdhara,1,1,{'ADJ': 1}
śātavaneya,1,1,{'NOUN': 1}
sadyoartha,1,1,{'ADJ': 1}
rātatama,1,1,{'NOUN': 1}
tatsina,1,1,{'ADJ': 1}
tveṣas,1,1,{'NOUN': 1}
prayakṣatama,1,1,{'ADJ': 1}
aktā,1,1,{'NOUN': 1}
sanāyu,1,1,{'ADJ': 1}
śavasāvat,1,1,{'ADJ': 1}
sanāy,1,1,{'VERB': 1}
hariyojana,1,1,{'NOUN': 1}
viharyata,1,1,{'ADJ': 1}
vṛthāṣah,1,1,{'ADJ': 1}
aṃh,1,1,{'NOUN': 1}
āvac,1,1,{'VERB': 1}
drapsin,1,1,{'ADJ': 1}
abhoj,1,1,{'ADJ': 1}
mṛkṣ,1,1,{'VERB': 1}
āruṇī,1,1,{'NOUN': 1}
piśa,1,1,{'NOUN': 1}
supiś,1,1,{'ADJ': 1}
uddhan,1,1,{'VERB': 1}
panū,1,1,{'NOUN': 1}
suśiśvi,1,1,{'ADJ': 1}
pratak,1,1,{'VERB': 1}
ibhya,1,1,{'NOUN': 1}
dūrebhā,1,1,{'ADJ': 1}
takvan,1,1,{'NOUN': 1}
stubhvan,1,1,{'ADJ': 1}
duroka,1,1,{'ADJ': 1}
guha,1,1,{'NOUN': 1}
saṃmā,1,1,{'VERB': 1}
preṣa,1,1,{'NOUN': 1}
āhūrya,1,1,{'ADJ': 1}
didhiṣū,1,1,{'NOUN': 1}
śramayu,1,1,{'ADJ': 1}
smadūdhan,1,1,{'ADJ': 1}
snīhiti,1,1,{'NOUN': 1}
dasmat,1,1,{'ADJ': 1}
kat,1,1,{'ADV': 1}
dāśvadhvara,1,1,{'ADJ': 1}
rahūgaṇa,1,1,{'NOUN': 1}
visāra,1,1,{'NOUN': 1}
abhikram,1,1,{'VERB': 1}
sarma,1,1,{'NOUN': 1}
tanyatā,1,1,{'NOUN': 1}
saṃyodhay,1,1,{'VERB': 1}
abhiṣṭana,1,1,{'NOUN': 1}
parādadi,1,1,{'ADJ': 1}
ubhayāhastyā,1,1,{'ADV': 1}
atathā,1,1,{'ADJ': 1}
bhavīyas,1,1,{'ADJ': 1}
hotriya,1,1,{'NOUN': 1}
prācais,1,1,{'ADV': 1}
rathītara,1,1,{'ADJ': 1}
viday,1,1,{'VERB': 1}
kṣumpa,1,1,{'NOUN': 1}
pṛśanāyu,1,1,{'ADJ': 1}
asthi,1,1,{'NOUN': 1}
āsanniṣu,1,1,{'ADJ': 1}
hṛtsvas,1,1,{'ADJ': 1}
bhṛtyā,1,1,{'NOUN': 1}
abhimātin,1,1,{'ADJ': 1}
vartman,1,1,{'NOUN': 1}
sugopātama,1,1,{'ADJ': 1}
ṛṇayāvan,1,1,{'ADJ': 1}
vidyunmat,1,1,{'ADJ': 1}
svadhitīvat,1,1,{'ADJ': 1}
tuvidyumna,1,1,{'ADJ': 1}
vārkārya,1,1,{'ADJ': 1}
ūrdhvam,1,1,{'ADV': 1}
utsadhi,1,1,{'NOUN': 1}
vidhāv,1,1,{'VERB': 1}
anubhartṛ,1,1,{'ADJ': 1}
stobhay,1,1,{'VERB': 1}
gantu,1,1,{'NOUN': 1}
janitva,1,1,{'ADJ': 1}
apramūra,1,1,{'ADJ': 1}
suśravastama,1,1,{'ADJ': 1}
sādanya,1,1,{'ADJ': 1}
śravaṇa,1,1,{'NOUN': 1}
bhareṣujā,1,1,{'ADJ': 1}
nṛtū,1,1,{'NOUN': 1}
barjaha,1,1,{'NOUN': 1}
pravarga,1,1,{'NOUN': 1}
ārtvijya,1,1,{'NOUN': 1}
taḍit,1,1,{'NOUN': 1}
tāvaka,1,1,{'ADJ': 1}
anuṣṭhu,1,1,{'ADV': 1}
yaṃyam,1,1,{'VERB': 1}
āmemy,1,1,{'VERB': 1}
sukṣetriyā,1,1,{'NOUN': 1}
sugātuyā,1,1,{'NOUN': 1}
nāvā,1,1,{'NOUN': 1}
arātīy,1,1,{'VERB': 1}
samadana,1,1,{'NOUN': 1}
karuṇa,1,1,{'NOUN': 1}
camrīṣa,1,1,{'ADJ': 1}
paribhuj,1,1,{'VERB': 1}
prarikvan,1,1,{'ADJ': 1}
lalāma,1,1,{'ADJ': 1}
vārṣāgira,1,1,{'NOUN': 1}
ambarīṣa,1,1,{'NOUN': 1}
sahadeva,1,1,{'NOUN': 1}
bhayamāna,1,1,{'NOUN': 1}
śvitnya,1,1,{'ADJ': 1}
nirhan,1,1,{'VERB': 1}
jigyu,1,1,{'ADJ': 1}
vitarturam,1,1,{'ADV': 1}
khajaṃkara,1,1,{'ADJ': 1}
akalpa,1,1,{'ADJ': 1}
siṣāsu,1,1,{'ADJ': 1}
amātra,1,1,{'ADJ': 1}
upamanyu,1,1,{'NOUN': 1}
jātūbharman,1,1,{'ADJ': 1}
vahīyas,1,1,{'ADJ': 1}
ścam,1,1,{'VERB': 1}
śiphā,1,1,{'NOUN': 1}
añjasī,1,1,{'NOUN': 1}
kuliśī,1,1,{'NOUN': 1}
vīrapatnī,1,1,{'NOUN': 1}
niṣṣapin,1,1,{'ADJ': 1}
sahajānuṣa,1,1,{'ADJ': 1}
paridā,1,1,{'VERB': 1}
mūṣ,1,1,{'NOUN': 1}
atikram,1,1,{'VERB': 1}
kūpa,1,1,{'NOUN': 1}
āmayin,1,1,{'ADJ': 1}
kāṭa,1,1,{'NOUN': 1}
nibaṃh,1,1,{'VERB': 1}
varimant,1,1,{'NOUN': 1}
jñās,1,1,{'NOUN': 1}
vijāmātṛ,1,1,{'NOUN': 1}
syāla,1,1,{'NOUN': 1}
sapitva,1,1,{'NOUN': 1}
ābhogaya,1,1,{'ADJ': 1}
carita,1,1,{'NOUN': 1}
āsu,1,1,{'VERB': 1}
bhakṣaṇa,1,1,{'NOUN': 1}
tejana,1,1,{'NOUN': 1}
vacasa,1,1,{'ADJ': 1}
dvimātṛ,1,1,{'NOUN': 1}
trimantu,1,1,{'NOUN': 1}
antaka,1,1,{'NOUN': 1}
karkandhu,1,1,{'NOUN': 1}
śucanti,1,1,{'NOUN': 1}
pṛśnigu,1,1,{'NOUN': 1}
śrutarya,1,1,{'NOUN': 1}
atharvī,1,1,{'NOUN': 1}
preṇi,1,1,{'ADJ': 1}
dīrghaśravas,1,1,{'NOUN': 1}
kṣaitrapatya,1,1,{'NOUN': 1}
kaśojū,1,1,{'NOUN': 1}
bhidya,1,1,{'NOUN': 1}
śārī,1,1,{'NOUN': 1}
paṭharvan,1,1,{'NOUN': 1}
śaryāta,1,1,{'NOUN': 1}
niran,1,1,{'VERB': 1}
vivara,1,1,{'NOUN': 1}
samav,1,1,{'VERB': 1}
saraḍ,1,1,{'NOUN': 1}
dhvasanti,1,1,{'NOUN': 1}
dyūtya,1,1,{'NOUN': 1}
śvetya,1,1,{'ADJ': 1}
prārpay,1,1,{'VERB': 1}
jihmaśī,1,1,{'ADJ': 1}
ābhogi,1,1,{'NOUN': 1}
visadṛśa,1,1,{'ADJ': 1}
abhipracakṣ,1,1,{'VERB': 1}
pradhī,1,1,{'VERB': 1}
pūrvatara,1,1,{'ADJ': 1}
sumnāvarī,1,1,{'NOUN': 1}
udarka,1,1,{'NOUN': 1}
sutvan,1,1,{'ADJ': 1}
bhāmita,1,1,{'ADJ': 1}
arbhaga,1,1,{'ADJ': 1}
avahā,1,1,{'VERB': 1}
apodaka,1,1,{'ADJ': 1}
ativraj,1,1,{'VERB': 1}
anāsthāna,1,1,{'ADJ': 1}
agrabhaṇa,1,1,{'ADJ': 1}
kārotara,1,1,{'NOUN': 1}
uccābudhna,1,1,{'ADJ': 1}
pāyana,1,1,{'NOUN': 1}
abhiṣṭimat,1,1,{'ADJ': 1}
khela,1,1,{'NOUN': 1}
śiṃśumāra,1,1,{'NOUN': 1}
pariviś,1,1,{'VERB': 1}
vibhindu,1,1,{'ADJ': 1}
ajarayu,1,1,{'ADJ': 1}
ārcatka,1,1,{'NOUN': 1}
darśana,1,1,{'NOUN': 1}
avanah,1,1,{'VERB': 1}
kṣoṇa,1,1,{'ADJ': 1}
adhidhā,1,1,{'VERB': 1}
punarmanya,1,1,{'ADJ': 1}
viṣvāc,1,1,{'NOUN': 1}
srāma,1,1,{'ADJ': 1}
adhenu,1,1,{'ADJ': 1}
viṣañj,1,1,{'VERB': 1}
bakura,1,1,{'NOUN': 1}
apikakṣya,1,1,{'ADJ': 1}
vikas,1,1,{'VERB': 1}
apiripta,1,1,{'ADJ': 1}
śatadvasu,1,1,{'ADJ': 1}
prayāman,1,1,{'NOUN': 1}
śasman,1,1,{'NOUN': 1}
ūrjānī,1,1,{'NOUN': 1}
vijenya,1,1,{'ADJ': 1}
yuvāyuj,1,1,{'ADJ': 1}
śardhya,1,1,{'ADJ': 1}
patitva,1,1,{'NOUN': 1}
nirṛta,1,1,{'ADJ': 1}
jaraṇyā,1,1,{'NOUN': 1}
huvany,1,1,{'VERB': 1}
rabhyas,1,1,{'ADJ': 1}
praiṣayu,1,1,{'ADJ': 1}
takavāna,1,1,{'NOUN': 1}
nistaṃs,1,1,{'VERB': 1}
amitrin,1,1,{'ADJ': 1}
akutrā,1,1,{'ADV': 1}
stanābhuj,1,1,{'ADJ': 1}
mitradhiti,1,1,{'NOUN': 1}
abhuñjat,1,1,{'ADJ': 1}
basri,1,1,{'ADV': 1}
trikakubh,1,1,{'NOUN': 1}
nivṛt,1,1,{'VERB': 1}
turaṇa,1,1,{'ADJ': 1}
vanadhiti,1,1,{'NOUN': 1}
apasy,1,1,{'VERB': 1}
prabhā,1,1,{'VERB': 1}
anarviś,1,1,{'NOUN': 1}
paśviṣ,1,1,{'ADJ': 1}
dyumnāsah,1,1,{'ADJ': 1}
apīti,1,1,{'NOUN': 1}
paridhā,1,1,{'VERB': 1}
sirā,1,1,{'NOUN': 1}
durhaṇā,1,1,{'NOUN': 1}
iṣudhyā,1,1,{'NOUN': 1}
vasarhan,1,1,{'ADJ': 1}
śvetanā,1,1,{'NOUN': 1}
rāspina,1,1,{'ADJ': 1}
ruvaṇyu,1,1,{'ADJ': 1}
pṛkṣayāma,1,1,{'ADJ': 1}
śrutaratha,1,1,{'NOUN': 1}
priyaratha,1,1,{'NOUN': 1}
akṣṇayā,1,1,{'ADV': 1}
śardhastara,1,1,{'ADJ': 1}
nirava,1,1,{'ADJ': 1}
maśarśāra,1,1,{'NOUN': 1}
āyavasa,1,1,{'NOUN': 1}
ahana,1,1,{'ADJ': 1}
parikṣit,1,1,{'ADJ': 1}
ekaika,1,1,{'PRON': 1}
saṃsmi,1,1,{'VERB': 1}
saṃkāśa,1,1,{'NOUN': 1}
aptya,1,1,{'ADJ': 1}
abhrātṛ,1,1,{'ADJ': 1}
gartāruh,1,1,{'ADJ': 1}
hasra,1,1,{'ADJ': 1}
pratigrah,1,1,{'VERB': 1}
sugu,1,1,{'ADJ': 1}
mukṣījā,1,1,{'NOUN': 1}
padi,1,1,{'NOUN': 1}
utsi,1,1,{'VERB': 1}
amanda,1,1,{'ADJ': 1}
bhāvya,1,1,{'NOUN': 1}
svanaya,1,1,{'NOUN': 1}
kṛśanāvat,1,1,{'ADJ': 1}
āgadh,1,1,{'VERB': 1}
parigadh,1,1,{'VERB': 1}
kaśīkā,1,1,{'NOUN': 1}
jaṅgah,1,1,{'VERB': 1}
yādura,1,1,{'ADJ': 1}
gandhāri,1,1,{'NOUN': 1}
avikā,1,1,{'NOUN': 1}
devāñc,1,1,{'ADJ': 1}
vibhrāṣṭi,1,1,{'NOUN': 1}
niḥsah,1,1,{'VERB': 1}
dhanvāsah,1,1,{'ADJ': 1}
sudarśatara,1,1,{'ADJ': 1}
prāyus,1,1,{'NOUN': 1}
grabhaṇavat,1,1,{'ADJ': 1}
ārtanā,1,1,{'NOUN': 1}
arhaṇā,1,1,{'NOUN': 1}
dāśa,1,1,{'NOUN': 1}
dharṇi,1,1,{'NOUN': 1}
apidhi,1,1,{'NOUN': 1}
sahantama,1,1,{'ADJ': 1}
sacanas,1,1,{'ADJ': 1}
upābhṛti,1,1,{'NOUN': 1}
iṣūy,1,1,{'VERB': 1}
apākā,1,1,{'ADV': 1}
iradh,1,1,{'VERB': 1}
atimati,1,1,{'NOUN': 1}
iṣavat,1,1,{'ADJ': 1}
avataram,1,1,{'ADV': 1}
parivarga,1,1,{'NOUN': 1}
darīman,1,1,{'NOUN': 1}
upeṣ,1,1,{'VERB': 1}
astamīke,1,1,{'ADV': 1}
tarūṣas,1,1,{'ADJ': 1}
dartṛ,1,1,{'ADJ': 1}
vṛṣamaṇyu,1,1,{'ADJ': 1}
parṣaṇi,1,1,{'ADJ': 1}
samūh,1,1,{'VERB': 1}
pravan,1,1,{'VERB': 1}
āpra,1,1,{'ADJ': 1}
śuśukvana,1,1,{'ADJ': 1}
hṛṇāy,1,1,{'VERB': 1}
īkṣay,1,1,{'VERB': 1}
yakṣ,1,1,{'VERB': 1}
vailasthāna,1,1,{'NOUN': 1}
vailasthānaka,1,1,{'NOUN': 1}
mahāvailastha,1,1,{'ADJ': 1}
abhivlaṅga,1,1,{'NOUN': 1}
ambhṛṇa,1,1,{'ADJ': 1}
piśāci,1,1,{'NOUN': 1}
trisapta,1,1,{'ADJ': 1}
tsārin,1,1,{'ADJ': 1}
vihutmat,1,1,{'ADJ': 1}
yuvāyu,1,1,{'ADJ': 1}
agira,1,1,{'NOUN': 1}
antyūti,1,1,{'ADJ': 1}
atiman,1,1,{'VERB': 1}
apahnu,1,1,{'VERB': 1}
śrauṣaṭ,1,1,{'ADV': 1}
sthāman,1,1,{'NOUN': 1}
vṛṣapāṇa,1,1,{'ADJ': 1}
āyati,1,1,{'NOUN': 1}
dūraādiś,1,1,{'ADJ': 1}
ararinda,1,1,{'NOUN': 1}
apsukṣit,1,1,{'ADJ': 1}
vediṣad,1,1,{'ADJ': 1}
dhāma,1,1,{'NOUN': 1}
vevija,1,1,{'ADJ': 1}
prācājihva,1,1,{'ADJ': 1}
sācya,1,1,{'ADJ': 1}
kupaya,1,1,{'ADJ': 1}
mumukṣu,1,1,{'ADJ': 1}
mānavasy,1,1,{'VERB': 1}
abhiśvas,1,1,{'VERB': 1}
durgṛbhi,1,1,{'ADJ': 1}
saṃstir,1,1,{'ADJ': 1}
prāyu,1,1,{'ADJ': 1}
tuvigra,1,1,{'ADJ': 1}
śyenī,1,1,{'NOUN': 1}
śvasīvas,1,1,{'ADJ': 1}
parijarbhur,1,1,{'VERB': 1}
durdhita,1,1,{'ADJ': 1}
preyas,1,1,{'ADJ': 1}
yavya,1,1,{'ADJ': 1}
pṛkṣudh,1,1,{'ADJ': 1}
vyadhvan,1,1,{'ADJ': 1}
tveṣatha,1,1,{'NOUN': 1}
neṣatama,1,1,{'NOUN': 1}
jugurvaṇi,1,1,{'ADJ': 1}
vriś,1,1,{'NOUN': 1}
pradṛp,1,1,{'VERB': 1}
upasthāyam,1,1,{'ADV': 1}
apiṣṭhā,1,1,{'VERB': 1}
anapavṛjya,1,1,{'ADJ': 1}
viśvāpsu,1,1,{'ADJ': 1}
gṛbhay,1,1,{'VERB': 1}
riṣaṇyu,1,1,{'ADJ': 1}
reṣaṇa,1,1,{'ADJ': 1}
apaśya,1,1,{'ADJ': 1}
nārmiṇī,1,1,{'NOUN': 1}
anina,1,1,{'ADJ': 1}
prahoṣa,1,1,{'NOUN': 1}
vrādhantama,1,1,{'ADJ': 1}
pīvasa,1,1,{'ADJ': 1}
triraśri,1,1,{'ADJ': 1}
upanipad,1,1,{'VERB': 1}
avapṛc,1,1,{'VERB': 1}
prastuti,1,1,{'NOUN': 1}
urukrama,1,1,{'NOUN': 1}
vigāman,1,1,{'NOUN': 1}
sakhivat,1,1,{'ADJ': 1}
sacatha,1,1,{'NOUN': 1}
rāthya,1,1,{'NOUN': 1}
kāmapra,1,1,{'ADJ': 1}
edha,1,1,{'NOUN': 1}
traitana,1,1,{'NOUN': 1}
vitakṣ,1,1,{'VERB': 1}
kula,1,1,{'NOUN': 1}
viśvarūpā,1,1,{'NOUN': 1}
jaranta,1,1,{'NOUN': 1}
muñja,1,1,{'NOUN': 1}
nejana,1,1,{'NOUN': 1}
vadhary,1,1,{'VERB': 1}
avāj,1,1,{'VERB': 1}
śakṛt,1,1,{'NOUN': 1}
sammīlay,1,1,{'VERB': 1}
parisṛp,1,1,{'VERB': 1}
basta,1,1,{'NOUN': 1}
bodhayitṛ,1,1,{'ADJ': 1}
mukhatas,1,1,{'ADV': 1}
memy,1,1,{'VERB': 1}
chāga,1,1,{'NOUN': 1}
haviṣya,1,1,{'ADJ': 1}
prativeday,1,1,{'VERB': 1}
āvayas,1,1,{'NOUN': 1}
agnimindha,1,1,{'NOUN': 1}
grāvagrābha,1,1,{'NOUN': 1}
śaṃstṛ,1,1,{'NOUN': 1}
yūpavraska,1,1,{'ADJ': 1}
caṣāla,1,1,{'NOUN': 1}
pacana,1,1,{'NOUN': 1}
ūvadhya,1,1,{'NOUN': 1}
apavā,1,1,{'VERB': 1}
śūla,1,1,{'NOUN': 1}
avadhāv,1,1,{'VERB': 1}
bhikṣā,1,1,{'NOUN': 1}
nīkṣaṇa,1,1,{'NOUN': 1}
māṃspacana,1,1,{'ADJ': 1}
yūṣan,1,1,{'NOUN': 1}
āsecana,1,1,{'NOUN': 1}
ūṣmaṇya,1,1,{'ADJ': 1}
aṅka,1,1,{'NOUN': 1}
nikramaṇa,1,1,{'NOUN': 1}
vivartana,1,1,{'NOUN': 1}
ghāsi,1,1,{'NOUN': 1}
dhvanay,1,1,{'VERB': 1}
jaghri,1,1,{'ADJ': 1}
sāda,1,1,{'NOUN': 1}
śūkṛta,1,1,{'ADJ': 1}
vaṅkri,1,1,{'NOUN': 1}
anughuṣ,1,1,{'VERB': 1}
viśastṛ,1,1,{'NOUN': 1}
aviśastṛ,1,1,{'NOUN': 1}
atihā,1,1,{'VERB': 1}
chidra,1,1,{'ADJ': 1}
viśvāpuṣ,1,1,{'ADJ': 1}
avamārjana,1,1,{'NOUN': 1}
grasiṣṭha,1,1,{'ADJ': 1}
īrmānta,1,1,{'ADJ': 1}
silikamadhyama,1,1,{'ADJ': 1}
śūraṇa,1,1,{'ADJ': 1}
akṣ,1,1,{'VERB': 1}
asthanvat,1,1,{'ADJ': 1}
asṛj,1,1,{'NOUN': 1}
baṣkaya,1,1,{'ADJ': 1}
upavāka,1,1,{'NOUN': 1}
vṛjanī,1,1,{'NOUN': 1}
viśvarūpī,1,1,{'NOUN': 1}
glāpay,1,1,{'VERB': 1}
jara,1,1,{'NOUN': 1}
parivṛt,1,1,{'VERB': 1}
sākaṃja,1,1,{'ADJ': 1}
ekaja,1,1,{'ADJ': 1}
dhāmaśas,1,1,{'ADV': 1}
rūpaśas,1,1,{'ADV': 1}
kadryañc,1,1,{'ADJ': 1}
parāgā,1,1,{'VERB': 1}
abhisvar,1,1,{'VERB': 1}
madhvad,1,1,{'ADJ': 1}
hiṃkṛ,1,1,{'VERB': 1}
hiṃ,1,1,{'ADV': 1}
sṛkvan,1,1,{'NOUN': 1}
dhvasani,1,1,{'NOUN': 1}
hiruk,1,1,{'ADV': 1}
bahuprajas,1,1,{'ADJ': 1}
viṣūcīna,1,1,{'ADJ': 1}
ekapada,1,1,{'ADJ': 1}
dvipada,1,1,{'ADJ': 1}
navapada,1,1,{'ADJ': 1}
śaka,1,1,{'NOUN': 1}
parimā,1,1,{'VERB': 1}
śaṅku,1,1,{'NOUN': 1}
calācala,1,1,{'ADJ': 1}
vāyasa,1,1,{'NOUN': 1}
abhīpatas,1,1,{'ADV': 1}
śubhāna,1,1,{'ADJ': 1}
apivātay,1,1,{'VERB': 1}
naveda,1,1,{'ADJ': 1}
aidha,1,1,{'NOUN': 1}
tuviṣvan,1,1,{'ADJ': 1}
rathīy,1,1,{'VERB': 1}
krivirdat,1,1,{'ADJ': 1}
abhihruti,1,1,{'NOUN': 1}
mithaspṛdhya,1,1,{'ADJ': 1}
svaritṛ,1,1,{'ADJ': 1}
daṃsana,1,1,{'NOUN': 1}
abhīṣṭi,1,1,{'NOUN': 1}
gūrtatama,1,1,{'ADJ': 1}
vakmya,1,1,{'ADJ': 1}
ahaṃyu,1,1,{'ADJ': 1}
tuturvaṇi,1,1,{'ADJ': 1}
rambhiṇī,1,1,{'NOUN': 1}
vipāka,1,1,{'ADJ': 1}
pipiṣvat,1,1,{'ADJ': 1}
jañj,1,1,{'VERB': 1}
sapsara,1,1,{'ADJ': 1}
tośatama,1,1,{'ADJ': 1}
pṛtanāy,1,1,{'VERB': 1}
komya,1,1,{'ADJ': 1}
tṛṇaskanda,1,1,{'NOUN': 1}
mandayu,1,1,{'ADJ': 1}
aṣatara,1,1,{'ADJ': 1}
yodhīyas,1,1,{'ADJ': 1}
varīvar,1,1,{'VERB': 1}
vihantṛ,1,1,{'ADJ': 1}
prapathintama,1,1,{'ADJ': 1}
joṣya,1,1,{'ADJ': 1}
vandaneṣṭhā,1,1,{'ADJ': 1}
mitrāyu,1,1,{'ADJ': 1}
pūrpati,1,1,{'NOUN': 1}
śiṣṭi,1,1,{'NOUN': 1}
madhyāyu,1,1,{'ADJ': 1}
avayāj,1,1,{'NOUN': 1}
pavīrava,1,1,{'NOUN': 1}
syūmanyu,1,1,{'ADJ': 1}
mitreru,1,1,{'ADJ': 1}
upabarhaṇī,1,1,{'NOUN': 1}
kuyavāc,1,1,{'ADJ': 1}
aviraṇa,1,1,{'NOUN': 1}
avṛkatama,1,1,{'ADJ': 1}
veśay,1,1,{'VERB': 1}
spāśay,1,1,{'VERB': 1}
sānuṣak,1,1,{'ADV': 1}
prakhāda,1,1,{'ADJ': 1}
satrākara,1,1,{'ADJ': 1}
mṛṣā,1,1,{'ADV': 1}
kutaścid,1,1,{'ADV': 1}
lopāmudrā,1,1,{'NOUN': 1}
adhīra,1,1,{'ADJ': 1}
khanitra,1,1,{'NOUN': 1}
vipatman,1,1,{'ADJ': 1}
ṛtapsu,1,1,{'ADJ': 1}
paśvaiṣṭi,1,1,{'ADJ': 1}
akṣu,1,1,{'NOUN': 1}
vipan,1,1,{'VERB': 1}
hitāvat,1,1,{'ADJ': 1}
antideva,1,1,{'ADJ': 1}
virudra,1,1,{'ADJ': 1}
kārādhunī,1,1,{'NOUN': 1}
rayiṣac,1,1,{'ADJ': 1}
adhvary,1,1,{'VERB': 1}
payaspā,1,1,{'ADJ': 1}
ahampūrva,1,1,{'ADJ': 1}
niceru,1,1,{'ADJ': 1}
śaradvat,1,1,{'ADJ': 1}
bāḍha,1,1,{'ADJ': 1}
vapsas,1,1,{'NOUN': 1}
maruttama,1,1,{'ADJ': 1}
plava,1,1,{'NOUN': 1}
nirvah,1,1,{'VERB': 1}
supaptani,1,1,{'NOUN': 1}
pravyadh,1,1,{'VERB': 1}
jaṭhala,1,1,{'NOUN': 1}
pataru,1,1,{'ADJ': 1}
vapuṣyā,1,1,{'NOUN': 1}
ṛjūyā,1,1,{'ADV': 1}
iṣukṛt,1,1,{'NOUN': 1}
avadha,1,1,{'ADJ': 1}
abhighrā,1,1,{'VERB': 1}
avayāna,1,1,{'NOUN': 1}
surabhiṣṭama,1,1,{'ADJ': 1}
apiprāṇa,1,1,{'ADJ': 1}
viparva,1,1,{'ADJ': 1}
pariṃśa,1,1,{'NOUN': 1}
āriś,1,1,{'VERB': 1}
vṛkka,1,1,{'NOUN': 1}
udārathi,1,1,{'NOUN': 1}
suvācas,1,1,{'ADJ': 1}
sphāti,1,1,{'NOUN': 1}
svāhākṛtī,1,1,{'NOUN': 1}
datvat,1,1,{'ADJ': 1}
ririkṣu,1,1,{'ADJ': 1}
viṣpaś,1,1,{'NOUN': 1}
udyati,1,1,{'NOUN': 1}
usrika,1,1,{'NOUN': 1}
upajīv,1,1,{'VERB': 1}
supraitu,1,1,{'ADJ': 1}
rodha,1,1,{'NOUN': 1}
pluṣi,1,1,{'NOUN': 1}
kuśara,1,1,{'NOUN': 1}
darbha,1,1,{'NOUN': 1}
sairya,1,1,{'NOUN': 1}
mauñja,1,1,{'ADJ': 1}
vairiṇa,1,1,{'ADJ': 1}
pradoṣa,1,1,{'NOUN': 1}
ilay,1,1,{'VERB': 1}
aṃsya,1,1,{'ADJ': 1}
aṅgya,1,1,{'ADJ': 1}
sūcīka,1,1,{'NOUN': 1}
prakaṅkata,1,1,{'NOUN': 1}
surāvat,1,1,{'ADJ': 1}
śakuntikā,1,1,{'NOUN': 1}
saka,1,1,{'ADJ': 1}
viṣpuliṅgaka,1,1,{'ADJ': 1}
puṣya,1,1,{'NOUN': 1}
ropuṣī,1,1,{'NOUN': 1}
mayūrī,1,1,{'NOUN': 1}
kumbhin,1,1,{'ADJ': 1}
pravartamānaka,1,1,{'ADJ': 1}
āśuśukṣaṇi,1,1,{'NOUN': 1}
bhājayu,1,1,{'ADJ': 1}
āke,1,1,{'ADV': 1}
viśikṣu,1,1,{'ADJ': 1}
ātani,1,1,{'ADJ': 1}
nakti,1,1,{'NOUN': 1}
janas,1,1,{'NOUN': 1}
saṃdas,1,1,{'VERB': 1}
vayī,1,1,{'NOUN': 1}
raṇvita,1,1,{'ADJ': 1}
saṃve,1,1,{'VERB': 1}
viśvatūrti,1,1,{'ADJ': 1}
dakṣu,1,1,{'ADJ': 1}
dodhav,1,1,{'VERB': 1}
vanad,1,1,{'ADJ': 1}
śociṣmat,1,1,{'ADJ': 1}
adhīti,1,1,{'NOUN': 1}
āgati,1,1,{'NOUN': 1}
hotṛṣadana,1,1,{'NOUN': 1}
sahasrambhara,1,1,{'ADJ': 1}
udṛch,1,1,{'VERB': 1}
sainānīka,1,1,{'ADJ': 1}
suṣūta,1,1,{'ADJ': 1}
śiriṇā,1,1,{'NOUN': 1}
pratikṣi,1,1,{'VERB': 1}
abhimṛś,1,1,{'VERB': 1}
madhupṛc,1,1,{'ADJ': 1}
svāra,1,1,{'NOUN': 1}
dhamani,1,1,{'NOUN': 1}
pāday,1,1,{'VERB': 1}
ṛtayā,1,1,{'ADV': 1}
agraṇīti,1,1,{'NOUN': 1}
drahyat,1,1,{'ADV': 1}
pradodhu,1,1,{'VERB': 1}
savyatas,1,1,{'ADV': 1}
sākhya,1,1,{'NOUN': 1}
manasvat,1,1,{'ADJ': 1}
prakup,1,1,{'VERB': 1}
apadhā,1,1,{'NOUN': 1}
viji,1,1,{'VERB': 1}
śṛdhyā,1,1,{'NOUN': 1}
catvāriṃśa,1,1,{'ADJ': 1}
anuṣyand,1,1,{'VERB': 1}
vinud,1,1,{'NOUN': 1}
dhauti,1,1,{'NOUN': 1}
āric,1,1,{'VERB': 1}
nārmara,1,1,{'NOUN': 1}
sahavasu,1,1,{'ADJ': 1}
dāsaveśa,1,1,{'NOUN': 1}
apariviṣṭa,1,1,{'ADJ': 1}
ādo,1,1,{'VERB': 1}
jātūṣṭhira,1,1,{'ADJ': 1}
sarapas,1,1,{'NOUN': 1}
dṛbhīka,1,1,{'NOUN': 1}
uraṇa,1,1,{'NOUN': 1}
cakhvas,1,1,{'ADJ': 1}
bhṛtha,1,1,{'NOUN': 1}
rudhikrā,1,1,{'NOUN': 1}
ūrdara,1,1,{'NOUN': 1}
dīrghayātha,1,1,{'NOUN': 1}
pravoḍhṛ,1,1,{'NOUN': 1}
parigam,1,1,{'VERB': 1}
utsnā,1,1,{'VERB': 1}
ajavas,1,1,{'ADJ': 1}
javin,1,1,{'ADJ': 1}
apagoha,1,1,{'NOUN': 1}
anakṣ,1,1,{'ADJ': 1}
dṛṃhita,1,1,{'NOUN': 1}
abhivap,1,1,{'VERB': 1}
rambhin,1,1,{'NOUN': 1}
sambādha,1,1,{'NOUN': 1}
vicyu,1,1,{'VERB': 1}
pravayas,1,1,{'ADJ': 1}
adharācīna,1,1,{'ADJ': 1}
avasraṃs,1,1,{'VERB': 1}
aśīti,1,1,{'NOUN': 1}
arṇovṛt,1,1,{'ADJ': 1}
sadivas,1,1,{'ADV': 1}
dasmatama,1,1,{'ADJ': 1}
tavasya,1,1,{'NOUN': 1}
abhibhaṅga,1,1,{'ADJ': 1}
tuvigri,1,1,{'ADJ': 1}
sāh,1,1,{'ADJ': 1}
janaṃsaha,1,1,{'ADJ': 1}
vṛtaṃcaya,1,1,{'ADJ': 1}
śnathana,1,1,{'ADJ': 1}
ariṣṭi,1,1,{'NOUN': 1}
prari,1,1,{'VERB': 1}
upamaśravastama,1,1,{'ADJ': 1}
mamar,1,1,{'VERB': 1}
harasvat,1,1,{'ADJ': 1}
sānuka,1,1,{'ADJ': 1}
avaspartṛ,1,1,{'NOUN': 1}
taḍitas,1,1,{'ADV': 1}
anapnas,1,1,{'ADJ': 1}
niṣṭap,1,1,{'VERB': 1}
harṣin,1,1,{'ADJ': 1}
tapanī,1,1,{'NOUN': 1}
nirāmin,1,1,{'ADJ': 1}
vrayas,1,1,{'NOUN': 1}
ṛṇacit,1,1,{'ADJ': 1}
utsṛj,1,1,{'VERB': 1}
nantva,1,1,{'ADJ': 1}
vrad,1,1,{'VERB': 1}
bhavītva,1,1,{'ADJ': 1}
saṃnaya,1,1,{'ADJ': 1}
vinaya,1,1,{'ADJ': 1}
cākṣma,1,1,{'ADJ': 1}
tapyatu,1,1,{'ADJ': 1}
indrābrahmaṇaspati,1,1,{'NOUN': 1}
āśiṣṭha,1,1,{'ADJ': 1}
vayasvat,1,1,{'ADJ': 1}
antī,1,1,{'NOUN': 1}
śvabhra,1,1,{'NOUN': 1}
duṣparihantu,1,1,{'ADJ': 1}
paśca,1,1,{'ADJ': 1}
dhīrya,1,1,{'NOUN': 1}
yuṣmānīta,1,1,{'ADJ': 1}
tamisrā,1,1,{'NOUN': 1}
raghuyā,1,1,{'ADV': 1}
bhrī,1,1,{'VERB': 1}
pravasatha,1,1,{'NOUN': 1}
raha,1,1,{'NOUN': 1}
indrāmarut,1,1,{'NOUN': 1}
yuṣmāvat,1,1,{'ADJ': 1}
nijur,1,1,{'NOUN': 1}
avapad,1,1,{'VERB': 1}
vṛkadvaras,1,1,{'ADJ': 1}
bhayastha,1,1,{'NOUN': 1}
tam,1,1,{'VERB': 1}
jighatnu,1,1,{'ADJ': 1}
anudhūpay,1,1,{'VERB': 1}
trivayas,1,1,{'ADJ': 1}
ahirbudhnya,1,1,{'NOUN': 1}
sūci,1,1,{'NOUN': 1}
pṛthuṣṭuka,1,1,{'ADJ': 1}
suṣūmā,1,1,{'NOUN': 1}
bahusūvarī,1,1,{'NOUN': 1}
guṅgū,1,1,{'NOUN': 1}
bhiṣaktama,1,1,{'NOUN': 1}
tvakṣīyas,1,1,{'ADJ': 1}
kalmalīkin,1,1,{'ADJ': 1}
upahatnu,1,1,{'ADJ': 1}
dyutay,1,1,{'VERB': 1}
indhanvan,1,1,{'ADJ': 1}
vṛkatāti,1,1,{'NOUN': 1}
rāmī,1,1,{'NOUN': 1}
nādya,1,1,{'ADJ': 1}
smera,1,1,{'ADJ': 1}
avyathya,1,1,{'ADJ': 1}
bilma,1,1,{'NOUN': 1}
abhimlā,1,1,{'VERB': 1}
sumadgaṇa,1,1,{'ADJ': 1}
āgnīdhra,1,1,{'NOUN': 1}
drāviṇodasa,1,1,{'ADJ': 1}
yayya,1,1,{'ADJ': 1}
nṛvāhaṇa,1,1,{'ADJ': 1}
nimṛgra,1,1,{'ADJ': 1}
ahyarṣu,1,1,{'ADJ': 1}
aviṣyā,1,1,{'NOUN': 1}
mokī,1,1,{'NOUN': 1}
prabhava,1,1,{'ADJ': 1}
samāvṛt,1,1,{'VERB': 1}
jigīṣu,1,1,{'ADJ': 1}
mṛgayas,1,1,{'NOUN': 1}
yādrādhyam,1,1,{'ADV': 1}
sthaśas,1,1,{'ADV': 1}
gnāspati,1,1,{'NOUN': 1}
āya,1,1,{'NOUN': 1}
cakravāka,1,1,{'NOUN': 1}
upadhi,1,1,{'NOUN': 1}
ariṣaṇya,1,1,{'ADJ': 1}
khṛgala,1,1,{'NOUN': 1}
visraṃs,1,1,{'VERB': 1}
oṣṭha,1,1,{'NOUN': 1}
nāsā,1,1,{'NOUN': 1}
yuṣmayat,1,1,{'ADJ': 1}
kṣṇotra,1,1,{'NOUN': 1}
sthūṇa,1,1,{'NOUN': 1}
anavahvara,1,1,{'ADJ': 1}
antare,1,1,{'ADV': 1}
ambitamā,1,1,{'NOUN': 1}
nadītamā,1,1,{'NOUN': 1}
devitamā,1,1,{'NOUN': 1}
abhibhā,1,1,{'NOUN': 1}
viśvyā,1,1,{'ADV': 1}
udgātṛ,1,1,{'NOUN': 1}
utpat,1,1,{'VERB': 1}
karkari,1,1,{'NOUN': 1}
tūṣṇīm,1,1,{'ADV': 1}
sravatha,1,1,{'NOUN': 1}
didṛkṣeya,1,1,{'ADJ': 1}
upakṣetṛ,1,1,{'ADJ': 1}
saṃtarutra,1,1,{'ADJ': 1}
havyadāti,1,1,{'ADJ': 1}
vapuṣa,1,1,{'NOUN': 1}
apsuṣad,1,1,{'ADJ': 1}
vigāha,1,1,{'ADJ': 1}
viroka,1,1,{'NOUN': 1}
upamāda,1,1,{'NOUN': 1}
pragāṇa,1,1,{'NOUN': 1}
dakṣiṇāvah,1,1,{'ADJ': 1}
yogyā,1,1,{'NOUN': 1}
rucay,1,1,{'VERB': 1}
parikṣi,1,1,{'VERB': 1}
kṣemayat,1,1,{'ADJ': 1}
vahat,1,1,{'NOUN': 1}
śāsana,1,1,{'NOUN': 1}
divoruc,1,1,{'ADJ': 1}
gaṇya,1,1,{'ADJ': 1}
mandratara,1,1,{'ADJ': 1}
prayaj,1,1,{'NOUN': 1}
nimi,1,1,{'VERB': 1}
caṣālavat,1,1,{'ADJ': 1}
tirodhā,1,1,{'VERB': 1}
kavicchad,1,1,{'ADJ': 1}
tośa,1,1,{'ADJ': 1}
nīthāvid,1,1,{'ADJ': 1}
barhiṣṭha,1,1,{'ADJ': 1}
devahūtama,1,1,{'ADJ': 1}
tokavat,1,1,{'ADJ': 1}
ājāni,1,1,{'NOUN': 1}
seya,1,1,{'NOUN': 1}
tejīyas,1,1,{'ADJ': 1}
niṣāday,1,1,{'VERB': 1}
devaśas,1,1,{'ADV': 1}
purīṣya,1,1,{'ADJ': 1}
prāvaṇa,1,1,{'ADJ': 1}
devavāta,1,1,{'NOUN': 1}
dṛṣadvatī,1,1,{'NOUN': 1}
āpayā,1,1,{'NOUN': 1}
apās,1,1,{'VERB': 1}
cāyu,1,1,{'ADJ': 1}
sūnumat,1,1,{'ADJ': 1}
amardhat,1,1,{'ADJ': 1}
anuṣatya,1,1,{'ADJ': 1}
śrotṛ,1,1,{'ADJ': 1}
bṛhadukṣ,1,1,{'ADJ': 1}
svānin,1,1,{'ADJ': 1}
heṣa,1,1,{'ADJ': 1}
yajñavat,1,1,{'ADJ': 1}
ratnavat,1,1,{'ADJ': 1}
adhimanthana,1,1,{'NOUN': 1}
prajanana,1,1,{'NOUN': 1}
garbhiṇī,1,1,{'NOUN': 1}
advayat,1,1,{'ADJ': 1}
sarīman,1,1,{'NOUN': 1}
sunirmatha,1,1,{'NOUN': 1}
sunidha,1,1,{'NOUN': 1}
amitrāyudh,1,1,{'ADJ': 1}
gehya,1,1,{'NOUN': 1}
kuṇāru,1,1,{'ADJ': 1}
niraj,1,1,{'VERB': 1}
didṛkṣ,1,1,{'VERB': 1}
durmāyu,1,1,{'ADJ': 1}
adhastāt,1,1,{'ADV': 1}
kīvat,1,1,{'ADJ': 1}
salalūka,1,1,{'NOUN': 1}
prareka,1,1,{'NOUN': 1}
śagmya,1,1,{'ADJ': 1}
riktha,1,1,{'NOUN': 1}
rugṇa,1,1,{'NOUN': 1}
padin,1,1,{'ADJ': 1}
purobhū,1,1,{'NOUN': 1}
śiśnatha,1,1,{'NOUN': 1}
sadyovṛdh,1,1,{'ADJ': 1}
vasudhiti,1,1,{'ADJ': 1}
pratan,1,1,{'VERB': 1}
prapruth,1,1,{'VERB': 1}
sektṛ,1,1,{'ADJ': 1}
saṃrih,1,1,{'VERB': 1}
kiṃyu,1,1,{'ADJ': 1}
śaśvadhā,1,1,{'ADV': 1}
ayana,1,1,{'NOUN': 1}
adhoakṣa,1,1,{'ADJ': 1}
saṃtṛ,1,1,{'VERB': 1}
vyenas,1,1,{'ADJ': 1}
varpaṇīti,1,1,{'ADJ': 1}
dhīraṇa,1,1,{'ADJ': 1}
purubhojas,1,1,{'ADJ': 1}
abhikratu,1,1,{'ADJ': 1}
tapuṣpā,1,1,{'ADJ': 1}
bharitra,1,1,{'NOUN': 1}
vārtrahatya,1,1,{'NOUN': 1}
pṛtanāṣāhya,1,1,{'NOUN': 1}
abhimātiṣāhya,1,1,{'NOUN': 1}
pṛtsutur,1,1,{'ADJ': 1}
sudhura,1,1,{'ADJ': 1}
manodhṛt,1,1,{'ADJ': 1}
sakmya,1,1,{'NOUN': 1}
dṛṃhitṛ,1,1,{'NOUN': 1}
anugam,1,1,{'VERB': 1}
nama,1,1,{'NOUN': 1}
tātṛpi,1,1,{'ADJ': 1}
vandhureṣṭhā,1,1,{'ADJ': 1}
arcay,1,1,{'VERB': 1}
valaṃruja,1,1,{'ADJ': 1}
darma,1,1,{'NOUN': 1}
pratijñā,1,1,{'VERB': 1}
aṅkin,1,1,{'ADJ': 1}
sampāraṇa,1,1,{'ADJ': 1}
kṣayay,1,1,{'VERB': 1}
prayāvay,1,1,{'VERB': 1}
vyānaśin,1,1,{'ADJ': 1}
mimikṣu,1,1,{'ADJ': 1}
dhāmasāc,1,1,{'ADJ': 1}
ehas,1,1,{'NOUN': 1}
rādha,1,1,{'NOUN': 1}
pacatya,1,1,{'ADJ': 1}
vīratama,1,1,{'NOUN': 1}
ubhayatra,1,1,{'ADV': 1}
bobhav,1,1,{'VERB': 1}
anṛtu,1,1,{'NOUN': 1}
priyāy,1,1,{'VERB': 1}
kīkaṭa,1,1,{'NOUN': 1}
pramaganda,1,1,{'NOUN': 1}
naicāśākha,1,1,{'NOUN': 1}
pakṣya,1,1,{'ADJ': 1}
palasti,1,1,{'ADJ': 1}
pātalya,1,1,{'NOUN': 1}
khadira,1,1,{'NOUN': 1}
sāra,1,1,{'NOUN': 1}
spandana,1,1,{'NOUN': 1}
śiṃśapā,1,1,{'NOUN': 1}
hāpay,1,1,{'VERB': 1}
yācchreṣṭha,1,1,{'ADJ': 1}
śimbala,1,1,{'NOUN': 1}
yeṣ,1,1,{'VERB': 1}
prayasta,1,1,{'ADJ': 1}
lodha,1,1,{'NOUN': 1}
hāsay,1,1,{'VERB': 1}
apapitva,1,1,{'NOUN': 1}
satyavāc,1,1,{'NOUN': 1}
vighṛta,1,1,{'ADJ': 1}
jāgarūka,1,1,{'ADJ': 1}
bhavantī,1,1,{'NOUN': 1}
pṛcchā,1,1,{'NOUN': 1}
anapatya,1,1,{'NOUN': 1}
śaya,1,1,{'ADJ': 1}
ākṣit,1,1,{'ADJ': 1}
anūrudh,1,1,{'ADJ': 1}
tryavi,1,1,{'NOUN': 1}
praduh,1,1,{'VERB': 1}
ṣoḍhā,1,1,{'ADV': 1}
ninam,1,1,{'VERB': 1}
pājasya,1,1,{'NOUN': 1}
soṣav,1,1,{'VERB': 1}
dūṇaśa,1,1,{'ADJ': 1}
ṛjīka,1,1,{'ADJ': 1}
madhuṣuttama,1,1,{'ADJ': 1}
panyatama,1,1,{'ADJ': 1}
aṃ,1,1,{'ADV': 1}
praceta,1,1,{'ADJ': 1}
caraṇīy,1,1,{'VERB': 1}
yuvāvat,1,1,{'ADJ': 1}
rayīyat,1,1,{'ADJ': 1}
drāghiṣṭha,1,1,{'ADJ': 1}
vahnitama,1,1,{'ADJ': 1}
roruc,1,1,{'VERB': 1}
vipanyā,1,1,{'ADV': 1}
dṛdhra,1,1,{'ADJ': 1}
bharas,1,1,{'NOUN': 1}
avimat,1,1,{'ADJ': 1}
anniy,1,1,{'VERB': 1}
niśās,1,1,{'VERB': 1}
hemyāvat,1,1,{'ADJ': 1}
dṛśya,1,1,{'ADJ': 1}
svapāka,1,1,{'ADJ': 1}
garh,1,1,{'VERB': 1}
dhiṣṇyā,1,1,{'NOUN': 1}
śubhaṃyā,1,1,{'ADJ': 1}
puṣṭimbhara,1,1,{'ADJ': 1}
jāmarya,1,1,{'ADJ': 1}
spand,1,1,{'VERB': 1}
prastubh,1,1,{'VERB': 1}
huras,1,1,{'ADV': 1}
anṛju,1,1,{'ADJ': 1}
rakṣaṇa,1,1,{'NOUN': 1}
drū,1,1,{'VERB': 1}
tūrṇitama,1,1,{'ADJ': 1}
piprīṣ,1,1,{'VERB': 1}
vāvātā,1,1,{'NOUN': 1}
vastṛ,1,1,{'ADJ': 1}
aśramiṣṭha,1,1,{'ADJ': 1}
anuṣṭhuyā,1,1,{'ADV': 1}
asatya,1,1,{'ADJ': 1}
ārupita,1,1,{'ADJ': 1}
jabāru,1,1,{'NOUN': 1}
niṇik,1,1,{'ADV': 1}
anira,1,1,{'ADJ': 1}
phalgva,1,1,{'ADJ': 1}
kṛdhu,1,1,{'ADJ': 1}
atṛpa,1,1,{'ADJ': 1}
anāyudha,1,1,{'ADJ': 1}
metṛ,1,1,{'NOUN': 1}
repas,1,1,{'NOUN': 1}
sātu,1,1,{'NOUN': 1}
atharya,1,1,{'ADJ': 1}
danta,1,1,{'NOUN': 1}
svās,1,1,{'ADJ': 1}
ṛjvañc,1,1,{'ADJ': 1}
duvasana,1,1,{'ADJ': 1}
haskartṛ,1,1,{'NOUN': 1}
saṃcit,1,1,{'VERB': 1}
sahasin,1,1,{'ADJ': 1}
naktayā,1,1,{'ADV': 1}
arūkṣita,1,1,{'ADJ': 1}
yut,1,1,{'ADJ': 1}
avavye,1,1,{'VERB': 1}
somaka,1,1,{'NOUN': 1}
māyāvat,1,1,{'ADJ': 1}
kutsya,1,1,{'NOUN': 1}
vāmadeva,1,1,{'NOUN': 1}
saray,1,1,{'VERB': 1}
kṛṣṭī,1,1,{'NOUN': 1}
aśviya,1,1,{'NOUN': 1}
sambhara,1,1,{'ADJ': 1}
moha,1,1,{'NOUN': 1}
vibhañjanu,1,1,{'ADJ': 1}
aśanimat,1,1,{'ADJ': 1}
abhikhyātṛ,1,1,{'NOUN': 1}
pitṛtama,1,1,{'ADJ': 1}
ujjan,1,1,{'VERB': 1}
pārśva,1,1,{'NOUN': 1}
alalābhavat,1,1,{'ADJ': 1}
saṃkruś,1,1,{'VERB': 1}
parās,1,1,{'VERB': 1}
kuṣavā,1,1,{'NOUN': 1}
gṛṣṭi,1,1,{'NOUN': 1}
tavāgā,1,1,{'ADJ': 1}
kṣoday,1,1,{'VERB': 1}
visṛt,1,1,{'NOUN': 1}
ukha,1,1,{'NOUN': 1}
karas,1,1,{'NOUN': 1}
āmarītṛ,1,1,{'NOUN': 1}
prahāvat,1,1,{'ADJ': 1}
abhinī,1,1,{'VERB': 1}
muhu,1,1,{'ADV': 1}
vicayiṣṭha,1,1,{'ADJ': 1}
dhiṣaṇy,1,1,{'VERB': 1}
duroṣas,1,1,{'ADJ': 1}
pāstya,1,1,{'ADJ': 1}
bhārvara,1,1,{'NOUN': 1}
śuṣman,1,1,{'NOUN': 1}
prāyas,1,1,{'NOUN': 1}
gavaya,1,1,{'NOUN': 1}
niṣatti,1,1,{'NOUN': 1}
vṛṣaṃdhi,1,1,{'NOUN': 1}
syanda,1,1,{'NOUN': 1}
ya,1,1,{'NOUN': 1}
pīḍ,1,1,{'VERB': 1}
tetij,1,1,{'VERB': 1}
tyāga,1,1,{'NOUN': 1}
indray,1,1,{'VERB': 1}
viven,1,1,{'VERB': 1}
bhṛjj,1,1,{'VERB': 1}
ṛghāvan,1,1,{'ADJ': 1}
vasna,1,1,{'NOUN': 1}
vikrī,1,1,{'VERB': 1}
krī,1,1,{'VERB': 1}
vasta,1,1,{'NOUN': 1}
avivenam,1,1,{'ADV': 1}
prāśuṣah,1,1,{'ADJ': 1}
duṣprāvya,1,1,{'ADJ': 1}
avāc,1,1,{'ADJ': 1}
devāvat,1,1,{'ADJ': 1}
apaciti,1,1,{'NOUN': 1}
ādardar,1,1,{'VERB': 1}
ākāyya,1,1,{'ADJ': 1}
manyumattama,1,1,{'ADJ': 1}
durhaṇāyu,1,1,{'ADJ': 1}
vibālī,1,1,{'NOUN': 1}
kaulitara,1,1,{'ADJ': 1}
snātṛ,1,1,{'ADJ': 1}
pāratas,1,1,{'ADV': 1}
arṇā,1,1,{'NOUN': 1}
citraratha,1,1,{'NOUN': 1}
āduri,1,1,{'NOUN': 1}
karūḍatin,1,1,{'ADJ': 1}
avidīdhayu,1,1,{'ADJ': 1}
citrin,1,1,{'ADJ': 1}
khārī,1,1,{'NOUN': 1}
goṣan,1,1,{'ADJ': 1}
kanīnakā,1,1,{'NOUN': 1}
vidradha,1,1,{'ADJ': 1}
drupada,1,1,{'NOUN': 1}
śvaitarī,1,1,{'NOUN': 1}
pariviṣṭi,1,1,{'NOUN': 1}
veṣaṇā,1,1,{'NOUN': 1}
nareṣṭhā,1,1,{'ADJ': 1}
gnāspatnī,1,1,{'NOUN': 1}
apabhū,1,1,{'VERB': 1}
niḥśaṃs,1,1,{'VERB': 1}
kimmaya,1,1,{'ADJ': 1}
vihval,1,1,{'VERB': 1}
dhyā,1,1,{'NOUN': 1}
haray,1,1,{'VERB': 1}
udāya,1,1,{'NOUN': 1}
indrasvat,1,1,{'ADJ': 1}
śas,1,1,{'VERB': 1}
nituś,1,1,{'VERB': 1}
kṣetrāsā,1,1,{'ADJ': 1}
medhayu,1,1,{'ADJ': 1}
ārudh,1,1,{'VERB': 1}
sanutara,1,1,{'ADJ': 1}
āvirṛjīka,1,1,{'ADJ': 1}
vastramathi,1,1,{'ADJ': 1}
śubhvan,1,1,{'ADJ': 1}
bhrū,1,1,{'NOUN': 1}
sūdana,1,1,{'ADJ': 1}
bhariṣa,1,1,{'ADJ': 1}
duvanyasad,1,1,{'ADJ': 1}
turaṇyasad,1,1,{'ADJ': 1}
drava,1,1,{'ADJ': 1}
dravara,1,1,{'ADJ': 1}
pataṃgara,1,1,{'ADJ': 1}
aṅkasa,1,1,{'NOUN': 1}
kṣipaṇi,1,1,{'NOUN': 1}
saṃtavītvat,1,1,{'ADJ': 1}
aṅkas,1,1,{'NOUN': 1}
āpanīphaṇ,1,1,{'VERB': 1}
vṛkati,1,1,{'NOUN': 1}
joṣṭṛ,1,1,{'ADJ': 1}
prakrīḍ,1,1,{'VERB': 1}
daurgaha,1,1,{'NOUN': 1}
purukutsānī,1,1,{'NOUN': 1}
bhuraj,1,1,{'VERB': 1}
vandhurāyu,1,1,{'ADJ': 1}
ājamīḍha,1,1,{'NOUN': 1}
uhū,1,1,{'NOUN': 1}
mandinispṛś,1,1,{'ADJ': 1}
makṣ,1,1,{'NOUN': 1}
ākenipa,1,1,{'ADJ': 1}
niryu,1,1,{'VERB': 1}
dhuneti,1,1,{'ADJ': 1}
ṛkvat,1,1,{'ADJ': 1}
vāvāś,1,1,{'VERB': 1}
valgūy,1,1,{'VERB': 1}
sajanya,1,1,{'ADJ': 1}
vayunāvat,1,1,{'ADJ': 1}
aṅgira,1,1,{'NOUN': 1}
pariprayā,1,1,{'VERB': 1}
dvipa,1,1,{'NOUN': 1}
samānatas,1,1,{'ADV': 1}
sūnṛtāvarī,1,1,{'NOUN': 1}
pracākaś,1,1,{'VERB': 1}
kṣapā,1,1,{'NOUN': 1}
anūcīna,1,1,{'ADJ': 1}
pūruṣatvatā,1,1,{'ADV': 1}
āsū,1,1,{'VERB': 1}
viyotṛ,1,1,{'ADJ': 1}
mitriya,1,1,{'ADJ': 1}
svaras,1,1,{'NOUN': 1}
vimi,1,1,{'VERB': 1}
lāṅgala,1,1,{'NOUN': 1}
kīnāśa,1,1,{'NOUN': 1}
vetasa,1,1,{'NOUN': 1}
kṣipaṇu,1,1,{'NOUN': 1}
prādhvana,1,1,{'NOUN': 1}
śūghana,1,1,{'ADJ': 1}
vātapramī,1,1,{'NOUN': 1}
ujjhā,1,1,{'VERB': 1}
mārjālya,1,1,{'ADJ': 1}
peṣī,1,1,{'NOUN': 1}
hiraṇyadat,1,1,{'ADJ': 1}
vipṛkvat,1,1,{'ADJ': 1}
anuktha,1,1,{'ADJ': 1}
paliknī,1,1,{'NOUN': 1}
maryaka,1,1,{'NOUN': 1}
ninditṛ,1,1,{'NOUN': 1}
vinikṣ,1,1,{'VERB': 1}
ūrṇamradas,1,1,{'ADJ': 1}
gāmay,1,1,{'VERB': 1}
saṃjanay,1,1,{'VERB': 1}
veṣaṇa,1,1,{'NOUN': 1}
svādana,1,1,{'ADJ': 1}
astatāti,1,1,{'NOUN': 1}
suṣū,1,1,{'NOUN': 1}
āsuta,1,1,{'NOUN': 1}
adhrija,1,1,{'ADJ': 1}
jaradviṣ,1,1,{'ADJ': 1}
durgṛbhīy,1,1,{'VERB': 1}
dhūmin,1,1,{'ADJ': 1}
dveṣoyut,1,1,{'ADJ': 1}
kṣepay,1,1,{'VERB': 1}
poṣay,1,1,{'VERB': 1}
aṃhoyu,1,1,{'ADJ': 1}
mṛktavāhas,1,1,{'NOUN': 1}
dabha,1,1,{'ADJ': 1}
dhṛṣaj,1,1,{'NOUN': 1}
vakṣi,1,1,{'NOUN': 1}
vakṣaṇesthā,1,1,{'ADJ': 1}
viśvasāman,1,1,{'NOUN': 1}
cikitvinmanas,1,1,{'ADJ': 1}
traivṛṣṇa,1,1,{'NOUN': 1}
navama,1,1,{'ADJ': 1}
uddharṣay,1,1,{'VERB': 1}
jigarti,1,1,{'NOUN': 1}
apajargur,1,1,{'VERB': 1}
gaurivīti,1,1,{'NOUN': 1}
apidhānavat,1,1,{'ADJ': 1}
nidhātṛ,1,1,{'NOUN': 1}
saṃkan,1,1,{'VERB': 1}
abala,1,1,{'ADJ': 1}
ruśamā,1,1,{'NOUN': 1}
ayasmaya,1,1,{'ADJ': 1}
amena,1,1,{'NOUN': 1}
saṃvṛt,1,1,{'VERB': 1}
indrākutsa,1,1,{'NOUN': 1}
katpaya,1,1,{'ADJ': 1}
asūrya,1,1,{'ADJ': 1}
uccais,1,1,{'ADV': 1}
apagur,1,1,{'VERB': 1}
asinva,1,1,{'ADJ': 1}
papṛkṣeṇya,1,1,{'ADJ': 1}
amarta,1,1,{'ADJ': 1}
gairikṣita,1,1,{'NOUN': 1}
mārutāśva,1,1,{'NOUN': 1}
kratvāmagha,1,1,{'ADJ': 1}
cyavatāna,1,1,{'NOUN': 1}
ānūka,1,1,{'NOUN': 1}
dhvanya,1,1,{'NOUN': 1}
lakṣmaṇya,1,1,{'NOUN': 1}
ajāta,1,1,{'ADJ': 1}
tatanuṣṭi,1,1,{'ADJ': 1}
kavāsakha,1,1,{'ADJ': 1}
yataṃkara,1,1,{'NOUN': 1}
vitvakṣaṇa,1,1,{'ADJ': 1}
cakramāsaja,1,1,{'ADJ': 1}
vibhīṣaṇa,1,1,{'ADJ': 1}
pravepanin,1,1,{'ADJ': 1}
āgniveśi,1,1,{'NOUN': 1}
śatri,1,1,{'NOUN': 1}
satrāha,1,1,{'ADJ': 1}
sarvarathā,1,1,{'ADV': 1}
dakṣiṇit,1,1,{'ADV': 1}
duvoyā,1,1,{'NOUN': 1}
svañcas,1,1,{'ADJ': 1}
ketasap,1,1,{'ADJ': 1}
nṛmaṇasy,1,1,{'VERB': 1}
ubhayāhasti,1,1,{'ADV': 1}
ditsu,1,1,{'ADJ': 1}
prarādh,1,1,{'VERB': 1}
irasyā,1,1,{'NOUN': 1}
upaśikṣ,1,1,{'VERB': 1}
yajñāy,1,1,{'VERB': 1}
sakṣaṇa,1,1,{'ADJ': 1}
āśvaśvatama,1,1,{'ADJ': 1}
iṣudhyu,1,1,{'ADJ': 1}
poṣyāvat,1,1,{'ADJ': 1}
svaitu,1,1,{'ADJ': 1}
bhūmya,1,1,{'ADJ': 1}
tarīyas,1,1,{'ADJ': 1}
kṣubh,1,1,{'NOUN': 1}
abhiṣan,1,1,{'VERB': 1}
praśravas,1,1,{'ADJ': 1}
śasā,1,1,{'NOUN': 1}
ūrjavya,1,1,{'ADJ': 1}
visarman,1,1,{'ADJ': 1}
abdimat,1,1,{'ADJ': 1}
udanimat,1,1,{'ADJ': 1}
yuvanyu,1,1,{'ADJ': 1}
dhura,1,1,{'NOUN': 1}
sādadyoni,1,1,{'ADJ': 1}
rāspira,1,1,{'ADJ': 1}
vāsa,1,1,{'NOUN': 1}
imathā,1,1,{'ADV': 1}
jyeṣṭhatāti,1,1,{'NOUN': 1}
dṛśi,1,1,{'NOUN': 1}
bhari,1,1,{'ADJ': 1}
suyantu,1,1,{'ADJ': 1}
saṃjarbhur,1,1,{'VERB': 1}
taru,1,1,{'NOUN': 1}
sutegṛbh,1,1,{'ADJ': 1}
vayākin,1,1,{'ADJ': 1}
susvaru,1,1,{'ADJ': 1}
dhāravāka,1,1,{'ADJ': 1}
tādṛś,1,1,{'ADJ': 1}
samary,1,1,{'VERB': 1}
svāvasu,1,1,{'ADJ': 1}
yatuna,1,1,{'ADJ': 1}
agrima,1,1,{'ADJ': 1}
kravaṇa,1,1,{'ADJ': 1}
manasa,1,1,{'NOUN': 1}
evāvada,1,1,{'NOUN': 1}
avatsāra,1,1,{'NOUN': 1}
raṇvan,1,1,{'ADJ': 1}
viṣāṇa,1,1,{'NOUN': 1}
paripāna,1,1,{'NOUN': 1}
sadāpṛṇa,1,1,{'ADJ': 1}
bāhuvṛkta,1,1,{'NOUN': 1}
śrutavid,1,1,{'NOUN': 1}
tarya,1,1,{'NOUN': 1}
suprayāvan,1,1,{'ADJ': 1}
sutambhara,1,1,{'NOUN': 1}
anubrū,1,1,{'VERB': 1}
vrajin,1,1,{'ADJ': 1}
khādoarṇa,1,1,{'ADJ': 1}
dasay,1,1,{'VERB': 1}
viśiśipra,1,1,{'NOUN': 1}
yātha,1,1,{'NOUN': 1}
divikṣaya,1,1,{'ADJ': 1}
aśvinī,1,1,{'NOUN': 1}
āmenya,1,1,{'ADJ': 1}
vṛtā,1,1,{'NOUN': 1}
pracar,1,1,{'VERB': 1}
bharahūti,1,1,{'NOUN': 1}
anuśaṃs,1,1,{'VERB': 1}
yūyuvi,1,1,{'ADJ': 1}
droṇya,1,1,{'ADJ': 1}
dhṛṣadvin,1,1,{'ADJ': 1}
śarvarī,1,1,{'NOUN': 1}
jajhjhatī,1,1,{'NOUN': 1}
vipathi,1,1,{'ADJ': 1}
antaspatha,1,1,{'ADJ': 1}
anupatha,1,1,{'ADJ': 1}
viṣṭāra,1,1,{'NOUN': 1}
darśya,1,1,{'ADJ': 1}
kubhanyu,1,1,{'ADJ': 1}
kilāsī,1,1,{'NOUN': 1}
śrāya,1,1,{'ADJ': 1}
anitabhā,1,1,{'NOUN': 1}
vayovṛdh,1,1,{'ADJ': 1}
arṇasa,1,1,{'ADJ': 1}
kapanā,1,1,{'NOUN': 1}
kabandhin,1,1,{'ADJ': 1}
atitviṣ,1,1,{'VERB': 1}
ābhūṣeṇya,1,1,{'ADJ': 1}
bhīmayu,1,1,{'ADJ': 1}
durdhur,1,1,{'ADJ': 1}
saṃvakṣ,1,1,{'VERB': 1}
ciram,1,1,{'ADV': 1}
añjimat,1,1,{'ADJ': 1}
taviṣīmat,1,1,{'ADJ': 1}
rabhiṣṭha,1,1,{'ADJ': 1}
bhartṛ,1,1,{'NOUN': 1}
icchu,1,1,{'ADJ': 1}
prayudh,1,1,{'ADJ': 1}
raivata,1,1,{'ADJ': 1}
gaṇaśri,1,1,{'ADJ': 1}
saktha,1,1,{'NOUN': 1}
agnitap,1,1,{'ADJ': 1}
śatāvaya,1,1,{'ADJ': 1}
dos,1,1,{'NOUN': 1}
upabarbṛh,1,1,{'VERB': 1}
adevatra,1,1,{'ADJ': 1}
vaira,1,1,{'NOUN': 1}
vaidadaśvi,1,1,{'NOUN': 1}
taranta,1,1,{'NOUN': 1}
dārbhya,1,1,{'NOUN': 1}
kravi,1,1,{'NOUN': 1}
tilvila,1,1,{'ADJ': 1}
adhigartya,1,1,{'ADJ': 1}
baṃhiṣṭha,1,1,{'ADJ': 1}
jārya,1,1,{'NOUN': 1}
gati,1,1,{'NOUN': 1}
devakṣatra,1,1,{'NOUN': 1}
ruśadgu,1,1,{'ADJ': 1}
arcanānas,1,1,{'NOUN': 1}
pratūrv,1,1,{'VERB': 1}
rātahavya,1,1,{'NOUN': 1}
īyacakṣas,1,1,{'ADJ': 1}
purūruṇā,1,1,{'ADV': 1}
adruhvan,1,1,{'ADJ': 1}
tanas,1,1,{'NOUN': 1}
manāvasu,1,1,{'ADJ': 1}
gṛbhītatāti,1,1,{'NOUN': 1}
atyāyā,1,1,{'VERB': 1}
vāṇīcī,1,1,{'NOUN': 1}
vāpuṣa,1,1,{'ADJ': 1}
saṃskṛta,1,1,{'NOUN': 1}
saṃgava,1,1,{'NOUN': 1}
atiyā,1,1,{'VERB': 1}
avaruh,1,1,{'VERB': 1}
samiṅgay,1,1,{'VERB': 1}
kṣan,1,1,{'VERB': 1}
sunītha,1,1,{'NOUN': 1}
śaucadratha,1,1,{'NOUN': 1}
vaṣṭi,1,1,{'ADJ': 1}
cira,1,1,{'ADJ': 1}
vyena,1,1,{'ADJ': 1}
vayunā,1,1,{'NOUN': 1}
pariṣṭuti,1,1,{'NOUN': 1}
āśrāvay,1,1,{'VERB': 1}
abhikṣip,1,1,{'VERB': 1}
stanatha,1,1,{'NOUN': 1}
irā,1,1,{'NOUN': 1}
stanayitnu,1,1,{'NOUN': 1}
nipāda,1,1,{'NOUN': 1}
khidra,1,1,{'NOUN': 1}
vicārin,1,1,{'ADJ': 1}
heṣ,1,1,{'VERB': 1}
aryamya,1,1,{'ADJ': 1}
adabha,1,1,{'ADJ': 1}
suśukvan,1,1,{'ADJ': 1}
irin,1,1,{'ADJ': 1}
suśami,1,1,{'ADV': 1}
durdhartu,1,1,{'ADJ': 1}
jñubādh,1,1,{'ADJ': 1}
pretīṣaṇi,1,1,{'ADJ': 1}
kṣaitavat,1,1,{'ADJ': 1}
vayāvat,1,1,{'ADJ': 1}
trayayāyya,1,1,{'ADJ': 1}
pradṛpti,1,1,{'NOUN': 1}
dṛśati,1,1,{'NOUN': 1}
heṣasvat,1,1,{'ADJ': 1}
yamasāna,1,1,{'ADJ': 1}
vijeh,1,1,{'VERB': 1}
dravi,1,1,{'NOUN': 1}
dhrajati,1,1,{'NOUN': 1}
druṣadvan,1,1,{'ADJ': 1}
rārap,1,1,{'VERB': 1}
rukṣa,1,1,{'ADJ': 1}
dhrajas,1,1,{'NOUN': 1}
rabhasāna,1,1,{'ADJ': 1}
cakṣaṇi,1,1,{'NOUN': 1}
sadvan,1,1,{'ADJ': 1}
ūrja,1,1,{'NOUN': 1}
nitikti,1,1,{'ADV': 1}
rāṣṭrin,1,1,{'ADJ': 1}
parihrut,1,1,{'ADJ': 1}
ghoṣin,1,1,{'ADJ': 1}
śvitāna,1,1,{'ADJ': 1}
śuciṣmat,1,1,{'ADJ': 1}
kṣāti,1,1,{'NOUN': 1}
vepiṣṭha,1,1,{'ADJ': 1}
sraṃs,1,1,{'VERB': 1}
vanerāj,1,1,{'ADJ': 1}
dravitṛ,1,1,{'NOUN': 1}
avartra,1,1,{'ADJ': 1}
dhavīyas,1,1,{'ADJ': 1}
nidā,1,1,{'NOUN': 1}
kṣattṛ,1,1,{'NOUN': 1}
pātha,1,1,{'NOUN': 1}
kulāyin,1,1,{'ADJ': 1}
aṅkūy,1,1,{'VERB': 1}
śyāvyā,1,1,{'NOUN': 1}
asthūri,1,1,{'ADJ': 1}
pāthya,1,1,{'ADJ': 1}
surekṇas,1,1,{'ADJ': 1}
āśvāsa,1,1,{'NOUN': 1}
śipravat,1,1,{'ADJ': 1}
gotrabhid,1,1,{'NOUN': 1}
ukṣay,1,1,{'VERB': 1}
prasāha,1,1,{'NOUN': 1}
aramaṇas,1,1,{'ADJ': 1}
prārday,1,1,{'VERB': 1}
nadanumat,1,1,{'ADJ': 1}
sahiṣṭha,1,1,{'ADJ': 1}
radhratur,1,1,{'ADJ': 1}
udāvat,1,1,{'ADJ': 1}
dakṣiṇatrā,1,1,{'ADV': 1}
dhvānay,1,1,{'VERB': 1}
pratiṣṭhi,1,1,{'NOUN': 1}
sahyu,1,1,{'ADJ': 1}
catin,1,1,{'ADJ': 1}
dartnu,1,1,{'NOUN': 1}
patana,1,1,{'NOUN': 1}
svabhiṣṭi,1,1,{'ADJ': 1}
pakthin,1,1,{'NOUN': 1}
avayuna,1,1,{'ADJ': 1}
vayunavat,1,1,{'ADJ': 1}
tāt,1,1,{'ADV': 1}
eṣṭi,1,1,{'NOUN': 1}
dasa,1,1,{'NOUN': 1}
dābha,1,1,{'ADJ': 1}
parvateṣṭhā,1,1,{'ADJ': 1}
khidvas,1,1,{'ADJ': 1}
vepa,1,1,{'ADJ': 1}
suvahman,1,1,{'ADJ': 1}
dīpay,1,1,{'VERB': 1}
tūrya,1,1,{'NOUN': 1}
madryadrik,1,1,{'ADV': 1}
praṇenī,1,1,{'ADJ': 1}
papi,1,1,{'ADJ': 1}
rāṇḍya,1,1,{'ADJ': 1}
arcatrya,1,1,{'ADJ': 1}
urvyūti,1,1,{'ADJ': 1}
tanti,1,1,{'NOUN': 1}
ācakri,1,1,{'ADJ': 1}
avakarśay,1,1,{'VERB': 1}
amatrin,1,1,{'ADJ': 1}
vyathay,1,1,{'VERB': 1}
vitantas,1,1,{'VERB': 1}
vājineya,1,1,{'NOUN': 1}
piṭhīnas,1,1,{'NOUN': 1}
sadhavīra,1,1,{'ADJ': 1}
prātardani,1,1,{'NOUN': 1}
hariyūpīyā,1,1,{'NOUN': 1}
yavyāvatī,1,1,{'NOUN': 1}
sūyavasyu,1,1,{'ADJ': 1}
pārthava,1,1,{'NOUN': 1}
abhinna,1,1,{'ADJ': 1}
āmitra,1,1,{'ADJ': 1}
kakāṭa,1,1,{'ADJ': 1}
saṃskṛtatra,1,1,{'NOUN': 1}
meday,1,1,{'VERB': 1}
supratīka,1,1,{'ADJ': 1}
upaparcana,1,1,{'NOUN': 1}
āmiślatama,1,1,{'ADJ': 1}
samīj,1,1,{'VERB': 1}
sutakri,1,1,{'ADJ': 1}
purukṛtvan,1,1,{'ADJ': 1}
purohan,1,1,{'ADJ': 1}
nīvyā,1,1,{'NOUN': 1}
goṣatama,1,1,{'ADJ': 1}
arca,1,1,{'ADJ': 1}
nīḍay,1,1,{'VERB': 1}
syūmagṛbh,1,1,{'ADJ': 1}
tuvikūrmitama,1,1,{'ADJ': 1}
haniṣṭha,1,1,{'ADJ': 1}
dyotay,1,1,{'VERB': 1}
adyut,1,1,{'ADJ': 1}
aruc,1,1,{'ADJ': 1}
aviṣa,1,1,{'ADJ': 1}
paścāddaghvan,1,1,{'ADJ': 1}
pratye,1,1,{'VERB': 1}
avaspṛ,1,1,{'VERB': 1}
rayintama,1,1,{'ADJ': 1}
staulā,1,1,{'NOUN': 1}
dhautarī,1,1,{'NOUN': 1}
uruṣyā,1,1,{'ADV': 1}
varṣīyas,1,1,{'ADJ': 1}
jasvan,1,1,{'ADJ': 1}
abhiṣeṇa,1,1,{'NOUN': 1}
asmatrāñc,1,1,{'ADJ': 1}
makṣūjavastama,1,1,{'ADJ': 1}
abhiyugvan,1,1,{'ADJ': 1}
vāhastama,1,1,{'ADJ': 1}
kuvitsa,1,1,{'NOUN': 1}
gāṅgya,1,1,{'ADJ': 1}
abhiprahan,1,1,{'VERB': 1}
klośa,1,1,{'NOUN': 1}
atipāraya,1,1,{'ADJ': 1}
śatāvat,1,1,{'ADJ': 1}
atinenīy,1,1,{'VERB': 1}
anānubhūti,1,1,{'NOUN': 1}
pratirūpa,1,1,{'ADJ': 1}
praticakṣaṇa,1,1,{'NOUN': 1}
agavyūti,1,1,{'ADJ': 1}
vasnay,1,1,{'VERB': 1}
udavraja,1,1,{'NOUN': 1}
prastoka,1,1,{'NOUN': 1}
kośayī,1,1,{'NOUN': 1}
adhibhojana,1,1,{'NOUN': 1}
praṣṭimat,1,1,{'ADJ': 1}
aśvatha,1,1,{'NOUN': 1}
sārñjaya,1,1,{'NOUN': 1}
āsthātṛ,1,1,{'ADJ': 1}
ojman,1,1,{'NOUN': 1}
śvāsay,1,1,{'VERB': 1}
davīyas,1,1,{'ADJ': 1}
pratyāvartay,1,1,{'VERB': 1}
hina,1,1,{'ADV': 1}
aprayutvan,1,1,{'ADJ': 1}
anapasphura,1,1,{'ADJ': 1}
apikarṇa,1,1,{'NOUN': 1}
kākambīra,1,1,{'NOUN': 1}
adṛpta,1,1,{'ADJ': 1}
pāvīrava,1,1,{'ADJ': 1}
paripati,1,1,{'NOUN': 1}
acitra,1,1,{'ADJ': 1}
paśurakṣi,1,1,{'NOUN': 1}
upadā,1,1,{'VERB': 1}
abhikṣa,1,1,{'ADJ': 1}
abhyardha,1,1,{'NOUN': 1}
bhūma,1,1,{'NOUN': 1}
datravat,1,1,{'ADJ': 1}
pastyasad,1,1,{'NOUN': 1}
bhāradvāja,1,1,{'ADJ': 1}
daviṣṭha,1,1,{'ADJ': 1}
atiyāja,1,1,{'NOUN': 1}
ninits,1,1,{'VERB': 1}
tvaṣṭṛmat,1,1,{'ADJ': 1}
vayunaśas,1,1,{'ADV': 1}
iṣi,1,1,{'NOUN': 1}
agnīparjanya,1,1,{'NOUN': 1}
mrad,1,1,{'VERB': 1}
goṣaṇi,1,1,{'ADJ': 1}
abhiśās,1,1,{'VERB': 1}
kevaṭa,1,1,{'NOUN': 1}
didhiṣu,1,1,{'NOUN': 1}
niśṛmbha,1,1,{'ADJ': 1}
karambhād,1,1,{'ADJ': 1}
rit,1,1,{'ADJ': 1}
udvarīvṛj,1,1,{'VERB': 1}
adana,1,1,{'NOUN': 1}
pajrahoṣin,1,1,{'ADJ': 1}
sahastama,1,1,{'ADJ': 1}
vighanin,1,1,{'ADJ': 1}
ākhād,1,1,{'VERB': 1}
bisakhā,1,1,{'ADJ': 1}
manojava,1,1,{'ADJ': 1}
śākatama,1,1,{'ADJ': 1}
suprāyaṇatama,1,1,{'ADJ': 1}
jūrṇin,1,1,{'ADJ': 1}
iṣidh,1,1,{'NOUN': 1}
asakra,1,1,{'ADJ': 1}
puraya,1,1,{'NOUN': 1}
sumīḍha,1,1,{'NOUN': 1}
peruka,1,1,{'NOUN': 1}
śāṇḍa,1,1,{'NOUN': 1}
purupanthā,1,1,{'NOUN': 1}
divojā,1,1,{'ADJ': 1}
dādhṛvi,1,1,{'ADJ': 1}
stauna,1,1,{'ADJ': 1}
anavasa,1,1,{'ADJ': 1}
tṛṣucyavas,1,1,{'ADJ': 1}
arcatri,1,1,{'ADJ': 1}
apnaḥstha,1,1,{'NOUN': 1}
śrudhīyat,1,1,{'ADJ': 1}
jinva,1,1,{'ADJ': 1}
yuvadhita,1,1,{'ADJ': 1}
ohas,1,1,{'NOUN': 1}
yajñasāc,1,1,{'ADJ': 1}
dhṛtavrata,1,1,{'ADJ': 1}
panayāyya,1,1,{'ADJ': 1}
agrādvan,1,1,{'ADJ': 1}
ghṛtāvṛdh,1,1,{'ADJ': 1}
rohas,1,1,{'NOUN': 1}
dvibarhajman,1,1,{'ADJ': 1}
prāgharmasad,1,1,{'ADJ': 1}
jīmūta,1,1,{'NOUN': 1}
apakāma,1,1,{'NOUN': 1}
ārtnī,1,1,{'NOUN': 1}
visphur,1,1,{'VERB': 1}
avagam,1,1,{'VERB': 1}
saṃkā,1,1,{'NOUN': 1}
ninah,1,1,{'VERB': 1}
suṣārathi,1,1,{'NOUN': 1}
panāy,1,1,{'VERB': 1}
avakram,1,1,{'VERB': 1}
apavye,1,1,{'VERB': 1}
rathavāhana,1,1,{'NOUN': 1}
svāduṣaṃsad,1,1,{'ADJ': 1}
kṛcchreśrit,1,1,{'ADJ': 1}
satovīra,1,1,{'ADJ': 1}
hastaghna,1,1,{'NOUN': 1}
ālākta,1,1,{'ADJ': 1}
ruru,1,1,{'NOUN': 1}
śiṣ,1,1,{'VERB': 1}
bāṇa,1,1,{'NOUN': 1}
sampat,1,1,{'VERB': 1}
viśikha,1,1,{'ADJ': 1}
chāday,1,1,{'VERB': 1}
cyuti,1,1,{'NOUN': 1}
atharyu,1,1,{'ADJ': 1}
supraticakṣa,1,1,{'ADJ': 1}
stavatha,1,1,{'NOUN': 1}
vītatama,1,1,{'ADJ': 1}
durvāsas,1,1,{'ADJ': 1}
durbhṛti,1,1,{'NOUN': 1}
pṛṣadvat,1,1,{'ADJ': 1}
vrajana,1,1,{'NOUN': 1}
uśenya,1,1,{'ADJ': 1}
durokam,1,1,{'ADV': 1}
akavi,1,1,{'ADJ': 1}
īśa,1,1,{'NOUN': 1}
apsu,1,1,{'ADJ': 1}
acetāna,1,1,{'ADJ': 1}
grabha,1,1,{'NOUN': 1}
udarya,1,1,{'ADJ': 1}
abhīṣāh,1,1,{'ADJ': 1}
grathin,1,1,{'ADJ': 1}
aśraddha,1,1,{'ADJ': 1}
pathya,1,1,{'ADJ': 1}
saṃsahasra,1,1,{'ADJ': 1}
suṣaṇana,1,1,{'ADJ': 1}
amātya,1,1,{'NOUN': 1}
nakṣya,1,1,{'ADJ': 1}
śamin,1,1,{'ADJ': 1}
prāti,1,1,{'NOUN': 1}
suṣamidh,1,1,{'NOUN': 1}
turvasu,1,1,{'NOUN': 1}
bhalānas,1,1,{'NOUN': 1}
alina,1,1,{'NOUN': 1}
viṣāṇin,1,1,{'NOUN': 1}
srevay,1,1,{'VERB': 1}
yathākṛta,1,1,{'ADJ': 1}
nipreṣ,1,1,{'VERB': 1}
vaikarṇa,1,1,{'NOUN': 1}
kavaṣa,1,1,{'NOUN': 1}
prakalavid,1,1,{'ADJ': 1}
śṛta,1,1,{'NOUN': 1}
siṃhī,1,1,{'NOUN': 1}
petva,1,1,{'NOUN': 1}
veśī,1,1,{'NOUN': 1}
randhi,1,1,{'NOUN': 1}
śigru,1,1,{'NOUN': 1}
devaka,1,1,{'NOUN': 1}
mānay,1,1,{'VERB': 1}
śatayātu,1,1,{'NOUN': 1}
devavant,1,1,{'NOUN': 1}
kṛśanin,1,1,{'ADJ': 1}
yudhyāmadhi,1,1,{'NOUN': 1}
suṣvitara,1,1,{'ADJ': 1}
paurukutsi,1,1,{'NOUN': 1}
bhreṣ,1,1,{'VERB': 1}
stāmu,1,1,{'ADJ': 1}
vipay,1,1,{'VERB': 1}
somamad,1,1,{'ADJ': 1}
gṛbha,1,1,{'NOUN': 1}
dūraupabda,1,1,{'ADJ': 1}
viṣah,1,1,{'VERB': 1}
varīvṛj,1,1,{'VERB': 1}
viṣvadryañc,1,1,{'ADJ': 1}
sambharaṇa,1,1,{'NOUN': 1}
nṛṣāti,1,1,{'NOUN': 1}
parivṛ,1,1,{'VERB': 1}
abhivī,1,1,{'VERB': 1}
śavasin,1,1,{'ADJ': 1}
brahmakṛti,1,1,{'NOUN': 1}
araṃkṛti,1,1,{'NOUN': 1}
puruṣya,1,1,{'ADJ': 1}
mahivṛdh,1,1,{'ADJ': 1}
śrutkarṇa,1,1,{'ADJ': 1}
dūḍāś,1,1,{'ADJ': 1}
ātuj,1,1,{'VERB': 1}
kavatnu,1,1,{'ADJ': 1}
akharva,1,1,{'ADJ': 1}
tvāvasu,1,1,{'ADJ': 1}
radāvasu,1,1,{'ADJ': 1}
pāpatva,1,1,{'NOUN': 1}
kuhacid,1,1,{'ADV': 1}
adugdha,1,1,{'ADJ': 1}
pramad,1,1,{'VERB': 1}
vaiśanta,1,1,{'NOUN': 1}
pāśadyumna,1,1,{'NOUN': 1}
vāyata,1,1,{'NOUN': 1}
daṇḍa,1,1,{'NOUN': 1}
ajana,1,1,{'ADJ': 1}
paricchid,1,1,{'VERB': 1}
prajava,1,1,{'NOUN': 1}
maitrāvaruṇa,1,1,{'ADJ': 1}
pratṛd,1,1,{'ADJ': 1}
adyu,1,1,{'ADJ': 1}
havyād,1,1,{'ADJ': 1}
indrāpūṣan,1,1,{'NOUN': 1}
dhruvi,1,1,{'ADJ': 1}
bhavitra,1,1,{'NOUN': 1}
endh,1,1,{'VERB': 1}
tribandhu,1,1,{'ADJ': 1}
ekadhenu,1,1,{'NOUN': 1}
bīriṭa,1,1,{'NOUN': 1}
avidasya,1,1,{'ADJ': 1}
krandanu,1,1,{'NOUN': 1}
ācit,1,1,{'VERB': 1}
hetva,1,1,{'ADJ': 1}
māṃścatu,1,1,{'ADJ': 1}
svapivāta,1,1,{'ADJ': 1}
mithatyā,1,1,{'ADV': 1}
khanitrima,1,1,{'ADJ': 1}
svayaṃja,1,1,{'ADJ': 1}
avapaś,1,1,{'VERB': 1}
kulāyayat,1,1,{'ADJ': 1}
viśvi,1,1,{'VERB': 1}
ajakāva,1,1,{'NOUN': 1}
durdṛśīka,1,1,{'ADJ': 1}
vijāman,1,1,{'NOUN': 1}
kulpha,1,1,{'NOUN': 1}
anudaka,1,1,{'ADJ': 1}
śipada,1,1,{'NOUN': 1}
śimidā,1,1,{'NOUN': 1}
gātumat,1,1,{'ADJ': 1}
punaḥsara,1,1,{'ADJ': 1}
udācar,1,1,{'VERB': 1}
proṣṭheśaya,1,1,{'ADJ': 1}
vahyeśaya,1,1,{'ADJ': 1}
talpa,1,1,{'NOUN': 1}
śīvan,1,1,{'ADJ': 1}
svapū,1,1,{'NOUN': 1}
svanas,1,1,{'NOUN': 1}
krudhmi,1,1,{'ADJ': 1}
sahasriya,1,1,{'ADJ': 1}
gṛhamedhīya,1,1,{'ADJ': 1}
stuta,1,1,{'NOUN': 1}
harmyeṣṭhā,1,1,{'ADJ': 1}
prakrīḍin,1,1,{'ADJ': 1}
advayāvin,1,1,{'ADJ': 1}
sāḍhṛ,1,1,{'ADJ': 1}
tveṣya,1,1,{'ADJ': 1}
śatasvin,1,1,{'ADJ': 1}
sasvartā,1,1,{'ADV': 1}
pipīṣu,1,1,{'ADJ': 1}
sāṃtapana,1,1,{'ADJ': 1}
tryambaka,1,1,{'NOUN': 1}
urvāruka,1,1,{'NOUN': 1}
cetṛ,1,1,{'NOUN': 1}
pravrāja,1,1,{'NOUN': 1}
gopāvat,1,1,{'ADJ': 1}
varuṇadhrut,1,1,{'ADJ': 1}
tveṣin,1,1,{'ADJ': 1}
saṃvyac,1,1,{'VERB': 1}
paryāvivṛts,1,1,{'VERB': 1}
dūreartha,1,1,{'ADJ': 1}
duratyetu,1,1,{'ADJ': 1}
atipṛ,1,1,{'VERB': 1}
hiraṇyayā,1,1,{'NOUN': 1}
paribhūti,1,1,{'NOUN': 1}
chardiṣṭama,1,1,{'ADJ': 1}
pratihvara,1,1,{'NOUN': 1}
ātuji,1,1,{'ADJ': 1}
jāgaray,1,1,{'VERB': 1}
vivakvat,1,1,{'ADJ': 1}
pūrvagatvan,1,1,{'ADJ': 1}
madya,1,1,{'NOUN': 1}
sūryāvasu,1,1,{'ADJ': 1}
mahiṣvanta,1,1,{'ADJ': 1}
aśrama,1,1,{'ADJ': 1}
dhruvas,1,1,{'NOUN': 1}
kṛṣṇī,1,1,{'NOUN': 1}
aśvāmagha,1,1,{'ADJ': 1}
upāyā,1,1,{'VERB': 1}
makṣūyu,1,1,{'ADJ': 1}
abhipaś,1,1,{'VERB': 1}
carā,1,1,{'NOUN': 1}
antivāma,1,1,{'ADJ': 1}
tilvilāy,1,1,{'VERB': 1}
vivartay,1,1,{'VERB': 1}
pracit,1,1,{'VERB': 1}
prakhyā,1,1,{'VERB': 1}
apit,1,1,{'ADJ': 1}
puroyodha,1,1,{'ADJ': 1}
dhvasira,1,1,{'ADJ': 1}
vadhanā,1,1,{'NOUN': 1}
pariyat,1,1,{'VERB': 1}
setṛ,1,1,{'ADJ': 1}
devahūya,1,1,{'NOUN': 1}
didṛkṣu,1,1,{'ADJ': 1}
drugdha,1,1,{'NOUN': 1}
paśutṛp,1,1,{'ADJ': 1}
dhruti,1,1,{'NOUN': 1}
upāra,1,1,{'NOUN': 1}
prayotṛ,1,1,{'NOUN': 1}
kavitara,1,1,{'ADJ': 1}
smadiṣṭa,1,1,{'ADJ': 1}
sahasrāmagha,1,1,{'ADJ': 1}
yakṣin,1,1,{'ADJ': 1}
mṛd,1,1,{'NOUN': 1}
prasphur,1,1,{'VERB': 1}
vīrā,1,1,{'NOUN': 1}
prahuti,1,1,{'NOUN': 1}
pīvoanna,1,1,{'ADJ': 1}
rayivṛdh,1,1,{'ADJ': 1}
suti,1,1,{'NOUN': 1}
durvidvas,1,1,{'ADJ': 1}
ābhoga,1,1,{'NOUN': 1}
prabadbadh,1,1,{'VERB': 1}
putrīy,1,1,{'VERB': 1}
sarasvat,1,1,{'ADJ': 1}
kranda,1,1,{'NOUN': 1}
sahavah,1,1,{'ADJ': 1}
kariṣṭha,1,1,{'ADJ': 1}
vedīyas,1,1,{'ADJ': 1}
abhiyudh,1,1,{'VERB': 1}
paśavya,1,1,{'NOUN': 1}
sūyavasin,1,1,{'ADJ': 1}
daśasyā,1,1,{'ADV': 1}
vṛṣaśipra,1,1,{'NOUN': 1}
aprayuta,1,1,{'ADJ': 1}
śatarcas,1,1,{'ADJ': 1}
trivartu,1,1,{'ADJ': 1}
puruṣī,1,1,{'NOUN': 1}
cārin,1,1,{'ADJ': 1}
vatsin,1,1,{'ADJ': 1}
tṛṣyāvat,1,1,{'ADJ': 1}
akhkhalīkṛ,1,1,{'VERB': 1}
abhivṛṣ,1,1,{'VERB': 1}
śākta,1,1,{'NOUN': 1}
atirātra,1,1,{'NOUN': 1}
prāvṛṣīṇa,1,1,{'ADJ': 1}
gharmin,1,1,{'ADJ': 1}
hiti,1,1,{'NOUN': 1}
dvādaśa,1,1,{'ADJ': 1}
sahasrasāva,1,1,{'NOUN': 1}
tamovṛdh,1,1,{'ADJ': 1}
yas,1,1,{'VERB': 1}
agnivat,1,1,{'ADJ': 1}
anavāya,1,1,{'ADJ': 1}
manyumat,1,1,{'ADJ': 1}
parihi,1,1,{'VERB': 1}
tujay,1,1,{'VERB': 1}
dūṣay,1,1,{'VERB': 1}
steya,1,1,{'NOUN': 1}
vijñāna,1,1,{'NOUN': 1}
yatara,1,1,{'PRON': 1}
ṛjīyas,1,1,{'ADJ': 1}
mithuyā,1,1,{'ADV': 1}
nirṛtha,1,1,{'NOUN': 1}
khargalā,1,1,{'NOUN': 1}
upabda,1,1,{'NOUN': 1}
prāktāt,1,1,{'ADV': 1}
apāktāt,1,1,{'ADV': 1}
śvayātu,1,1,{'NOUN': 1}
piśuna,1,1,{'ADJ': 1}
havirmathi,1,1,{'ADJ': 1}
śuśulūka,1,1,{'NOUN': 1}
koka,1,1,{'NOUN': 1}
apavas,1,1,{'VERB': 1}
vigrīva,1,1,{'ADJ': 1}
avakrakṣin,1,1,{'ADJ': 1}
ajur,1,1,{'ADJ': 1}
vidveṣaṇa,1,1,{'ADJ': 1}
ubhayaṃkara,1,1,{'ADJ': 1}
daśagvin,1,1,{'ADJ': 1}
abhiśriṣ,1,1,{'NOUN': 1}
jatru,1,1,{'NOUN': 1}
ātṛd,1,1,{'VERB': 1}
saṃdhātṛ,1,1,{'ADJ': 1}
saṃdhi,1,1,{'NOUN': 1}
galda,1,1,{'NOUN': 1}
śevāra,1,1,{'NOUN': 1}
ariṣṭuta,1,1,{'ADJ': 1}
sphira,1,1,{'ADJ': 1}
śepyā,1,1,{'NOUN': 1}
ninditāśva,1,1,{'NOUN': 1}
asaṅga,1,1,{'NOUN': 1}
plāyogi,1,1,{'NOUN': 1}
āsaṅga,1,1,{'NOUN': 1}
naḍa,1,1,{'NOUN': 1}
avalamb,1,1,{'VERB': 1}
śaśvatī,1,1,{'NOUN': 1}
anābhayin,1,1,{'ADJ': 1}
tṛpra,1,1,{'ADJ': 1}
apaspṛ,1,1,{'VERB': 1}
hārda,1,1,{'NOUN': 1}
mṛgay,1,1,{'VERB': 1}
abhitsar,1,1,{'VERB': 1}
bhārman,1,1,{'NOUN': 1}
āśṛ,1,1,{'VERB': 1}
mandiṣṭha,1,1,{'ADJ': 1}
agu,1,1,{'ADJ': 1}
pīyatnu,1,1,{'ADJ': 1}
tadidartha,1,1,{'ADJ': 1}
naviṣṭi,1,1,{'NOUN': 1}
pramāda,1,1,{'NOUN': 1}
kaṇvamat,1,1,{'ADJ': 1}
vediṣṭha,1,1,{'ADJ': 1}
śravaskāma,1,1,{'ADJ': 1}
anukrand,1,1,{'VERB': 1}
atasi,1,1,{'NOUN': 1}
kaurayāṇa,1,1,{'NOUN': 1}
vibodhana,1,1,{'NOUN': 1}
nṛṣūta,1,1,{'ADJ': 1}
praśardha,1,1,{'ADJ': 1}
ruma,1,1,{'NOUN': 1}
āmuṣ,1,1,{'VERB': 1}
abhicakṣya,1,1,{'ADJ': 1}
surūpa,1,1,{'ADJ': 1}
ṛśya,1,1,{'NOUN': 1}
pipās,1,1,{'VERB': 1}
vāvāta,1,1,{'ADJ': 1}
kuruṅga,1,1,{'NOUN': 1}
nirmajā,1,1,{'NOUN': 1}
vitārin,1,1,{'ADJ': 1}
rathacarṣaṇa,1,1,{'NOUN': 1}
rabhi,1,1,{'NOUN': 1}
anugāyas,1,1,{'ADJ': 1}
kaśu,1,1,{'NOUN': 1}
cedi,1,1,{'NOUN': 1}
dhvan,1,1,{'VERB': 1}
pradīdī,1,1,{'VERB': 1}
prarāj,1,1,{'VERB': 1}
brahmaṇya,1,1,{'ADJ': 1}
vimahi,1,1,{'ADJ': 1}
tirindira,1,1,{'NOUN': 1}
rājin,1,1,{'ADJ': 1}
randhra,1,1,{'NOUN': 1}
nicakrayā,1,1,{'ADV': 1}
akṣṇayāvan,1,1,{'ADJ': 1}
dhīta,1,1,{'NOUN': 1}
ambara,1,1,{'NOUN': 1}
medhātithi,1,1,{'NOUN': 1}
parimṛś,1,1,{'VERB': 1}
vainya,1,1,{'NOUN': 1}
chardiṣpā,1,1,{'ADJ': 1}
arvāka,1,1,{'NOUN': 1}
āpā,1,1,{'VERB': 1}
saṃmikṣ,1,1,{'VERB': 1}
asūra,1,1,{'NOUN': 1}
tvāṃkāma,1,1,{'ADJ': 1}
abhipramand,1,1,{'VERB': 1}
atipraśardhay,1,1,{'VERB': 1}
pratadvasu,1,1,{'ADJ': 1}
pratiṣṭuti,1,1,{'NOUN': 1}
ajirāy,1,1,{'VERB': 1}
utsisṛps,1,1,{'VERB': 1}
ārurukṣ,1,1,{'VERB': 1}
asunva,1,1,{'ADJ': 1}
vṛṣatvana,1,1,{'NOUN': 1}
manmaśas,1,1,{'ADV': 1}
nṛṣāh,1,1,{'ADJ': 1}
harṣumat,1,1,{'ADJ': 1}
adhivāka,1,1,{'NOUN': 1}
varivaskṛt,1,1,{'ADJ': 1}
saṃsvad,1,1,{'VERB': 1}
saṃvṛ,1,1,{'VERB': 1}
vapā,1,1,{'NOUN': 1}
śācigu,1,1,{'ADJ': 1}
śācipūjana,1,1,{'ADJ': 1}
ākhaṇḍala,1,1,{'NOUN': 1}
śṛṅgavṛṣ,1,1,{'NOUN': 1}
praṇapāt,1,1,{'NOUN': 1}
kuṇḍapāyya,1,1,{'NOUN': 1}
bhettṛ,1,1,{'ADJ': 1}
pṛdākusānu,1,1,{'ADJ': 1}
sugevṛdh,1,1,{'ADJ': 1}
mīvā,1,1,{'NOUN': 1}
advayu,1,1,{'ADJ': 1}
hīḍas,1,1,{'NOUN': 1}
gūrdhay,1,1,{'VERB': 1}
vibhūta,1,1,{'ADJ': 1}
avodeva,1,1,{'ADJ': 1}
uparimartya,1,1,{'ADJ': 1}
amatīvan,1,1,{'ADJ': 1}
durhita,1,1,{'ADJ': 1}
vāśa,1,1,{'ADJ': 1}
siṣṇu,1,1,{'ADJ': 1}
upakṣit,1,1,{'ADJ': 1}
prayiyu,1,1,{'ADJ': 1}
vayiyu,1,1,{'ADJ': 1}
suvāstu,1,1,{'NOUN': 1}
tugvan,1,1,{'NOUN': 1}
diya,1,1,{'NOUN': 1}
prasthāvan,1,1,{'ADJ': 1}
namayiṣṇu,1,1,{'ADJ': 1}
sobharīyu,1,1,{'ADJ': 1}
uttarā,1,1,{'ADV': 1}
prayāvan,1,1,{'ADJ': 1}
bandhumat,1,1,{'ADJ': 1}
bhrātṛvya,1,1,{'NOUN': 1}
surāśū,1,1,{'ADJ': 1}
nadanu,1,1,{'NOUN': 1}
rājaka,1,1,{'NOUN': 1}
yaka,1,1,{'PRON': 1}
āyuṣa,1,1,{'NOUN': 1}
sacanāvat,1,1,{'ADJ': 1}
vidveṣas,1,1,{'ADJ': 1}
vijoṣas,1,1,{'ADJ': 1}
makṣuṃgama,1,1,{'ADJ': 1}
suṣṭhu,1,1,{'ADV': 1}
āyāna,1,1,{'NOUN': 1}
ābādha,1,1,{'NOUN': 1}
nigrah,1,1,{'VERB': 1}
upavid,1,1,{'NOUN': 1}
śuśukvani,1,1,{'ADJ': 1}
ukṣaṇyu,1,1,{'ADJ': 1}
supratur,1,1,{'ADJ': 1}
vīratara,1,1,{'ADJ': 1}
evathā,1,1,{'ADV': 1}
madintara,1,1,{'ADJ': 1}
vāvṛdhenya,1,1,{'ADJ': 1}
agorudha,1,1,{'ADJ': 1}
dasmya,1,1,{'ADJ': 1}
anūrmi,1,1,{'ADJ': 1}
caraṇi,1,1,{'ADJ': 1}
nārya,1,1,{'NOUN': 1}
kuhayā,1,1,{'ADV': 1}
kuhayākṛti,1,1,{'ADJ': 1}
nabhasvat,1,1,{'ADJ': 1}
gopayatya,1,1,{'ADJ': 1}
ukṣaṇyāyana,1,1,{'NOUN': 1}
rajata,1,1,{'ADJ': 1}
harayāṇa,1,1,{'NOUN': 1}
sadhastutya,1,1,{'NOUN': 1}
sacanastama,1,1,{'ADJ': 1}
ukṣaṇy,1,1,{'VERB': 1}
kūḍay,1,1,{'VERB': 1}
yuvādatta,1,1,{'ADJ': 1}
yuvānīta,1,1,{'ADJ': 1}
adhivastra,1,1,{'ADJ': 1}
viṣu,1,1,{'ADV': 1}
rathāsah,1,1,{'ADJ': 1}
ṛtaspati,1,1,{'NOUN': 1}
pakṣas,1,1,{'NOUN': 1}
mākīna,1,1,{'ADJ': 1}
bhakti,1,1,{'NOUN': 1}
patayiṣṇu,1,1,{'ADJ': 1}
nyañcana,1,1,{'NOUN': 1}
saraṇa,1,1,{'NOUN': 1}
ātuc,1,1,{'NOUN': 1}
triṃśati,1,1,{'NOUN': 1}
apācī,1,1,{'NOUN': 1}
pravāsa,1,1,{'NOUN': 1}
satomahat,1,1,{'ADJ': 1}
puroḍāśa,1,1,{'NOUN': 1}
prāśavya,1,1,{'NOUN': 1}
jugukṣ,1,1,{'VERB': 1}
kumārin,1,1,{'ADJ': 1}
kṛtadvasu,1,1,{'ADJ': 1}
sṛbinda,1,1,{'NOUN': 1}
anarśani,1,1,{'NOUN': 1}
tūrṇāśa,1,1,{'NOUN': 1}
bṛbaduktha,1,1,{'NOUN': 1}
dānavat,1,1,{'ADJ': 1}
antarābhara,1,1,{'ADJ': 1}
āyantṛ,1,1,{'NOUN': 1}
niyantṛ,1,1,{'NOUN': 1}
prāśu,1,1,{'ADJ': 1}
apratā,1,1,{'ADV': 1}
āhū,1,1,{'NOUN': 1}
manyuṣāvin,1,1,{'ADJ': 1}
upāraṇa,1,1,{'NOUN': 1}
svabdin,1,1,{'ADJ': 1}
suṣavya,1,1,{'ADJ': 1}
nistṛ,1,1,{'VERB': 1}
śāstra,1,1,{'NOUN': 1}
saṃtarā,1,1,{'NOUN': 1}
pādaka,1,1,{'NOUN': 1}
kaśaplaka,1,1,{'NOUN': 1}
sahasraśas,1,1,{'ADV': 1}
vasurocis,1,1,{'NOUN': 1}
kanyanā,1,1,{'NOUN': 1}
adhvaga,1,1,{'NOUN': 1}
mitrāvaruṇavat,1,1,{'ADJ': 1}
dharmavat,1,1,{'ADJ': 1}
viṣṇuvat,1,1,{'ADJ': 1}
namovāka,1,1,{'NOUN': 1}
sasthāvan,1,1,{'ADJ': 1}
tośas,1,1,{'ADJ': 1}
sarasvatīvat,1,1,{'ADJ': 1}
kṛpaṇy,1,1,{'VERB': 1}
saṃvasu,1,1,{'NOUN': 1}
kadācid,1,1,{'ADV': 1}
kavitvana,1,1,{'NOUN': 1}
yajas,1,1,{'NOUN': 1}
vratati,1,1,{'NOUN': 1}
guṣpita,1,1,{'NOUN': 1}
uhāna,1,1,{'NOUN': 1}
hinva,1,1,{'NOUN': 1}
aṇḍa,1,1,{'NOUN': 1}
nābhāka,1,1,{'ADJ': 1}
upodaya,1,1,{'NOUN': 1}
saptya,1,1,{'NOUN': 1}
saṃyuj,1,1,{'NOUN': 1}
adhinirṇij,1,1,{'ADJ': 1}
tarman,1,1,{'NOUN': 1}
āroka,1,1,{'NOUN': 1}
patsutas,1,1,{'ADV': 1}
jañjaṇābhavat,1,1,{'ADJ': 1}
sadhis,1,1,{'NOUN': 1}
admasadya,1,1,{'NOUN': 1}
apsujā,1,1,{'ADJ': 1}
upadas,1,1,{'VERB': 1}
kakud,1,1,{'NOUN': 1}
vratatama,1,1,{'ADJ': 1}
vimah,1,1,{'VERB': 1}
ādārin,1,1,{'ADJ': 1}
revā,1,1,{'NOUN': 1}
puṣṭāvat,1,1,{'ADJ': 1}
rambha,1,1,{'NOUN': 1}
upahasvan,1,1,{'ADJ': 1}
kadru,1,1,{'NOUN': 1}
śami,1,1,{'NOUN': 1}
trada,1,1,{'NOUN': 1}
yonya,1,1,{'ADJ': 1}
abhiprabhaṅgin,1,1,{'ADJ': 1}
āvṛtvat,1,1,{'ADJ': 1}
amithita,1,1,{'ADJ': 1}
parābhṛ,1,1,{'VERB': 1}
rathayā,1,1,{'NOUN': 1}
mahiṣvaṇi,1,1,{'ADJ': 1}
prabhaṅga,1,1,{'NOUN': 1}
āsana,1,1,{'NOUN': 1}
śyāvī,1,1,{'NOUN': 1}
ṛdhadrī,1,1,{'ADJ': 1}
araṭva,1,1,{'NOUN': 1}
ucathya,1,1,{'ADJ': 1}
raja,1,1,{'NOUN': 1}
cāratha,1,1,{'ADJ': 1}
śvitna,1,1,{'ADJ': 1}
balbūtha,1,1,{'NOUN': 1}
tarukṣa,1,1,{'NOUN': 1}
adhirukma,1,1,{'ADJ': 1}
apākṛti,1,1,{'NOUN': 1}
parihvṛt,1,1,{'NOUN': 1}
yuṣmādatta,1,1,{'ADJ': 1}
adabhra,1,1,{'ADJ': 1}
kūla,1,1,{'NOUN': 1}
kalā,1,1,{'NOUN': 1}
śrauṣṭī,1,1,{'NOUN': 1}
uruṣyu,1,1,{'ADJ': 1}
dīp,1,1,{'VERB': 1}
vratya,1,1,{'ADJ': 1}
tamiṣīci,1,1,{'ADJ': 1}
nidrā,1,1,{'NOUN': 1}
akṣitāvasu,1,1,{'NOUN': 1}
samiṣ,1,1,{'NOUN': 1}
svadāvan,1,1,{'ADJ': 1}
dīrghanītha,1,1,{'NOUN': 1}
sāṃvaraṇi,1,1,{'NOUN': 1}
nīpātithi,1,1,{'NOUN': 1}
puṣṭigu,1,1,{'NOUN': 1}
śruṣṭigu,1,1,{'NOUN': 1}
pārṣadvāṇa,1,1,{'NOUN': 1}
uddhā,1,1,{'VERB': 1}
pṛṣadhra,1,1,{'NOUN': 1}
daśaśipra,1,1,{'NOUN': 1}
daśoṇya,1,1,{'NOUN': 1}
ṛjūnas,1,1,{'NOUN': 1}
pūrbhittama,1,1,{'ADJ': 1}
śīṣṭa,1,1,{'NOUN': 1}
saṃvarta,1,1,{'NOUN': 1}
maghavattama,1,1,{'ADJ': 1}
tośay,1,1,{'VERB': 1}
veṇu,1,1,{'NOUN': 1}
mlā,1,1,{'VERB': 1}
balbaja,1,1,{'NOUN': 1}
kāṇvāyana,1,1,{'NOUN': 1}
caṅkram,1,1,{'VERB': 1}
atidhvaṃs,1,1,{'VERB': 1}
pautakrata,1,1,{'NOUN': 1}
ūrṇāvatī,1,1,{'NOUN': 1}
pūtakratā,1,1,{'NOUN': 1}
yūthyā,1,1,{'NOUN': 1}
cikitu,1,1,{'ADJ': 1}
anuvac,1,1,{'VERB': 1}
jyotiṣmant,1,1,{'NOUN': 1}
suṣad,1,1,{'ADJ': 1}
adhijan,1,1,{'VERB': 1}
saumya,1,1,{'ADJ': 1}
yakṣya,1,1,{'ADJ': 1}
śatrūṣah,1,1,{'ADJ': 1}
saṃjūrv,1,1,{'VERB': 1}
cikitvan,1,1,{'ADJ': 1}
iṣaṇyā,1,1,{'NOUN': 1}
pravas,1,1,{'VERB': 1}
duroṇayu,1,1,{'ADJ': 1}
āghṛṇīvasu,1,1,{'ADJ': 1}
parogavyūti,1,1,{'ADJ': 1}
dadhṛṣvaṇi,1,1,{'ADJ': 1}
aprāmi,1,1,{'ADJ': 1}
parimṛdh,1,1,{'VERB': 1}
ceru,1,1,{'ADJ': 1}
prācāmanyu,1,1,{'ADJ': 1}
ahaṃsana,1,1,{'ADJ': 1}
arāya,1,1,{'ADJ': 1}
jaḍhu,1,1,{'ADJ': 1}
ṛṇakāti,1,1,{'NOUN': 1}
rādhaspati,1,1,{'NOUN': 1}
uttarāt,1,1,{'ADV': 1}
prabhaṅgin,1,1,{'ADJ': 1}
ayuja,1,1,{'ADJ': 1}
bhūrigu,1,1,{'ADJ': 1}
vakṣaṇi,1,1,{'ADJ': 1}
sajoṣa,1,1,{'ADJ': 1}
ārjīkīya,1,1,{'NOUN': 1}
hiraṇyavī,1,1,{'ADJ': 1}
mṛkṣa,1,1,{'NOUN': 1}
kīja,1,1,{'NOUN': 1}
apāvṛti,1,1,{'NOUN': 1}
deṣṭha,1,1,{'ADJ': 1}
urāmathi,1,1,{'ADJ': 1}
bekanāṭa,1,1,{'NOUN': 1}
ahardṛś,1,1,{'ADJ': 1}
tuvikūrmin,1,1,{'ADJ': 1}
prasṛ,1,1,{'VERB': 1}
pratī,1,1,{'VERB': 1}
atiṣkand,1,1,{'VERB': 1}
jmāyat,1,1,{'ADJ': 1}
paromātra,1,1,{'ADJ': 1}
purumāyya,1,1,{'NOUN': 1}
harṣyā,1,1,{'ADV': 1}
pūtakratu,1,1,{'NOUN': 1}
saṃnū,1,1,{'VERB': 1}
putraka,1,1,{'NOUN': 1}
gargara,1,1,{'NOUN': 1}
saniṣvan,1,1,{'VERB': 1}
piṅgā,1,1,{'NOUN': 1}
anukṣar,1,1,{'VERB': 1}
suṣira,1,1,{'ADJ': 1}
phāṇay,1,1,{'VERB': 1}
takva,1,1,{'ADJ': 1}
āvartay,1,1,{'VERB': 1}
puruhanman,1,1,{'NOUN': 1}
urujri,1,1,{'ADJ': 1}
mahāyya,1,1,{'ADJ': 1}
ṛtayu,1,1,{'ADJ': 1}
tvānid,1,1,{'ADJ': 1}
ittham,1,1,{'ADV': 1}
śauradevya,1,1,{'NOUN': 1}
ajā,1,1,{'NOUN': 1}
kṣaitra,1,1,{'NOUN': 1}
sudīti,1,1,{'NOUN': 1}
nidātṛ,1,1,{'NOUN': 1}
uccācakra,1,1,{'ADJ': 1}
abhyāram,1,1,{'ADV': 1}
rapsudā,1,1,{'NOUN': 1}
saptapadī,1,1,{'NOUN': 1}
nidhānya,1,1,{'ADJ': 1}
viyā,1,1,{'VERB': 1}
paraśumat,1,1,{'ADJ': 1}
gopavana,1,1,{'NOUN': 1}
stukāvin,1,1,{'ADJ': 1}
mahenadī,1,1,{'NOUN': 1}
dātara,1,1,{'ADJ': 1}
prasnā,1,1,{'VERB': 1}
paridveṣas,1,1,{'NOUN': 1}
saṃviṣ,1,1,{'VERB': 1}
adurmakha,1,1,{'ADJ': 1}
ojasvat,1,1,{'ADJ': 1}
krakṣamāṇa,1,1,{'ADJ': 1}
kāṇuka,1,1,{'ADJ': 1}
ṛbhuṣṭhira,1,1,{'ADJ': 1}
emuṣa,1,1,{'NOUN': 1}
tuvikṣa,1,1,{'ADJ': 1}
sūmaya,1,1,{'ADJ': 1}
ṛdūpā,1,1,{'ADJ': 1}
ṛdūvṛdh,1,1,{'ADJ': 1}
vyañjana,1,1,{'NOUN': 1}
śobhana,1,1,{'NOUN': 1}
vṛdhīka,1,1,{'ADJ': 1}
nikṛ,1,1,{'VERB': 1}
pariśak,1,1,{'VERB': 1}
parihvṛ,1,1,{'VERB': 1}
yavayu,1,1,{'ADJ': 1}
bhīṣay,1,1,{'VERB': 1}
baḍā,1,1,{'ADV': 1}
apāvṛj,1,1,{'VERB': 1}
ekadyū,1,1,{'NOUN': 1}
tuvimātra,1,1,{'ADJ': 1}
dāśūṣṭara,1,1,{'ADJ': 1}
edhatu,1,1,{'NOUN': 1}
śamāy,1,1,{'VERB': 1}
yoddhṛ,1,1,{'NOUN': 1}
apadham,1,1,{'VERB': 1}
haskṛti,1,1,{'NOUN': 1}
anatidbhuta,1,1,{'ADJ': 1}
kṛtti,1,1,{'NOUN': 1}
vīraka,1,1,{'NOUN': 1}
śanakais,1,1,{'ADV': 1}
apālā,1,1,{'NOUN': 1}
prahoṣin,1,1,{'ADJ': 1}
godari,1,1,{'ADJ': 1}
martyatvana,1,1,{'NOUN': 1}
kāti,1,1,{'ADJ': 1}
saniṣṭha,1,1,{'ADJ': 1}
śrutakakṣa,1,1,{'NOUN': 1}
parākāttāt,1,1,{'ADV': 1}
tandrayu,1,1,{'ADJ': 1}
anunonāv,1,1,{'VERB': 1}
śrutāmagha,1,1,{'ADJ': 1}
udgā,1,1,{'VERB': 1}
ślokin,1,1,{'ADJ': 1}
nivara,1,1,{'NOUN': 1}
puruṇāman,1,1,{'ADJ': 1}
nicumpuṇa,1,1,{'NOUN': 1}
avabhṛtha,1,1,{'NOUN': 1}
jāvat,1,1,{'ADJ': 1}
tiraścī,1,1,{'NOUN': 1}
āśīrvat,1,1,{'ADJ': 1}
śvasatha,1,1,{'NOUN': 1}
juṣṭatara,1,1,{'ADJ': 1}
ruvaṇy,1,1,{'VERB': 1}
snehiti,1,1,{'NOUN': 1}
vibhumat,1,1,{'ADJ': 1}
anuṣvāpam,1,1,{'ADV': 1}
dyugat,1,1,{'ADV': 1}
abhibhūtara,1,1,{'ADJ': 1}
āmuri,1,1,{'NOUN': 1}
pṛtanāṣah,1,1,{'ADJ': 1}
anarśarāti,1,1,{'ADJ': 1}
viśvatur,1,1,{'ADJ': 1}
taruṣy,1,1,{'VERB': 1}
prahetṛ,1,1,{'NOUN': 1}
sahaskṛt,1,1,{'ADJ': 1}
vasūjū,1,1,{'ADJ': 1}
ādardira,1,1,{'ADJ': 1}
śarabha,1,1,{'NOUN': 1}
vicetana,1,1,{'ADJ': 1}
maderaghu,1,1,{'ADJ': 1}
saṃvāda,1,1,{'NOUN': 1}
ṛtāvasu,1,1,{'NOUN': 1}
chandya,1,1,{'ADJ': 1}
atyāya,1,1,{'NOUN': 1}
vibhānu,1,1,{'ADJ': 1}
codiṣṭha,1,1,{'ADJ': 1}
aurva,1,1,{'NOUN': 1}
upajihvikā,1,1,{'NOUN': 1}
atisṛp,1,1,{'VERB': 1}
daivodāsa,1,1,{'ADJ': 1}
ninīṣ,1,1,{'VERB': 1}
āsāva,1,1,{'NOUN': 1}
parisru,1,1,{'VERB': 1}
bākura,1,1,{'NOUN': 1}
vagvanu,1,1,{'NOUN': 1}
rāraj,1,1,{'VERB': 1}
svāhākṛti,1,1,{'NOUN': 1}
vāvahi,1,1,{'ADJ': 1}
kalpa,1,1,{'NOUN': 1}
vīravant,1,1,{'NOUN': 1}
manaścit,1,1,{'ADJ': 1}
prasyand,1,1,{'VERB': 1}
vasāy,1,1,{'VERB': 1}
śriti,1,1,{'NOUN': 1}
śubhrāvat,1,1,{'ADJ': 1}
śāda,1,1,{'NOUN': 1}
prakṛ,1,1,{'VERB': 1}
goṣā,1,1,{'ADJ': 1}
anapta,1,1,{'ADJ': 1}
apasthā,1,1,{'VERB': 1}
krīḍu,1,1,{'ADJ': 1}
maṃhayu,1,1,{'ADJ': 1}
pravṛ,1,1,{'VERB': 1}
vipre,1,1,{'VERB': 1}
uttamāyya,1,1,{'ADJ': 1}
paridhāv,1,1,{'VERB': 1}
girāvṛdh,1,1,{'ADJ': 1}
śubhāy,1,1,{'VERB': 1}
abhiprī,1,1,{'ADJ': 1}
brahmī,1,1,{'NOUN': 1}
samudramīṅkhaya,1,1,{'ADJ': 1}
yoṣit,1,1,{'NOUN': 1}
virocay,1,1,{'VERB': 1}
durāvya,1,1,{'ADJ': 1}
śarmay,1,1,{'VERB': 1}
tūrvi,1,1,{'ADJ': 1}
sṛt,1,1,{'ADJ': 1}
nāva,1,1,{'NOUN': 1}
pitryāvat,1,1,{'ADJ': 1}
suhastī,1,1,{'ADJ': 1}
siṣāsatu,1,1,{'ADJ': 1}
rurukṣaṇi,1,1,{'ADJ': 1}
ayakṣman,1,1,{'ADJ': 1}
apajaṅghan,1,1,{'VERB': 1}
vadhasnu,1,1,{'ADJ': 1}
parispṛdh,1,1,{'NOUN': 1}
nijaghni,1,1,{'ADJ': 1}
saṅga,1,1,{'NOUN': 1}
dūḍhya,1,1,{'ADJ': 1}
stava,1,1,{'NOUN': 1}
abhyund,1,1,{'VERB': 1}
abhikṣar,1,1,{'VERB': 1}
bhaṅga,1,1,{'ADJ': 1}
hṛdaṃsani,1,1,{'ADJ': 1}
aducchuna,1,1,{'ADJ': 1}
jaghni,1,1,{'ADJ': 1}
vīrayā,1,1,{'NOUN': 1}
parikṣar,1,1,{'VERB': 1}
ruci,1,1,{'NOUN': 1}
majj,1,1,{'VERB': 1}
avicetas,1,1,{'ADJ': 1}
vipānā,1,1,{'NOUN': 1}
bhagatti,1,1,{'NOUN': 1}
juvas,1,1,{'NOUN': 1}
vayoju,1,1,{'ADJ': 1}
sucetuna,1,1,{'ADJ': 1}
śūratara,1,1,{'ADJ': 1}
maṃhīyas,1,1,{'ADJ': 1}
śubhraśastama,1,1,{'ADJ': 1}
dhārayu,1,1,{'ADJ': 1}
alāyya,1,1,{'NOUN': 1}
ākhu,1,1,{'NOUN': 1}
vacanāvat,1,1,{'ADJ': 1}
upāruh,1,1,{'NOUN': 1}
svād,1,1,{'VERB': 1}
paripre,1,1,{'VERB': 1}
mandrājanī,1,1,{'NOUN': 1}
upastaraṇa,1,1,{'NOUN': 1}
nabhasmaya,1,1,{'ADJ': 1}
drāvayitnu,1,1,{'ADJ': 1}
niveśa,1,1,{'NOUN': 1}
taviṣyā,1,1,{'NOUN': 1}
upaprut,1,1,{'ADJ': 1}
nenij,1,1,{'VERB': 1}
parīman,1,1,{'NOUN': 1}
hutād,1,1,{'ADJ': 1}
jri,1,1,{'VERB': 1}
matutha,1,1,{'NOUN': 1}
sahasraṇīti,1,1,{'ADJ': 1}
āduh,1,1,{'VERB': 1}
vinaṅgṛsa,1,1,{'NOUN': 1}
dvayī,1,1,{'NOUN': 1}
puraṃdhivat,1,1,{'ADJ': 1}
akṣit,1,1,{'ADJ': 1}
ādhū,1,1,{'VERB': 1}
ślokayantra,1,1,{'ADJ': 1}
aprabhu,1,1,{'ADJ': 1}
nābh,1,1,{'NOUN': 1}
ṛṣiṣah,1,1,{'ADJ': 1}
asira,1,1,{'NOUN': 1}
īkṣeṇya,1,1,{'ADJ': 1}
ahī,1,1,{'ADJ': 1}
urubja,1,1,{'ADJ': 1}
huruk,1,1,{'ADV': 1}
vṛṣayu,1,1,{'ADJ': 1}
acodas,1,1,{'ADJ': 1}
unmad,1,1,{'VERB': 1}
nṛśaṃsa,1,1,{'NOUN': 1}
vedhasyā,1,1,{'NOUN': 1}
kṛttama,1,1,{'ADJ': 1}
saṃcṛt,1,1,{'NOUN': 1}
draviṇasvat,1,1,{'ADJ': 1}
bhandanāy,1,1,{'VERB': 1}
suhavītunāman,1,1,{'ADJ': 1}
upapat,1,1,{'VERB': 1}
praruc,1,1,{'VERB': 1}
sthāvira,1,1,{'ADJ': 1}
ṛṣiṣāṇa,1,1,{'ADJ': 1}
matavat,1,1,{'ADJ': 1}
vyaś,1,1,{'VERB': 1}
mandrayu,1,1,{'ADJ': 1}
saṃvasana,1,1,{'NOUN': 1}
pavyaya,1,1,{'NOUN': 1}
vanana,1,1,{'NOUN': 1}
ahardivi,1,1,{'ADV': 1}
ucchvāsa,1,1,{'NOUN': 1}
pāva,1,1,{'ADJ': 1}
agrega,1,1,{'ADJ': 1}
upaṣṭut,1,1,{'ADJ': 1}
bhūriṣāh,1,1,{'ADJ': 1}
anabhiśasta,1,1,{'ADJ': 1}
upariṣṭāt,1,1,{'ADV': 1}
upanāya,1,1,{'NOUN': 1}
duḥṣaha,1,1,{'ADJ': 1}
rantṛ,1,1,{'ADJ': 1}
saṃnas,1,1,{'VERB': 1}
rathirāy,1,1,{'VERB': 1}
ahati,1,1,{'NOUN': 1}
pravip,1,1,{'VERB': 1}
vibhṛtvan,1,1,{'ADJ': 1}
vindu,1,1,{'ADJ': 1}
sāmanya,1,1,{'ADJ': 1}
abhigā,1,1,{'VERB': 1}
samanya,1,1,{'ADJ': 1}
kṣaita,1,1,{'NOUN': 1}
vṛṣagaṇa,1,1,{'NOUN': 1}
gonyoghas,1,1,{'ADJ': 1}
abhikanikrad,1,1,{'VERB': 1}
pracetay,1,1,{'VERB': 1}
rasāyya,1,1,{'ADJ': 1}
udagrābha,1,1,{'NOUN': 1}
dānuda,1,1,{'ADJ': 1}
pinva,1,1,{'ADJ': 1}
vṛjanya,1,1,{'NOUN': 1}
āyajyu,1,1,{'ADJ': 1}
diviyaj,1,1,{'ADJ': 1}
suṣṭhāna,1,1,{'ADJ': 1}
sanitra,1,1,{'NOUN': 1}
matsaravat,1,1,{'ADJ': 1}
priyasa,1,1,{'ADJ': 1}
vardhitṛ,1,1,{'ADJ': 1}
vanya,1,1,{'ADJ': 1}
tavasvat,1,1,{'ADJ': 1}
ārṣeya,1,1,{'NOUN': 1}
taku,1,1,{'ADJ': 1}
naiguta,1,1,{'NOUN': 1}
snehay,1,1,{'VERB': 1}
kṣipā,1,1,{'NOUN': 1}
nediṣṭhatama,1,1,{'ADJ': 1}
prasnāpay,1,1,{'VERB': 1}
ūrmin,1,1,{'ADJ': 1}
sadanāsad,1,1,{'ADJ': 1}
apapruth,1,1,{'VERB': 1}
puroruc,1,1,{'ADJ': 1}
vājagandhya,1,1,{'ADJ': 1}
purojiti,1,1,{'NOUN': 1}
mādayitnu,1,1,{'ADJ': 1}
dīrghajihvya,1,1,{'ADJ': 1}
pariprasyand,1,1,{'VERB': 1}
pāṣi,1,1,{'NOUN': 1}
pariṇī,1,1,{'VERB': 1}
abhyṛṣ,1,1,{'VERB': 1}
surabhintara,1,1,{'ADJ': 1}
mandana,1,1,{'NOUN': 1}
dyukṣatama,1,1,{'ADJ': 1}
ghoṣay,1,1,{'VERB': 1}
vanakrakṣa,1,1,{'ADJ': 1}
payovṛdh,1,1,{'ADJ': 1}
vivṛdh,1,1,{'VERB': 1}
pratap,1,1,{'VERB': 1}
ānetṛ,1,1,{'ADJ': 1}
vidhāra,1,1,{'NOUN': 1}
sara,1,1,{'ADJ': 1}
saniṣyad,1,1,{'VERB': 1}
gāha,1,1,{'NOUN': 1}
nānānam,1,1,{'ADV': 1}
takṣan,1,1,{'NOUN': 1}
kārmāra,1,1,{'NOUN': 1}
upala,1,1,{'NOUN': 1}
prakṣin,1,1,{'ADJ': 1}
nanā,1,1,{'NOUN': 1}
hasanā,1,1,{'NOUN': 1}
upamantrin,1,1,{'NOUN': 1}
romaṇvat,1,1,{'ADJ': 1}
saṃsrava,1,1,{'NOUN': 1}
chandasya,1,1,{'ADJ': 1}
avarodhana,1,1,{'NOUN': 1}
trināka,1,1,{'NOUN': 1}
tridiva,1,1,{'NOUN': 1}
moda,1,1,{'NOUN': 1}
suprajas,1,1,{'ADJ': 1}
kaśyapa,1,1,{'NOUN': 1}
udvardhay,1,1,{'VERB': 1}
annāvṛdh,1,1,{'ADJ': 1}
peśana,1,1,{'ADJ': 1}
aviduṣṭara,1,1,{'ADJ': 1}
pitṛyāṇa,1,1,{'ADJ': 1}
suṣumat,1,1,{'ADJ': 1}
apāj,1,1,{'VERB': 1}
svanay,1,1,{'VERB': 1}
iyakṣu,1,1,{'ADJ': 1}
uṣṇa,1,1,{'ADJ': 1}
sacanasy,1,1,{'VERB': 1}
dhanu,1,1,{'NOUN': 1}
ṛtāyin,1,1,{'ADJ': 1}
aṃhura,1,1,{'ADJ': 1}
prayoga,1,1,{'NOUN': 1}
kakudmat,1,1,{'ADJ': 1}
sacasy,1,1,{'VERB': 1}
bhājay,1,1,{'VERB': 1}
vīci,1,1,{'NOUN': 1}
sahaśeyya,1,1,{'NOUN': 1}
barbṛh,1,1,{'VERB': 1}
anātha,1,1,{'ADJ': 1}
mūta,1,1,{'ADJ': 1}
gandharvī,1,1,{'NOUN': 1}
nāda,1,1,{'NOUN': 1}
hṛttas,1,1,{'ADV': 1}
svāvṛj,1,1,{'ADJ': 1}
vardha,1,1,{'NOUN': 1}
durmantu,1,1,{'ADJ': 1}
svāsastha,1,1,{'ADJ': 1}
praric,1,1,{'VERB': 1}
mātalī,1,1,{'NOUN': 1}
prastara,1,1,{'NOUN': 1}
vairūpa,1,1,{'NOUN': 1}
iṣṭāpūrta,1,1,{'NOUN': 1}
suvarcas,1,1,{'ADJ': 1}
avasāna,1,1,{'NOUN': 1}
śabala,1,1,{'ADJ': 1}
urūṇasa,1,1,{'ADJ': 1}
udumbala,1,1,{'ADJ': 1}
pūrvaja,1,1,{'NOUN': 1}
vṛjanā,1,1,{'NOUN': 1}
upahvā,1,1,{'VERB': 1}
barhiṣya,1,1,{'ADJ': 1}
āñc,1,1,{'VERB': 1}
jānu,1,1,{'NOUN': 1}
anuvah,1,1,{'VERB': 1}
haviṣpā,1,1,{'ADJ': 1}
vanda,1,1,{'ADJ': 1}
agniṣvātta,1,1,{'NOUN': 1}
vaśanī,1,1,{'ADJ': 1}
ātud,1,1,{'VERB': 1}
pipīla,1,1,{'NOUN': 1}
sarpa,1,1,{'NOUN': 1}
śvāpada,1,1,{'NOUN': 1}
vidah,1,1,{'VERB': 1}
paryaṅkhay,1,1,{'VERB': 1}
vāpay,1,1,{'VERB': 1}
kiyāmbu,1,1,{'NOUN': 1}
pākadūrvā,1,1,{'NOUN': 1}
vyalkaśā,1,1,{'NOUN': 1}
śītaka,1,1,{'ADJ': 1}
śītikāvat,1,1,{'ADJ': 1}
hlādaka,1,1,{'ADJ': 1}
hlādikāvat,1,1,{'ADJ': 1}
maṇḍūkī,1,1,{'NOUN': 1}
parivah,1,1,{'VERB': 1}
savarṇa,1,1,{'ADJ': 1}
saraṇyū,1,1,{'NOUN': 1}
suvidatriya,1,1,{'ADJ': 1}
abhayatama,1,1,{'ADJ': 1}
argha,1,1,{'NOUN': 1}
śundhay,1,1,{'VERB': 1}
pu,1,1,{'ADJ': 1}
cakṣuṣmat,1,1,{'ADJ': 1}
hasa,1,1,{'NOUN': 1}
gatāsu,1,1,{'ADJ': 1}
upavañcana,1,1,{'ADJ': 1}
mit,1,1,{'NOUN': 1}
punarvasu,1,1,{'NOUN': 1}
saṃjñāna,1,1,{'NOUN': 1}
āvartana,1,1,{'NOUN': 1}
nivarta,1,1,{'ADJ': 1}
bhāsā,1,1,{'NOUN': 1}
svavṛkti,1,1,{'NOUN': 1}
kadartha,1,1,{'ADJ': 1}
akarman,1,1,{'ADJ': 1}
kārpāṇa,1,1,{'NOUN': 1}
akudhryañc,1,1,{'ADJ': 1}
upaspṛś,1,1,{'NOUN': 1}
ūrdhvathā,1,1,{'ADV': 1}
kṣṇu,1,1,{'VERB': 1}
niyudratha,1,1,{'ADJ': 1}
psuras,1,1,{'NOUN': 1}
adhīṣ,1,1,{'VERB': 1}
vāya,1,1,{'ADJ': 1}
sanojā,1,1,{'ADJ': 1}
abhivega,1,1,{'NOUN': 1}
āśīrdā,1,1,{'ADJ': 1}
vṛjināy,1,1,{'VERB': 1}
pañcadaśa,1,1,{'ADJ': 1}
kṛdhukarṇa,1,1,{'ADJ': 1}
śṛtapā,1,1,{'ADJ': 1}
bāhukṣad,1,1,{'ADJ': 1}
pavasta,1,1,{'NOUN': 1}
yavād,1,1,{'ADJ': 1}
urvajra,1,1,{'NOUN': 1}
avasātṛ,1,1,{'NOUN': 1}
ayukta,1,1,{'ADJ': 1}
meni,1,1,{'NOUN': 1}
pattas,1,1,{'ADV': 1}
acchāya,1,1,{'ADJ': 1}
sthivimat,1,1,{'ADJ': 1}
kapila,1,1,{'NOUN': 1}
dhita,1,1,{'ADJ': 1}
tuṣay,1,1,{'VERB': 1}
pīvan,1,1,{'ADJ': 1}
krośana,1,1,{'ADJ': 1}
pramara,1,1,{'NOUN': 1}
marka,1,1,{'NOUN': 1}
vivṛt,1,1,{'VERB': 1}
bṛbūka,1,1,{'NOUN': 1}
busa,1,1,{'NOUN': 1}
pādu,1,1,{'NOUN': 1}
lopāśa,1,1,{'NOUN': 1}
kroṣṭṛ,1,1,{'NOUN': 1}
kṣemya,1,1,{'ADJ': 1}
kṛpīṭa,1,1,{'NOUN': 1}
śaśa,1,1,{'NOUN': 1}
ṛhat,1,1,{'ADJ': 1}
avarudh,1,1,{'VERB': 1}
tarṣyāvat,1,1,{'ADJ': 1}
pratipī,1,1,{'VERB': 1}
suśamī,1,1,{'ADV': 1}
rantya,1,1,{'ADJ': 1}
janidhā,1,1,{'NOUN': 1}
pratiśikṣ,1,1,{'VERB': 1}
auśāna,1,1,{'ADJ': 1}
niyava,1,1,{'NOUN': 1}
savṛdh,1,1,{'ADJ': 1}
suśaka,1,1,{'ADJ': 1}
bharaṇa,1,1,{'NOUN': 1}
stega,1,1,{'NOUN': 1}
vagvana,1,1,{'ADJ': 1}
anuśāsana,1,1,{'NOUN': 1}
añjasīna,1,1,{'ADJ': 1}
antareṇa,1,1,{'ADV': 1}
duḥśāsus,1,1,{'NOUN': 1}
nagnatā,1,1,{'NOUN': 1}
mūṣa,1,1,{'NOUN': 1}
upamaśravas,1,1,{'NOUN': 1}
mitrātithi,1,1,{'NOUN': 1}
prāvepa,1,1,{'NOUN': 1}
pravātejā,1,1,{'ADJ': 1}
maujavata,1,1,{'ADJ': 1}
hetu,1,1,{'NOUN': 1}
vasnya,1,1,{'ADJ': 1}
jāriṇī,1,1,{'NOUN': 1}
pratidīvan,1,1,{'NOUN': 1}
aṅkuśin,1,1,{'ADJ': 1}
nitodin,1,1,{'ADJ': 1}
nikṛtvan,1,1,{'ADJ': 1}
tāpayiṣṇu,1,1,{'ADJ': 1}
punarhan,1,1,{'ADJ': 1}
tripañcāśa,1,1,{'ADJ': 1}
hastavat,1,1,{'ADJ': 1}
aṅgāra,1,1,{'NOUN': 1}
śīta,1,1,{'ADJ': 1}
pūrvāhṇa,1,1,{'NOUN': 1}
vṛṣala,1,1,{'NOUN': 1}
kṛṣi,1,1,{'NOUN': 1}
khalu,1,1,{'PART': 1}
starīman,1,1,{'NOUN': 1}
sādha,1,1,{'NOUN': 1}
ṛkva,1,1,{'ADJ': 1}
susanitā,1,1,{'NOUN': 1}
sanitvan,1,1,{'ADJ': 1}
adharāttāt,1,1,{'ADV': 1}
vās,1,1,{'VERB': 1}
heḍay,1,1,{'VERB': 1}
prayuti,1,1,{'NOUN': 1}
vikhāda,1,1,{'NOUN': 1}
svavṛj,1,1,{'ADJ': 1}
apama,1,1,{'ADJ': 1}
asajātya,1,1,{'ADJ': 1}
suṣuti,1,1,{'NOUN': 1}
ṛśyada,1,1,{'NOUN': 1}
omanvat,1,1,{'ADJ': 1}
devara,1,1,{'NOUN': 1}
mṛgaṇyu,1,1,{'ADJ': 1}
naśāy,1,1,{'VERB': 1}
makṣā,1,1,{'NOUN': 1}
uparch,1,1,{'VERB': 1}
rarāvan,1,1,{'ADJ': 1}
kanīnaka,1,1,{'NOUN': 1}
nivanā,1,1,{'ADV': 1}
may,1,1,{'VERB': 1}
retin,1,1,{'ADJ': 1}
sthāṇu,1,1,{'NOUN': 1}
hotṛmat,1,1,{'ADJ': 1}
madhupeya,1,1,{'NOUN': 1}
lāya,1,1,{'NOUN': 1}
doha,1,1,{'NOUN': 1}
śiśaya,1,1,{'ADJ': 1}
mamasatya,1,1,{'NOUN': 1}
svaṣṭra,1,1,{'ADJ': 1}
śamba,1,1,{'NOUN': 1}
kāla,1,1,{'NOUN': 1}
devana,1,1,{'NOUN': 1}
pratvakṣ,1,1,{'VERB': 1}
suṣṭhāman,1,1,{'ADJ': 1}
droṇasāc,1,1,{'ADJ': 1}
kenipa,1,1,{'NOUN': 1}
īrma,1,1,{'ADV': 1}
kepi,1,1,{'ADJ': 1}
duryuj,1,1,{'ADJ': 1}
dvitīyam,1,1,{'ADV': 1}
tṛtīyam,1,1,{'ADV': 1}
ajasram,1,1,{'ADV': 1}
traya,1,1,{'NOUN': 1}
udāra,1,1,{'ADJ': 1}
prārpaṇa,1,1,{'NOUN': 1}
uśija,1,1,{'NOUN': 1}
nṛṣadvan,1,1,{'ADJ': 1}
vaibhūvasa,1,1,{'NOUN': 1}
vipodhā,1,1,{'ADJ': 1}
saptagu,1,1,{'ADJ': 1}
vanīvan,1,1,{'ADJ': 1}
khala,1,1,{'NOUN': 1}
parṣa,1,1,{'NOUN': 1}
guṅgu,1,1,{'NOUN': 1}
śnathitṛ,1,1,{'NOUN': 1}
smadibha,1,1,{'NOUN': 1}
namra,1,1,{'ADJ': 1}
paḍgṛbhi,1,1,{'NOUN': 1}
bṛhadratha,1,1,{'NOUN': 1}
nahuṣṭara,1,1,{'NOUN': 1}
praśrāvay,1,1,{'VERB': 1}
vakṣay,1,1,{'VERB': 1}
viśvābhū,1,1,{'NOUN': 1}
vājakṛtya,1,1,{'NOUN': 1}
āsurya,1,1,{'ADJ': 1}
yajñavanas,1,1,{'ADJ': 1}
omātrā,1,1,{'NOUN': 1}
ulba,1,1,{'NOUN': 1}
āviṣṭ,1,1,{'VERB': 1}
antaruṣya,1,1,{'NOUN': 1}
araṃkṛ,1,1,{'VERB': 1}
kṣepnu,1,1,{'NOUN': 1}
cāpa,1,1,{'NOUN': 1}
ādhvaryava,1,1,{'NOUN': 1}
kis,1,1,{'ADV': 1}
apamlukta,1,1,{'ADJ': 1}
kṛcchra,1,1,{'NOUN': 1}
ūrjād,1,1,{'ADJ': 1}
jogū,1,1,{'ADJ': 1}
akṣānah,1,1,{'ADJ': 1}
aṣṭāvandhura,1,1,{'ADJ': 1}
aśmanvat,1,1,{'ADJ': 1}
siṣāsani,1,1,{'ADJ': 1}
jiti,1,1,{'NOUN': 1}
yuddha,1,1,{'NOUN': 1}
ājñātṛ,1,1,{'NOUN': 1}
vidhu,1,1,{'NOUN': 1}
śākman,1,1,{'NOUN': 1}
anīḍa,1,1,{'ADJ': 1}
ṛtekarmam,1,1,{'ADV': 1}
saṃveśana,1,1,{'NOUN': 1}
suvena,1,1,{'ADJ': 1}
prasāray,1,1,{'VERB': 1}
dvidhā,1,1,{'ADV': 1}
nārāśaṃsa,1,1,{'ADJ': 1}
dvaka,1,1,{'ADJ': 1}
trika,1,1,{'ADJ': 1}
ekaka,1,1,{'ADJ': 1}
uśīnarāṇī,1,1,{'NOUN': 1}
māhīna,1,1,{'NOUN': 1}
niyayin,1,1,{'ADJ': 1}
bhajeratha,1,1,{'NOUN': 1}
atiṣṭhā,1,1,{'VERB': 1}
ikṣvāku,1,1,{'NOUN': 1}
marāyin,1,1,{'NOUN': 1}
rathaproṣṭha,1,1,{'NOUN': 1}
nadh,1,1,{'NOUN': 1}
prasarpaṇa,1,1,{'NOUN': 1}
bhagavattara,1,1,{'ADJ': 1}
abhimarśana,1,1,{'NOUN': 1}
maṃhaneṣṭhā,1,1,{'ADJ': 1}
gūrtavacastama,1,1,{'ADJ': 1}
āśrī,1,1,{'VERB': 1}
asmṛtadhru,1,1,{'ADJ': 1}
vīrakarma,1,1,{'NOUN': 1}
apoh,1,1,{'VERB': 1}
anubhṛ,1,1,{'VERB': 1}
manānaś,1,1,{'ADJ': 1}
pariṣadvan,1,1,{'ADJ': 1}
bibhits,1,1,{'VERB': 1}
saṃgranth,1,1,{'VERB': 1}
arcimat,1,1,{'ADJ': 1}
hitaprayas,1,1,{'ADJ': 1}
vaitaraṇa,1,1,{'NOUN': 1}
sabardhu,1,1,{'ADJ': 1}
nābhānediṣṭha,1,1,{'NOUN': 1}
katitha,1,1,{'ADJ': 1}
dvija,1,1,{'NOUN': 1}
vaneṣah,1,1,{'ADJ': 1}
āśvaghna,1,1,{'NOUN': 1}
jaraṇyu,1,1,{'ADJ': 1}
viśvatra,1,1,{'ADV': 1}
parivatsara,1,1,{'NOUN': 1}
suprajāstva,1,1,{'NOUN': 1}
subrahmaṇya,1,1,{'NOUN': 1}
aṣṭakarṇī,1,1,{'NOUN': 1}
tokman,1,1,{'NOUN': 1}
sāvarṇya,1,1,{'NOUN': 1}
turva,1,1,{'NOUN': 1}
sāvarṇi,1,1,{'NOUN': 1}
adribarhas,1,1,{'ADJ': 1}
vṛṣabhara,1,1,{'ADJ': 1}
akṛta,1,1,{'ADJ': 1}
asravat,1,1,{'ADJ': 1}
ariṣyat,1,1,{'ADJ': 1}
rekṇasvat,1,1,{'ADJ': 1}
sacit,1,1,{'ADJ': 1}
sasra,1,1,{'ADJ': 1}
sūdayitnu,1,1,{'ADJ': 1}
apsava,1,1,{'ADJ': 1}
sumitrya,1,1,{'ADJ': 1}
nādhas,1,1,{'NOUN': 1}
vratanī,1,1,{'ADJ': 1}
avāratas,1,1,{'ADV': 1}
pūrvajāvan,1,1,{'ADJ': 1}
kamadyū,1,1,{'NOUN': 1}
pāvīravī,1,1,{'NOUN': 1}
niṣkṛt,1,1,{'ADJ': 1}
vanina,1,1,{'NOUN': 1}
vātāparjanya,1,1,{'NOUN': 1}
prativeśa,1,1,{'ADJ': 1}
nahana,1,1,{'NOUN': 1}
iṣaṇay,1,1,{'VERB': 1}
mithoavadyapa,1,1,{'ADJ': 1}
bhraj,1,1,{'NOUN': 1}
sādhvarya,1,1,{'ADJ': 1}
atithin,1,1,{'ADJ': 1}
vitṛ,1,1,{'VERB': 1}
sthivi,1,1,{'NOUN': 1}
āpruṣāy,1,1,{'VERB': 1}
avakṣip,1,1,{'VERB': 1}
uddhṛ,1,1,{'VERB': 1}
śīpāla,1,1,{'NOUN': 1}
anumṛś,1,1,{'VERB': 1}
virava,1,1,{'NOUN': 1}
majjan,1,1,{'NOUN': 1}
apunar,1,1,{'ADV': 1}
medana,1,1,{'NOUN': 1}
ajrya,1,1,{'ADJ': 1}
parvatya,1,1,{'ADJ': 1}
sabarduh,1,1,{'ADJ': 1}
vijāmi,1,1,{'NOUN': 1}
miyedhas,1,1,{'NOUN': 1}
drāghman,1,1,{'NOUN': 1}
ghṛtapadī,1,1,{'NOUN': 1}
nāmadheya,1,1,{'NOUN': 1}
preman,1,1,{'NOUN': 1}
saktu,1,1,{'NOUN': 1}
titau,1,1,{'NOUN': 1}
lakṣmī,1,1,{'NOUN': 1}
padavīya,1,1,{'NOUN': 1}
sthirapīta,1,1,{'ADJ': 1}
puṣpa,1,1,{'NOUN': 1}
sacivid,1,1,{'ADJ': 1}
karṇavat,1,1,{'ADJ': 1}
ādaghna,1,1,{'ADJ': 1}
upakakṣa,1,1,{'ADJ': 1}
saṃyaj,1,1,{'VERB': 1}
ohabrahman,1,1,{'NOUN': 1}
sutekara,1,1,{'ADJ': 1}
abhipad,1,1,{'VERB': 1}
sirī,1,1,{'NOUN': 1}
tantra,1,1,{'NOUN': 1}
prajajñi,1,1,{'ADJ': 1}
nand,1,1,{'VERB': 1}
sabhāsāha,1,1,{'NOUN': 1}
pituṣaṇi,1,1,{'ADJ': 1}
poṣam,1,1,{'ADV': 1}
karmāra,1,1,{'NOUN': 1}
ādham,1,1,{'VERB': 1}
abhimāna,1,1,{'NOUN': 1}
dhaniṣṭha,1,1,{'ADJ': 1}
vasāvī,1,1,{'NOUN': 1}
tamra,1,1,{'ADJ': 1}
vimāya,1,1,{'ADJ': 1}
uparibudhna,1,1,{'ADJ': 1}
atisā,1,1,{'VERB': 1}
suśruṇa,1,1,{'ADJ': 1}
kṛpaṇ,1,1,{'VERB': 1}
gomanta,1,1,{'NOUN': 1}
titṛd,1,1,{'VERB': 1}
sakṛtsū,1,1,{'NOUN': 1}
purāṣah,1,1,{'ADJ': 1}
sṛtvara,1,1,{'ADJ': 1}
gaṅgā,1,1,{'NOUN': 1}
marudvṛdhā,1,1,{'NOUN': 1}
vitastā,1,1,{'NOUN': 1}
ārjīkīyā,1,1,{'NOUN': 1}
tṛṣṭāmā,1,1,{'NOUN': 1}
susartu,1,1,{'NOUN': 1}
śvetyā,1,1,{'NOUN': 1}
mehatnū,1,1,{'NOUN': 1}
sīlamāvatī,1,1,{'NOUN': 1}
madhuvṛdh,1,1,{'ADJ': 1}
amavattara,1,1,{'ADJ': 1}
āśvapastara,1,1,{'ADJ': 1}
somarabhastara,1,1,{'ADJ': 1}
pitukṛttara,1,1,{'ADJ': 1}
divit,1,1,{'ADJ': 1}
abhrapruṣ,1,1,{'NOUN': 1}
pājasvat,1,1,{'ADJ': 1}
vithury,1,1,{'VERB': 1}
śrathary,1,1,{'VERB': 1}
paripruṣ,1,1,{'ADJ': 1}
adhvareṣṭhā,1,1,{'ADJ': 1}
prajñātṛ,1,1,{'ADJ': 1}
varmaṇvat,1,1,{'ADJ': 1}
śiśūla,1,1,{'NOUN': 1}
śubhaṃyu,1,1,{'ADJ': 1}
gāndharva,1,1,{'ADJ': 1}
prathamacchad,1,1,{'ADJ': 1}
adhiṣṭhāna,1,1,{'NOUN': 1}
ārambhaṇa,1,1,{'NOUN': 1}
viśvatobāhu,1,1,{'ADJ': 1}
viśvataspād,1,1,{'ADJ': 1}
patatra,1,1,{'NOUN': 1}
nāmadhā,1,1,{'NOUN': 1}
sampraśna,1,1,{'NOUN': 1}
bhūnā,1,1,{'NOUN': 1}
asūrta,1,1,{'ADJ': 1}
sūrta,1,1,{'ADJ': 1}
saṃkṛ,1,1,{'VERB': 1}
nīhāra,1,1,{'NOUN': 1}
svayaṃbhū,1,1,{'ADJ': 1}
abhimātiṣāha,1,1,{'ADJ': 1}
sahāva,1,1,{'ADJ': 1}
vijaya,1,1,{'NOUN': 1}
vijeṣa,1,1,{'NOUN': 1}
anavabrava,1,1,{'ADJ': 1}
ābhūti,1,1,{'NOUN': 1}
sahajā,1,1,{'ADJ': 1}
lī,1,1,{'VERB': 1}
balin,1,1,{'ADJ': 1}
ācchad,1,1,{'NOUN': 1}
bārhata,1,1,{'ADJ': 1}
raibhī,1,1,{'NOUN': 1}
nārāśaṃsī,1,1,{'NOUN': 1}
nyocanī,1,1,{'NOUN': 1}
upabarhaṇa,1,1,{'NOUN': 1}
cákṣu,1,1,{'NOUN': 1}
pratidhi,1,1,{'NOUN': 1}
kurīra,1,1,{'NOUN': 1}
purogava,1,1,{'NOUN': 1}
chadis,1,1,{'NOUN': 1}
śrotra,1,1,{'NOUN': 1}
acara,1,1,{'ADJ': 1}
vyāna,1,1,{'NOUN': 1}
āhan,1,1,{'VERB': 1}
manasmaya,1,1,{'ADJ': 1}
aghā,1,1,{'NOUN': 1}
addhāti,1,1,{'NOUN': 1}
kiṃśuka,1,1,{'NOUN': 1}
pativat,1,1,{'ADJ': 1}
prapharvī,1,1,{'NOUN': 1}
suyama,1,1,{'ADJ': 1}
lohita,1,1,{'ADJ': 1}
āsakti,1,1,{'NOUN': 1}
śāmulya,1,1,{'NOUN': 1}
pāpā,1,1,{'NOUN': 1}
abhidhits,1,1,{'VERB': 1}
same,1,1,{'VERB': 1}
saubhāgya,1,1,{'NOUN': 1}
kaṭuka,1,1,{'ADJ': 1}
apāṣṭhavat,1,1,{'ADJ': 1}
viṣavat,1,1,{'ADJ': 1}
vādhūya,1,1,{'NOUN': 1}
āśasana,1,1,{'NOUN': 1}
viśasana,1,1,{'NOUN': 1}
adhivikartana,1,1,{'NOUN': 1}
ājarasāya,1,1,{'ADV': 1}
adurmaṅgala,1,1,{'ADJ': 1}
aghora,1,1,{'ADJ': 1}
vīrasū,1,1,{'NOUN': 1}
nanāndṛ,1,1,{'NOUN': 1}
devṛ,1,1,{'NOUN': 1}
deṣṭrī,1,1,{'NOUN': 1}
jabh,1,1,{'VERB': 1}
varāhayu,1,1,{'ADJ': 1}
kapi,1,1,{'NOUN': 1}
subhasattara,1,1,{'ADJ': 1}
suyāśutara,1,1,{'ADJ': 1}
praticyavīyas,1,1,{'ADJ': 1}
udyamīyas,1,1,{'ADJ': 1}
uve,1,1,{'ADV': 1}
sulābhikā,1,1,{'NOUN': 1}
bhasad,1,1,{'NOUN': 1}
pṛthuṣṭu,1,1,{'ADJ': 1}
śarāru,1,1,{'ADJ': 1}
saṃhotra,1,1,{'NOUN': 1}
vāva,1,1,{'PART': 1}
vṛṣākapāyī,1,1,{'NOUN': 1}
revatī,1,1,{'NOUN': 1}
snuṣā,1,1,{'NOUN': 1}
kācitkara,1,1,{'ADJ': 1}
mantha,1,1,{'NOUN': 1}
bhāvayu,1,1,{'ADJ': 1}
parasvant,1,1,{'NOUN': 1}
vicākaśat,1,1,{'ADJ': 1}
pākasutvan,1,1,{'ADJ': 1}
svapnanaṃśana,1,1,{'ADJ': 1}
yopana,1,1,{'NOUN': 1}
bhala,1,1,{'ADV': 1}
prathiṣṭha,1,1,{'ADJ': 1}
saṃnam,1,1,{'VERB': 1}
śalya,1,1,{'NOUN': 1}
kraviṣṇu,1,1,{'ADJ': 1}
kṣviṅkā,1,1,{'NOUN': 1}
sphūrjay,1,1,{'VERB': 1}
samakṣa,1,1,{'ADJ': 1}
dhūrvat,1,1,{'ADJ': 1}
śapatha,1,1,{'NOUN': 1}
vācāstena,1,1,{'ADJ': 1}
saṃvatsarīṇa,1,1,{'ADJ': 1}
titṛps,1,1,{'VERB': 1}
anudah,1,1,{'VERB': 1}
sahamūra,1,1,{'ADJ': 1}
itvara,1,1,{'ADJ': 1}
dṛśenya,1,1,{'ADJ': 1}
diviyoni,1,1,{'ADJ': 1}
āditeya,1,1,{'NOUN': 1}
upaspij,1,1,{'NOUN': 1}
yāvanmātra,1,1,{'ADJ': 1}
atiṣṭhat,1,1,{'ADJ': 1}
apasya,1,1,{'ADJ': 1}
sagara,1,1,{'NOUN': 1}
āpāntamanyu,1,1,{'ADJ': 1}
śarumat,1,1,{'ADJ': 1}
droghamitra,1,1,{'NOUN': 1}
cetyā,1,1,{'NOUN': 1}
mitrakrū,1,1,{'NOUN': 1}
āpṛk,1,1,{'ADV': 1}
ogaṇa,1,1,{'ADJ': 1}
aṅgula,1,1,{'NOUN': 1}
atiruh,1,1,{'VERB': 1}
aśana,1,1,{'NOUN': 1}
anaśana,1,1,{'NOUN': 1}
grīṣma,1,1,{'NOUN': 1}
prokṣ,1,1,{'VERB': 1}
agratas,1,1,{'ADV': 1}
pṛṣadājya,1,1,{'NOUN': 1}
vāyavya,1,1,{'ADJ': 1}
āraṇya,1,1,{'ADJ': 1}
grāmya,1,1,{'ADJ': 1}
rājanya,1,1,{'NOUN': 1}
vaiśya,1,1,{'NOUN': 1}
śūdra,1,1,{'NOUN': 1}
cakṣu,1,1,{'NOUN': 1}
īti,1,1,{'NOUN': 1}
upadhū,1,1,{'VERB': 1}
paribhūtama,1,1,{'ADJ': 1}
nispṛś,1,1,{'VERB': 1}
kīlāla,1,1,{'NOUN': 1}
yaśasa,1,1,{'NOUN': 1}
hariṇī,1,1,{'NOUN': 1}
yayin,1,1,{'ADJ': 1}
nīḍi,1,1,{'NOUN': 1}
nikāman,1,1,{'ADJ': 1}
divikṣit,1,1,{'ADJ': 1}
adhikṣit,1,1,{'NOUN': 1}
irajyu,1,1,{'ADJ': 1}
vedatā,1,1,{'NOUN': 1}
duḥśīma,1,1,{'NOUN': 1}
pṛthavāna,1,1,{'NOUN': 1}
viśrāvin,1,1,{'ADJ': 1}
pārthya,1,1,{'NOUN': 1}
māyava,1,1,{'NOUN': 1}
ūṅkhay,1,1,{'VERB': 1}
ākhara,1,1,{'NOUN': 1}
sūryaśvit,1,1,{'ADJ': 1}
samāyam,1,1,{'VERB': 1}
prothatha,1,1,{'NOUN': 1}
ādhāna,1,1,{'NOUN': 1}
somād,1,1,{'ADJ': 1}
raivatī,1,1,{'NOUN': 1}
tṛdila,1,1,{'ADJ': 1}
atṛdila,1,1,{'ADJ': 1}
aśramaṇa,1,1,{'ADJ': 1}
aśṛthita,1,1,{'ADJ': 1}
amaviṣṇu,1,1,{'ADJ': 1}
atṛṣita,1,1,{'ADJ': 1}
atṛṣṇaj,1,1,{'ADJ': 1}
haridru,1,1,{'ADJ': 1}
dhānyākṛt,1,1,{'NOUN': 1}
miśra,1,1,{'ADJ': 1}
anudita,1,1,{'ADJ': 1}
paratara,1,1,{'ADJ': 1}
durāpana,1,1,{'ADJ': 1}
antigṛha,1,1,{'NOUN': 1}
sujūrṇi,1,1,{'ADJ': 1}
sumnaāpi,1,1,{'ADJ': 1}
hradecakṣus,1,1,{'NOUN': 1}
granthin,1,1,{'ADJ': 1}
caraṇyu,1,1,{'ADJ': 1}
niṣev,1,1,{'VERB': 1}
nispṛh,1,1,{'ADJ': 1}
āti,1,1,{'NOUN': 1}
dandaś,1,1,{'VERB': 1}
gopīthya,1,1,{'NOUN': 1}
abhuj,1,1,{'ADJ': 1}
sudeva,1,1,{'NOUN': 1}
prapat,1,1,{'VERB': 1}
anāvṛt,1,1,{'ADJ': 1}
straiṇa,1,1,{'ADJ': 1}
aiḍa,1,1,{'NOUN': 1}
svarga,1,1,{'NOUN': 1}
harimanyusāyaka,1,1,{'ADJ': 1}
sahasraśokas,1,1,{'ADJ': 1}
harimbhara,1,1,{'ADJ': 1}
śmaśāru,1,1,{'NOUN': 1}
turaspeya,1,1,{'NOUN': 1}
vipat,1,1,{'VERB': 1}
ūṇi,1,1,{'NOUN': 1}
puṣpavat,1,1,{'ADJ': 1}
prasūvan,1,1,{'ADJ': 1}
pārayiṣṇu,1,1,{'ADJ': 1}
rakṣohan,1,1,{'NOUN': 1}
somāvat,1,1,{'ADJ': 1}
udojas,1,1,{'ADJ': 1}
iṣkṛti,1,1,{'NOUN': 1}
āmay,1,1,{'VERB': 1}
prasṛp,1,1,{'VERB': 1}
madhyamaśī,1,1,{'ADJ': 1}
cāṣa,1,1,{'NOUN': 1}
kikidīvi,1,1,{'NOUN': 1}
nihākā,1,1,{'NOUN': 1}
phalin,1,1,{'ADJ': 1}
aphala,1,1,{'ADJ': 1}
apuṣpa,1,1,{'ADJ': 1}
śapathya,1,1,{'ADJ': 1}
varuṇya,1,1,{'ADJ': 1}
avapat,1,1,{'VERB': 1}
khanitṛ,1,1,{'ADJ': 1}
parāgam,1,1,{'VERB': 1}
preṣay,1,1,{'VERB': 1}
mṛkṣiṇī,1,1,{'NOUN': 1}
aulāna,1,1,{'NOUN': 1}
pṛthugman,1,1,{'ADJ': 1}
apaduṣpad,1,1,{'ADJ': 1}
śatadura,1,1,{'NOUN': 1}
pradhanya,1,1,{'ADJ': 1}
sasri,1,1,{'ADJ': 1}
droṇī,1,1,{'NOUN': 1}
āreavadya,1,1,{'ADJ': 1}
vivavri,1,1,{'ADJ': 1}
tuvīrava,1,1,{'ADJ': 1}
damany,1,1,{'VERB': 1}
ayoagra,1,1,{'ADJ': 1}
ūrdhvasāna,1,1,{'ADJ': 1}
udany,1,1,{'VERB': 1}
ayopāṣṭi,1,1,{'ADJ': 1}
kṛpaṇa,1,1,{'NOUN': 1}
vamraka,1,1,{'NOUN': 1}
pākavat,1,1,{'ADV': 1}
mitradhita,1,1,{'NOUN': 1}
kratuprāvan,1,1,{'ADJ': 1}
sikti,1,1,{'NOUN': 1}
jaraṇi,1,1,{'NOUN': 1}
tūtūrṣ,1,1,{'VERB': 1}
paraṇa,1,1,{'ADJ': 1}
sumnayā,1,1,{'ADV': 1}
suṣeka,1,1,{'ADJ': 1}
suṣecana,1,1,{'ADJ': 1}
āpibd,1,1,{'VERB': 1}
khud,1,1,{'VERB': 1}
niṣṭigrī,1,1,{'NOUN': 1}
mithūkṛt,1,1,{'ADJ': 1}
indrasenā,1,1,{'NOUN': 1}
kūṭa,1,1,{'NOUN': 1}
mehay,1,1,{'VERB': 1}
kakardu,1,1,{'NOUN': 1}
vāvac,1,1,{'VERB': 1}
niṣpad,1,1,{'NOUN': 1}
upayuj,1,1,{'VERB': 1}
kakudmant,1,1,{'NOUN': 1}
aṣṭrāvin,1,1,{'ADJ': 1}
ānah,1,1,{'VERB': 1}
yuñja,1,1,{'NOUN': 1}
drughaṇa,1,1,{'NOUN': 1}
pradediś,1,1,{'VERB': 1}
kūcakra,1,1,{'NOUN': 1}
eṣaiṣya,1,1,{'ADJ': 1}
sinavat,1,1,{'ADJ': 1}
ghanāghana,1,1,{'ADJ': 1}
kṣobhaṇa,1,1,{'ADJ': 1}
yutkāra,1,1,{'ADJ': 1}
saṃsraṣṭṛ,1,1,{'ADJ': 1}
bāhuśardhin,1,1,{'ADJ': 1}
apabādh,1,1,{'VERB': 1}
prabhañj,1,1,{'VERB': 1}
pramṛṇa,1,1,{'ADJ': 1}
pravīra,1,1,{'NOUN': 1}
abhivīra,1,1,{'ADJ': 1}
abhisatvan,1,1,{'NOUN': 1}
adaya,1,1,{'ADJ': 1}
śatamanyu,1,1,{'NOUN': 1}
ayudhya,1,1,{'ADJ': 1}
abhibhañj,1,1,{'VERB': 1}
mahāmanas,1,1,{'ADJ': 1}
bhuvanacyava,1,1,{'ADJ': 1}
dharṣay,1,1,{'VERB': 1}
pratilobhay,1,1,{'VERB': 1}
apvā,1,1,{'NOUN': 1}
suṣṭu,1,1,{'ADJ': 1}
suteraṇa,1,1,{'ADJ': 1}
namasyā,1,1,{'NOUN': 1}
vīreṇya,1,1,{'ADJ': 1}
śmaśā,1,1,{'NOUN': 1}
pāpaja,1,1,{'ADJ': 1}
upānasa,1,1,{'ADJ': 1}
keśavat,1,1,{'ADJ': 1}
śipriṇīvat,1,1,{'ADJ': 1}
hirīmaśa,1,1,{'ADJ': 1}
hirīmat,1,1,{'ADJ': 1}
anṛc,1,1,{'ADJ': 1}
tretinī,1,1,{'NOUN': 1}
taṃsay,1,1,{'VERB': 1}
uṣṭṛ,1,1,{'NOUN': 1}
pharvara,1,1,{'NOUN': 1}
prāyoga,1,1,{'ADJ': 1}
sākaṃyuj,1,1,{'ADJ': 1}
turī,1,1,{'NOUN': 1}
śimbāta,1,1,{'ADJ': 1}
śatarā,1,1,{'NOUN': 1}
ucca,1,1,{'ADJ': 1}
gharmyeṣṭhā,1,1,{'ADJ': 1}
saparyā,1,1,{'NOUN': 1}
jarbhari,1,1,{'ADJ': 1}
naitośa,1,1,{'ADJ': 1}
parpharīka,1,1,{'NOUN': 1}
jeman,1,1,{'ADJ': 1}
maderu,1,1,{'ADJ': 1}
carcara,1,1,{'ADJ': 1}
kharamajra,1,1,{'ADJ': 1}
kharajru,1,1,{'ADJ': 1}
saneru,1,1,{'ADJ': 1}
cacara,1,1,{'ADJ': 1}
manaṛṅga,1,1,{'ADJ': 1}
mananya,1,1,{'ADJ': 1}
gambhara,1,1,{'NOUN': 1}
āraṅgara,1,1,{'NOUN': 1}
kīnāra,1,1,{'NOUN': 1}
āsvid,1,1,{'VERB': 1}
kṣāma,1,1,{'ADJ': 1}
bhūtāṃśa,1,1,{'NOUN': 1}
āvī,1,1,{'VERB': 1}
antaḥpeya,1,1,{'NOUN': 1}
suṣṭhuvāh,1,1,{'ADJ': 1}
samanīka,1,1,{'NOUN': 1}
jaguri,1,1,{'ADJ': 1}
asmehiti,1,1,{'NOUN': 1}
atiṣkad,1,1,{'NOUN': 1}
kīdṛś,1,1,{'ADJ': 1}
dṛśīkā,1,1,{'NOUN': 1}
asenya,1,1,{'ADJ': 1}
aniṣavya,1,1,{'ADJ': 1}
ubhayā,1,1,{'ADV': 1}
prabādh,1,1,{'VERB': 1}
hara,1,1,{'ADJ': 1}
anvartitṛ,1,1,{'NOUN': 1}
ādhi,1,1,{'NOUN': 1}
durdhā,1,1,{'NOUN': 1}
brahmacārin,1,1,{'NOUN': 1}
nikilbiṣa,1,1,{'NOUN': 1}
sujihva,1,1,{'NOUN': 1}
girvaṇasyu,1,1,{'ADJ': 1}
gārṣṭeya,1,1,{'ADJ': 1}
kambhana,1,1,{'NOUN': 1}
skabhīyas,1,1,{'ADJ': 1}
dhṛṣṇa,1,1,{'NOUN': 1}
mumukṣ,1,1,{'VERB': 1}
nitikta,1,1,{'ADJ': 1}
haritvat,1,1,{'ADJ': 1}
sparśay,1,1,{'VERB': 1}
abhihary,1,1,{'VERB': 1}
vasupati,1,1,{'NOUN': 1}
dhvaṃs,1,1,{'VERB': 1}
śraddhāmanasyā,1,1,{'ADV': 1}
sahasāman,1,1,{'ADJ': 1}
graha,1,1,{'NOUN': 1}
ṣaṭtriṃśa,1,1,{'ADJ': 1}
ādvādaśam,1,1,{'ADV': 1}
caturdaśan,1,1,{'ADJ': 1}
āpnāna,1,1,{'NOUN': 1}
anūdhas,1,1,{'NOUN': 1}
abhipramur,1,1,{'ADJ': 1}
pravap,1,1,{'VERB': 1}
sarajat,1,1,{'ADJ': 1}
dhakṣu,1,1,{'ADJ': 1}
anudra,1,1,{'ADJ': 1}
mahintama,1,1,{'ADJ': 1}
vṛṣṭihavya,1,1,{'NOUN': 1}
aruśa,1,1,{'ADJ': 1}
bhrāśay,1,1,{'VERB': 1}
bhrāśya,1,1,{'ADJ': 1}
vigada,1,1,{'NOUN': 1}
annavat,1,1,{'ADJ': 1}
raphita,1,1,{'ADJ': 1}
sev,1,1,{'VERB': 1}
gṛhu,1,1,{'NOUN': 1}
yāmahūti,1,1,{'NOUN': 1}
ādin,1,1,{'ADJ': 1}
tripād,1,1,{'NOUN': 1}
saṃmātṛ,1,1,{'ADJ': 1}
oṣam,1,1,{'ADV': 1}
abhinabhyam,1,1,{'ADV': 1}
udīṣ,1,1,{'VERB': 1}
yudhenya,1,1,{'ADJ': 1}
stuṣeyya,1,1,{'ADJ': 1}
mātaribhvarī,1,1,{'NOUN': 1}
himavant,1,1,{'NOUN': 1}
īkṣ,1,1,{'VERB': 1}
sukratūy,1,1,{'VERB': 1}
mahayāyya,1,1,{'NOUN': 1}
nimṛj,1,1,{'VERB': 1}
rāyaspoṣa,1,1,{'NOUN': 1}
upasmi,1,1,{'VERB': 1}
pracatā,1,1,{'ADV': 1}
ayajñiya,1,1,{'ADJ': 1}
paryāvṛt,1,1,{'VERB': 1}
nirmāya,1,1,{'ADJ': 1}
vivic,1,1,{'VERB': 1}
ādhipatya,1,1,{'NOUN': 1}
prakāśa,1,1,{'NOUN': 1}
āsañj,1,1,{'VERB': 1}
carcar,1,1,{'VERB': 1}
viśvadeva,1,1,{'NOUN': 1}
suprāvī,1,1,{'ADJ': 1}
āveśay,1,1,{'VERB': 1}
śraddhiva,1,1,{'ADJ': 1}
nayiṣṭha,1,1,{'ADJ': 1}
parṣiṣṭha,1,1,{'ADJ': 1}
sutara,1,1,{'ADJ': 1}
pepiś,1,1,{'VERB': 1}
pratinud,1,1,{'VERB': 1}
uparispṛś,1,1,{'ADJ': 1}
cettṛ,1,1,{'ADJ': 1}
adhirāj,1,1,{'NOUN': 1}
tadānīm,1,1,{'ADV': 1}
ambhas,1,1,{'NOUN': 1}
tarhi,1,1,{'ADV': 1}
pratīṣ,1,1,{'VERB': 1}
tiraścīna,1,1,{'ADJ': 1}
devakarma,1,1,{'NOUN': 1}
tasara,1,1,{'NOUN': 1}
sayugvan,1,1,{'ADJ': 1}
mahasvat,1,1,{'ADJ': 1}
anudṛś,1,1,{'VERB': 1}
anvālabh,1,1,{'VERB': 1}
namovṛkti,1,1,{'NOUN': 1}
sthūri,1,1,{'NOUN': 1}
gūrtāvasu,1,1,{'ADJ': 1}
iṣitatvatā,1,1,{'ADV': 1}
antakadruh,1,1,{'NOUN': 1}
śakapūta,1,1,{'NOUN': 1}
apnarāj,1,1,{'ADJ': 1}
kaṇūkay,1,1,{'VERB': 1}
sumedha,1,1,{'NOUN': 1}
vṛkāyu,1,1,{'ADJ': 1}
vibādha,1,1,{'NOUN': 1}
sakhitva,1,1,{'NOUN': 1}
durhaṇāy,1,1,{'VERB': 1}
viśvaścandra,1,1,{'ADJ': 1}
mantraśrutya,1,1,{'NOUN': 1}
sampā,1,1,{'VERB': 1}
anuven,1,1,{'VERB': 1}
asūy,1,1,{'VERB': 1}
ekeṣa,1,1,{'ADJ': 1}
apaśyat,1,1,{'ADJ': 1}
pravartay,1,1,{'VERB': 1}
pravṛt,1,1,{'VERB': 1}
nirayaṇa,1,1,{'NOUN': 1}
nāḍī,1,1,{'NOUN': 1}
mala,1,1,{'NOUN': 1}
unmaday,1,1,{'VERB': 1}
mauneya,1,1,{'NOUN': 1}
saukṛtya,1,1,{'NOUN': 1}
upamath,1,1,{'VERB': 1}
kunannama,1,1,{'ADJ': 1}
jīvay,1,1,{'VERB': 1}
purogavī,1,1,{'NOUN': 1}
anāmayitnu,1,1,{'ADJ': 1}
daṃsay,1,1,{'VERB': 1}
śvañcay,1,1,{'VERB': 1}
purya,1,1,{'ADJ': 1}
abhiśnath,1,1,{'ADJ': 1}
anvave,1,1,{'VERB': 1}
hiṃsa,1,1,{'ADJ': 1}
pitūy,1,1,{'VERB': 1}
sāci,1,1,{'ADV': 1}
paśupa,1,1,{'NOUN': 1}
ulapa,1,1,{'NOUN': 1}
vaptṛ,1,1,{'NOUN': 1}
anumarmṛj,1,1,{'VERB': 1}
puṇḍarīka,1,1,{'NOUN': 1}
balavattama,1,1,{'ADJ': 1}
sahamānā,1,1,{'NOUN': 1}
vṛṣārava,1,1,{'NOUN': 1}
ciccika,1,1,{'NOUN': 1}
āghāṭi,1,1,{'NOUN': 1}
dhāvay,1,1,{'VERB': 1}
śakaṭī,1,1,{'NOUN': 1}
sarj,1,1,{'VERB': 1}
apavadh,1,1,{'VERB': 1}
abhigam,1,1,{'VERB': 1}
yathākāma,1,1,{'ADJ': 1}
kṛṣīvala,1,1,{'NOUN': 1}
medhasāti,1,1,{'NOUN': 1}
dravay,1,1,{'VERB': 1}
askambhana,1,1,{'NOUN': 1}
yūyudhi,1,1,{'NOUN': 1}
hiraṇyastūpa,1,1,{'NOUN': 1}
didās,1,1,{'VERB': 1}
hṛdayya,1,1,{'ADJ': 1}
vimṛdha,1,1,{'ADJ': 1}
abhayaṃkara,1,1,{'ADJ': 1}
jijyās,1,1,{'VERB': 1}
pradhāv,1,1,{'VERB': 1}
kāṇa,1,1,{'ADJ': 1}
vikaṭa,1,1,{'ADJ': 1}
sadānvā,1,1,{'NOUN': 1}
śirimbiṭha,1,1,{'NOUN': 1}
bhrūṇa,1,1,{'NOUN': 1}
udṛṣ,1,1,{'VERB': 1}
plu,1,1,{'VERB': 1}
apūruṣa,1,1,{'ADJ': 1}
durhaṇu,1,1,{'ADJ': 1}
parastara,1,1,{'ADJ': 1}
maṇḍūradhāṇikī,1,1,{'NOUN': 1}
budbuda,1,1,{'NOUN': 1}
vikhyā,1,1,{'VERB': 1}
vidvala,1,1,{'ADJ': 1}
vivācana,1,1,{'ADJ': 1}
upācar,1,1,{'VERB': 1}
saṃjaya,1,1,{'ADJ': 1}
astheyas,1,1,{'ADJ': 1}
abhivayas,1,1,{'ADJ': 1}
sotva,1,1,{'ADJ': 1}
anānudiṣṭa,1,1,{'ADJ': 1}
rājayakṣman,1,1,{'NOUN': 1}
grāhi,1,1,{'NOUN': 1}
hemanta,1,1,{'NOUN': 1}
āhṛ,1,1,{'VERB': 1}
punarnava,1,1,{'ADJ': 1}
niṣatsnu,1,1,{'ADJ': 1}
sarīsṛpa,1,1,{'ADJ': 1}
ārih,1,1,{'VERB': 1}
mohay,1,1,{'VERB': 1}
nāsikā,1,1,{'NOUN': 1}
chubuka,1,1,{'NOUN': 1}
mastiṣka,1,1,{'NOUN': 1}
kīkasā,1,1,{'NOUN': 1}
anūkya,1,1,{'NOUN': 1}
doṣaṇya,1,1,{'ADJ': 1}
gudā,1,1,{'NOUN': 1}
vaniṣṭhu,1,1,{'NOUN': 1}
matasna,1,1,{'NOUN': 1}
yakṛt,1,1,{'NOUN': 1}
plāśi,1,1,{'NOUN': 1}
śroṇi,1,1,{'NOUN': 1}
bhāsada,1,1,{'NOUN': 1}
bhaṃsas,1,1,{'NOUN': 1}
mehana,1,1,{'NOUN': 1}
vanaṃkaraṇa,1,1,{'NOUN': 1}
bahutrā,1,1,{'ADV': 1}
niḥśas,1,1,{'NOUN': 1}
abhiśas,1,1,{'NOUN': 1}
jāgrant,1,1,{'NOUN': 1}
saṃkalpa,1,1,{'NOUN': 1}
āṣṭrī,1,1,{'NOUN': 1}
agnidhāna,1,1,{'NOUN': 1}
praṇoda,1,1,{'NOUN': 1}
saṃyopay,1,1,{'VERB': 1}
patiṣṭha,1,1,{'ADJ': 1}
akṣata,1,1,{'ADJ': 1}
abhiṣṭhā,1,1,{'VERB': 1}
karma,1,1,{'ADJ': 1}
yogakṣema,1,1,{'NOUN': 1}
bhakṣay,1,1,{'VERB': 1}
pīvasvat,1,1,{'ADJ': 1}
yajñapati,1,1,{'NOUN': 1}
vihvṛ,1,1,{'VERB': 1}
bhrāja,1,1,{'ADJ': 1}
viśvadevyāvat,1,1,{'ADJ': 1}
iṭa,1,1,{'NOUN': 1}
āstrabudhna,1,1,{'NOUN': 1}
manasyu,1,1,{'ADJ': 1}
vāñch,1,1,{'VERB': 1}
bhraṃś,1,1,{'VERB': 1}
abhirāṣṭra,1,1,{'ADJ': 1}
ghṛṇīvat,1,1,{'ADJ': 1}
ājohav,1,1,{'VERB': 1}
eti,1,1,{'NOUN': 1}
pareti,1,1,{'NOUN': 1}
kulapā,1,1,{'NOUN': 1}
vrāja,1,1,{'NOUN': 1}
apanud,1,1,{'VERB': 1}
ānuṣṭubha,1,1,{'ADJ': 1}
atidhā,1,1,{'VERB': 1}
tapurmūrdhan,1,1,{'NOUN': 1}
ṛtvya,1,1,{'ADJ': 1}
puṣkarasraj,1,1,{'NOUN': 1}
atiruc,1,1,{'VERB': 1}
apān,1,1,{'VERB': 1}
abhīndh,1,1,{'VERB': 1}
ahorātra,1,1,{'NOUN': 1}
yathāpūrvam,1,1,{'ADV': 1}
